code,name,type,category_name,qty,price_rent,price_sell,purchase_price,color,size,lifetime_gap,status,vendor_id,main_image,notes,is_active
I-01[38],INDO -01 [38],rent,INDOWESTERN,1,,,,GULABI,38,3,available,,,LALABHAI VADU,TRUE
I-02[46],INDO-02 [46],rent,INDOWESTERN,1,,,,GULABI,46,3,available,,,SINH MOR SIMBOL,TRUE
I-03[34],INDO-03 [34],rent,INDOWESTERN,1,,,,PICH,34,3,available,,,JORJET ,TRUE
I-04[36],INDO-04 [36],rent,INDOWESTERN,1,,,,PICH,36,3,available,,,GHODA HARAN WORK VADU,TRUE
I-05[34],INDO-05 [34],rent,INDOWESTERN,1,,,,GULABI,34,3,available,,,LALABHAI VADU,TRUE
I-06[34],INDO-06 [34],rent,INDOWESTERN,1,,,,PICH,34,3,available,,,MULTI NEW MOTI PRINT,TRUE
I-07[42],INDO-07 [42],rent,INDOWESTERN,1,,,,WHITE,42,3,available,,,MULTI KOTHARIYA,TRUE
I-08[36],INDO-08 [36],rent,INDOWESTERN,1,,,,GULABI,36,3,available,,,LAKHNAVI,TRUE
I-09[36],INDO-09 [36],rent,INDOWESTERN,1,,,,GULABI,36,3,available,,,LALABHAI VADU,TRUE
I-10[34],INDO-10 [34],rent,INDOWESTERN,1,,,,MULTI,34,3,available,,,ASPAN CHOKDA VADU,TRUE
I-11[38],INDO-11 [38],rent,INDOWESTERN,1,,,,WHITE,38,3,available,,,DAMAN GULABI WORK VADU,TRUE
I-12[38],INDO-12 [38],rent,INDOWESTERN,1,,,,WHITE,38,3,available,,,RANI GULABI RAJA RANI,TRUE
I-13[34],INDO-13 [34],rent,INDOWESTERN,1,,,,WHITE,34,3,available,,,MAKHHI WORK MARUN DAMAN,TRUE
I-14[38],INDO-14 [38],rent,INDOWESTERN,1,,,,BLUE,38,3,available,,,VELVET PAN VADI MULTI,TRUE
I-15[34],INDO-15 [34],rent,INDOWESTERN,1,,,,RINGANI,34,3,available,,,VELVET MULTI NEW,TRUE
I-16[40],INDO-16 [40],rent,INDOWESTERN,1,,,,OF WHITE,40,3,available,,,ASFUN KERI VADU ,TRUE
I-17,INDO-17 ,rent,INDOWESTERN,1,,,,,,3,available,,,,TRUE
I-18[34],INDO-18 [34],rent,INDOWESTERN,1,,,,GULABI,34,3,available,,,LALABHAI VADU,TRUE
I-19[36],INDO-19 [36],rent,INDOWESTERN,1,,,,GULABI,36,3,available,,,LALABHAI VADU,TRUE
I-20[34],INDO-20 [34],rent,INDOWESTERN,1,,,,FALSA,34,3,available,,,MULTI NEW LINER VADU,TRUE
I-21[40],INDO-21 [40],rent,INDOWESTERN,1,,,,WHITE,40,3,available,,,LAKHNAVI SAME BOTUN SAME FEBRIC,TRUE
I-22[36],INDO-22 [36],rent,INDOWESTERN,1,,,,WHITE,36,3,available,,,LAKHNAVI MARUN TUCHUP,TRUE
I-23[34],INDO-23 [34],rent,INDOWESTERN,1,,,,MULTI,34,3,available,,,BARI VADU TUCHUP,TRUE
I-24[36],INDO-24 [36],rent,INDOWESTERN,1,,,,BLUE,36,3,available,,,MULTI DESIGN,TRUE
I-25[36],INDO-25 [36],rent,INDOWESTERN,1,,,,OF WHITE,36,3,available,,,VELVET HATHI MOR,TRUE
I-26[34],INDO-26 [34],rent,INDOWESTERN,1,,,,BLUE,34,3,available,,,MULTI,TRUE
I-27[40],INDO-27 [40],rent,INDOWESTERN,1,,,,MULTI,40,3,available,,,JORJET BOX VADU,TRUE
I-28[40],INDO-28 [40],rent,INDOWESTERN,1,,,,DUDHIYA,40,3,available,,,DUBLE COLOR SED,TRUE
I-29[36],INDO-29 [36],rent,INDOWESTERN,1,,,,FALSA,36,3,available,,,UBHI LINEENG RAMA TUCHUP,TRUE
I-30[32],INDO-30 [32],rent,INDOWESTERN,1,,,,WHITE,32,3,available,,,KOTHARIYA LINER,TRUE
I-31[40],INDO-31 [40],rent,INDOWESTERN,1,,,,RINGANI,40,3,available,,,VELVET MOTA FLOWER VADU,TRUE
I-32[36],INDO-32 [36],rent,INDOWESTERN,1,,,,,36,3,available,,,JORJET ANIMAL HATHI MOR WORK,TRUE
I-33[34],INDO-33 [34],rent,INDOWESTERN,1,,,,MULTI,34,3,available,,,PICH FALSA PRINT ,TRUE
I-34[34],INDO-34 [34],rent,INDOWESTERN,1,,,,WHITE,34,3,available,,,LALABHAI VADU,TRUE
I-35[38],INDO-35 [38],rent,INDOWESTERN,1,,,,FALSA,38,3,available,,,MULTI RAMA TUCHUP,TRUE
I-36[38],INDO-36 [38],rent,INDOWESTERN,1,,,,DUDHIYA,38,3,available,,,DUBLE COLOR SED,TRUE
I-37[36],INDO-37 [36],rent,INDOWESTERN,1,,,,OF WHITE,36,3,available,,,AKJAGON GREEN MARUN ,TRUE
I-38[38],INDO-38 [38],rent,INDOWESTERN,1,,,,FALSA,38,3,available,,,MULTI RAMA TUCHUP,TRUE
I-39[42],INDO-39 [42],rent,INDOWESTERN,1,,,,MULTI,42,3,available,,,LAKHNAVI BOX FALSA JORJET WORK,TRUE
I-40[3],INDO-40 [34],rent,INDOWESTERN,1,,,,GULABI,3,3,available,,,DUBLE COLOR SED,TRUE
I-41[40],INDO-41 [40],rent,INDOWESTERN,1,,,,GULABI,40,3,available,,,GHODA HARAN WORK VADU,TRUE
I-42[38],INDO-42 [38],rent,INDOWESTERN,1,,,,PISTA,38,3,available,,,GHODA HARAN WORK VADU,TRUE
I-43[40],INDO-43 [40],rent,INDOWESTERN,1,,,,WHITE,40,3,available,,,LAKHNAVI PINK PISTA PANDDI WORK,TRUE
I-44[36],INDO-44 [36],rent,INDOWESTERN,1,,,,PICH,36,3,available,,,GHODA HARAN WORK VADU,TRUE
I-45[34],INDO-45 [34],rent,INDOWESTERN,1,,,,PISTA,34,3,available,,,GHODA HARAN WORK VADU,TRUE
I-46[34],INDO-46 [34],rent,INDOWESTERN,1,,,,CRIME,34,3,available,,,MULTI JORJET NEW,TRUE
I-47[38],INDO-47 [38],rent,INDOWESTERN,1,,,,WHITE,38,3,available,,,CROSS KOTI PATERN MARUN TUCHUP,TRUE
I-48[34],INDO-48 [34],rent,INDOWESTERN,1,,,,MULTI,34,3,available,,,MARIN MIRAR,TRUE
I-49[38],INDO-49 [38],rent,INDOWESTERN,1,,,,MARUN ,38,3,available,,,MIRAR,TRUE
I-50[40],INDO-50 [40],rent,INDOWESTERN,1,,,,GULABI,40,3,available,,,LALABHAI VADU,TRUE
I-51[42],INDO-51 [42],rent,INDOWESTERN,1,,,,GULABI,42,3,available,,,MIRAR,TRUE
I-52[34],INDO-52 [34],rent,INDOWESTERN,1,,,,PICH,34,3,available,,,LAKHNAVI KASAB WORK,TRUE
I-53[40],INDO-53 [40],rent,INDOWESTERN,1,,,,MARUN ,40,3,available,,,LAKHNAVI MIRAR WORK,TRUE
I-54[44],INDO-54 [44],rent,INDOWESTERN,1,,,,WHITE,44,3,available,,,LAKHNAVI BARI TUCHUP,TRUE
I-55[40],INDO-55 ]40],rent,INDOWESTERN,1,,,,,40,3,available,,,VELVET BLUE WHITE DAMAN,TRUE
I-56[36],INDO-56 [36],rent,INDOWESTERN,1,,,,WHITE,36,3,available,,,MOTA HATHI GHODA VADU,TRUE
I-57[42],INDO-57 [42],rent,INDOWESTERN,1,,,,JAMBALI,42,3,available,,,VELVET MULTI 3 FUL VADU,TRUE
I-58[34],INDO-58 [34],rent,INDOWESTERN,1,,,,WHITE,34,3,available,,,VELVET MULTI WORK,TRUE
I-59[38],INDO-59 [38],rent,INDOWESTERN,1,,,,WHITE,38,3,available,,,PINK PISTA PANDDI VADU,TRUE
I-60[34],INDO-60 [34],rent,INDOWESTERN,1,,,,WHITE,34,3,available,,,HEVI HATHI MOTI TUCHUP,TRUE
I-61[36],INDO-61 [36],rent,INDOWESTERN,1,,,,WHITE,36,3,available,,,LAKHNAVI SAME BOTUN SAME FEBRIC,TRUE
I-62[40],INDO-62 [40],rent,INDOWESTERN,1,,,,PISTA,40,3,available,,,ANIMAL HARAN GHODA JORJET,TRUE
I-63[38],INDO-63 [38],rent,INDOWESTERN,1,,,,WHITE,38,3,available,,,LAKHNAVI MULTI ASFUN NEW,TRUE
I-64[34],INDO-64 [34],rent,INDOWESTERN,1,,,,RAMA,34,3,available,,,PENT VADU,TRUE
I-65[36],INDO-65 [36],rent,INDOWESTERN,1,,,,RAMA,36,3,available,,,DUBLE COLOR SED,TRUE
I-66[34],INDO-66 [34],rent,INDOWESTERN,1,,,,SKY,34,3,available,,,DUBLE COLOR SED,TRUE
I-67[38],INDO-67 [38],rent,INDOWESTERN,1,,,,WHITE,38,3,available,,,HATHI SIMBOL NICHE HATHI WORK,TRUE
I-68[40],INDO-68 [40],rent,INDOWESTERN,1,,,,PICH,40,3,available,,,ANIMAL MOTA FLOWER PRINT,TRUE
I-69[34],INDO-69 [34],rent,INDOWESTERN,1,,,,PICH,34,3,available,,,ANIMAL MOTA FLOWER PRINT,TRUE
I-70[34],INDO-70 [34],rent,INDOWESTERN,1,,,,MARUN ,34,3,available,,,VELVET RAVUBHA,TRUE
I-71[36],INDO-71 [36],rent,INDOWESTERN,1,,,,PISTA,36,3,available,,,ANIMAL HARAN GHODA JORJET,TRUE
I-72[34],INDO-72 [34],rent,INDOWESTERN,1,,,,MARUN ,34,3,available,,,VELVET MULTI CHEX,TRUE
I-73[38],INDO-73 [38],rent,INDOWESTERN,1,,,,WHITE,38,3,available,,,LAKHNAVI SAME BOTUN SAME FEBRIC,TRUE
I-74[34],INDO-74 [34],rent,INDOWESTERN,1,,,,GULABI,34,3,available,,,LALABHAI VADU,TRUE
I-75[36],INDO-75 [36],rent,INDOWESTERN,1,,,,BLUE,36,3,available,,,VELVET TIKI VADU,TRUE
I-76[34],INDO-76 [34],rent,INDOWESTERN,1,,,,GULABI,34,3,available,,,ANIMAL HARAN GHODA JORJET,TRUE
I-77[36],INDO-77 [36],rent,INDOWESTERN,1,,,,WHITE,36,3,available,,,RANI FUDDI NEW CHANA MAMRA,TRUE
I-78[42],INDO-78 [42],rent,INDOWESTERN,1,,,,GULABI,42,3,available,,,ANIMAL HARAN GHODA JORJET,TRUE
I-79[34],INDO-79 [34],rent,INDOWESTERN,1,,,,WHITE,34,3,available,,,RANI DAMAN TUCHUP,TRUE
I-80[32],INDO-80 [32],rent,INDOWESTERN,1,,,,GULABI,32,3,available,,,ANIMAL HARAN GHODA JORJET,TRUE
I-81[38],INDO-81 [38],rent,INDOWESTERN,1,,,,PICH,38,3,available,,,ANIMAL HARAN GHODA JORJET,TRUE
I-82[36],INDO-82 [36],rent,INDOWESTERN,1,,,,GULABI,36,3,available,,,JORJET,TRUE
I-83[36],INDO-83 [36],rent,INDOWESTERN,1,,,,SKY,36,3,available,,,WHITE WORK,TRUE
I-84[38],INDO-84 [38],rent,INDOWESTERN,1,,,,WHITE,38,3,available,,,LAKHNAVI FARMA MOR NADIYERI VADI,TRUE
I-85[34],INDO-85 [34],rent,INDOWESTERN,1,,,,PICH,34,3,available,,,ABOJ,TRUE
I-86[34],INDO-86 [34],rent,INDOWESTERN,1,,,,WHITE,34,3,available,,,VELVET ANIMAL MOR HATHI JORJET,TRUE
I-87[38],INDO-87 [38],rent,INDOWESTERN,1,,,,WHITE,38,3,available,,,LAKHNAVI SAME BOTUN SAME FEBRIC,TRUE
I-88[34],INDO-88 [34],rent,INDOWESTERN,1,,,,WHITE,34,3,available,,,HATHI MOR,TRUE
I-89[34],INDO-89 [34],rent,INDOWESTERN,1,,,,WHITE,34,3,available,,,MULTI SILVER WORK,TRUE
I-90[38],INDO-90 [38],rent,INDOWESTERN,1,,,,DUDHIYA,38,3,available,,,DUBLE COLOR SED,TRUE
I-91[42],INDO-91 [42],rent,INDOWESTERN,1,,,,GULABI,42,3,available,,,MIRAR,TRUE
I-92[36],INDO-92 [36],rent,INDOWESTERN,1,,,,OF WHITE,36,3,available,,,AKJAGON MULTI DESIGN,TRUE
I-93[32],INDO-93 [32],rent,INDOWESTERN,1,,,,PICH,32,3,available,,,MULTI MOTA FLOWER PRINT,TRUE
I-94[34],INDO-94 [34],rent,INDOWESTERN,1,,,,GULABI,34,3,available,,,LALABHAI VADU,TRUE
I-95[34],INDO-95 [34],rent,INDOWESTERN,1,,,,OF WHITE,34,3,available,,,MULTI JORJET CHANA MAMRA,TRUE
I-96[34],INDO-96 [34],rent,INDOWESTERN,1,,,,OF WHITE,34,3,available,,,JORJET MULTI NANI DESIGN,TRUE
I-97[42],INDO-97 [42],rent,INDOWESTERN,1,,,,WHITE,42,3,available,,,VELVET 3 FLOWER VADU,TRUE
I-98[42],INDO-98 [42],rent,INDOWESTERN,1,,,,PICH,42,3,available,,,DAMAN  ,TRUE
I-99[34],INDO-99 [34],rent,INDOWESTERN,1,,,,GULABI,34,3,available,,,DAMAN,TRUE
I-100[42],INDO-100 [42],rent,INDOWESTERN,1,,,,PISTA,42,3,available,,,ANIMAL HARAN GHODA ,TRUE
I-101[42],INDO-101 [42],rent,INDOWESTERN,1,,,,GULABI,42,3,available,,,MULTI JORJET,TRUE
I-102[34],INDO-102 [34],rent,INDOWESTERN,1,,,,OF WHITE,34,3,available,,,MULTI JORJET,TRUE
I-103[34],INDO-103 [34],rent,INDOWESTERN,1,,,,WHITE,34,3,available,,,BARI VADU  ,TRUE
I-104[34],INDO-104 [34],rent,INDOWESTERN,1,,,,PICH,34,3,available,,,DAMAN,TRUE
I-105[38],INDO-105 [38],rent,INDOWESTERN,1,,,,PICH,38,3,available,,,MULTI DAMAN,TRUE
I-106[40],INDO-106 [40],rent,INDOWESTERN,1,,,,MARUN ,40,3,available,,,VELVET TIKI VADU,TRUE
I-107[36],INDO-107 [36],rent,INDOWESTERN,1,,,,GULABI,36,3,available,,,VELVET DESIGN,TRUE
I-108[34],INDO-108 [34],rent,INDOWESTERN,1,,,,WHITE,34,3,available,,,MULTI CHOKKDA VADU,TRUE
I-109[34],INDO-109 [34],rent,INDOWESTERN,1,,,,BLUE,34,3,available,,,VELVET TIKI VADU,TRUE
I-110[34],INDO-110 [34],rent,INDOWESTERN,1,,,,PICH,34,3,available,,,MULTI JORJET,TRUE
I-111[32],INDO-111 [32],rent,INDOWESTERN,1,,,,DARK CRIME,32,3,available,,,AKJAGON PINK PISTA PADDI,TRUE
I-112,INDO-112 ,rent,INDOWESTERN,1,,,,,,3,available,,,,TRUE
I-113[38],INDO-113 [38],rent,INDOWESTERN,1,,,,WHITE,38,3,available,,,MULTI MAMRA BAGICHO,TRUE
I-114[36],INDO-114 [36],rent,INDOWESTERN,1,,,,WHITE,36,3,available,,,MULTI JORJET GOL CHAKKAR VADI,TRUE
I-115[38],INDO-115 [38],rent,INDOWESTERN,1,,,,OF WHITE,38,3,available,,,MULTI FLOWER,TRUE
I-116[34],INDO-116 [34],rent,INDOWESTERN,1,,,,BLUE,34,3,available,,,MOTA JAD FLOWER WORK,TRUE
I-117[38],INDO-117 [38],rent,INDOWESTERN,1,,,,WHITE,38,3,available,,,HATHI MOR ,TRUE
I-118[36],INDO-118 [36],rent,INDOWESTERN,1,,,,WHITE,36,3,available,,,PINK PISTA TAPKI,TRUE
I-119[36],INDO-119 [36],rent,INDOWESTERN,1,,,,GULABI,36,3,available,,,DAMAN,TRUE
I-120[32],INDO-120 [32],rent,INDOWESTERN,1,,,,WHITE,32,3,available,,,PINK PISTA TAPKI,TRUE
I-121[36],INDO-121 [36],rent,INDOWESTERN,1,,,,WHITE,36,3,available,,,JORJET MULTI PICHHI KRISHNA HOTEL,TRUE
I-122[42],INDO-122 [42],rent,INDOWESTERN,1,,,,FALSA,42,3,available,,,MULTI DAMAN UBHI LINE,TRUE
I-123[34],INDO-123 [34],rent,INDOWESTERN,1,,,,WHITE,34,3,available,,,LAKHNAVI SAME BOTUN SAME FEBRIC,TRUE
I-124[42],INDO-124 [42],rent,INDOWESTERN,1,,,,OF WHITE,42,3,available,,,JORJET MULTI,TRUE
I-125[34],INDO-125 [34],rent,INDOWESTERN,1,,,,WHITE,34,3,available,,,LAKHNAVI SAME BOTUN SAME FEBRIC,TRUE
I-126[34],INDO-126 [34],rent,INDOWESTERN,1,,,,,34,3,available,,,MARUN TUCHUP TRISUL VADI NICHE DAMAN,TRUE
I-127[38],INDO-127 [38],rent,INDOWESTERN,1,,,,MULTI,38,3,available,,,AKJAGON,TRUE
I-128[36],INDO-128 [36],rent,INDOWESTERN,1,,,,WHITE,36,3,available,,,DARK HATHI MOR,TRUE
I-129[34],INDO-129 [34],rent,INDOWESTERN,1,,,,DUDHIYA,34,3,available,,,DUBLE COLOR SED,TRUE
I-130[38],INDO-130 [38],rent,INDOWESTERN,1,,,,WHITE,38,3,available,,,LAKHNAVI SAME BOTUN SAME FEBRIC,TRUE
I-131[34],INDO-131 [34],rent,INDOWESTERN,1,,,,RED,34,3,available,,,HATHI KERI,TRUE
I-132[36],INDO-132 [36],rent,INDOWESTERN,1,,,,OF WHITE,36,3,available,,,MULTI CHAKKAR VADI,TRUE
I-133[40],INDO-133 [40],rent,INDOWESTERN,1,,,,WHITE,40,3,available,,,MONOPOLI SOMIL JINI PICH WORK,TRUE
I-134[34],INDO-134 [34],rent,INDOWESTERN,1,,,,OF WHITE,34,3,available,,,MULTI FUL VADI,TRUE
I-135[36],INDO-135 [36],rent,INDOWESTERN,1,,,,WHITE,36,3,available,,,RANI TUCHUP GHAR DESIGN,TRUE
I-136[38],INDO-136 [38],rent,INDOWESTERN,1,,,,GULABI,38,3,available,,,LALABHAI VADU,TRUE
I-137[34],INDO-137 [34],rent,INDOWESTERN,1,,,,WHITE,34,3,available,,,KOTI PATERN MARUN TUCHUP,TRUE
I-138[42],INDO-138 [42],rent,INDOWESTERN,1,,,,MULTI,42,3,available,,,JORJET GOL ROUND,TRUE
I-139[36],INDO-139 [36],rent,INDOWESTERN,1,,,,WHITE,36,3,available,,,ANIMAL HATHI MOR,TRUE
I-140[38],INDO-140 [38],rent,INDOWESTERN,1,,,,FALSA,38,3,available,,,MULTI FUL BOX,TRUE
I-141[34],INDO-141 [34],rent,INDOWESTERN,1,,,,PICH,34,3,available,,,ASFUN PAN VADU,TRUE
I-142[38],INDO-142 [38],rent,INDOWESTERN,1,,,,WHITE,38,3,available,,,RAJA RANI DIMOND TUCHUP,TRUE
I-143[36],INDO-143 [36],rent,INDOWESTERN,1,,,,WHITE,36,3,available,,,MOR DOLI DESIGN RAJA RANI,TRUE
I-144[36],INDO-144 [36],rent,INDOWESTERN,1,,,,FALSA,36,3,available,,,VELVET MULTI WORK BOX VADU,TRUE
I-145[36],INDO-145 [36],rent,INDOWESTERN,1,,,,GULABI,36,3,available,,,SINH  MOR SIMBOL,TRUE
I-146[38],INDO-146 [38],rent,INDOWESTERN,1,,,,FALSA,38,3,available,,,MIRAR WORK GOL ROUND,TRUE
I-147[32],INDO-147 [32],rent,INDOWESTERN,1,,,,GULABI,32,3,available,,,SINH  MOR SIMBOL,TRUE
I-148[38],INDO-148 [38],rent,INDOWESTERN,1,,,,MULTI,38,3,available,,,MULTI MOR PICHH,TRUE
I-149[32],INDO-149 [32],rent,INDOWESTERN,1,,,,GULABI,32,3,available,,,LALABHAI VADU,TRUE
I-150[44],INDO-150 [44],rent,INDOWESTERN,1,,,,WHITE,44,3,available,,,MULTI PICH TUCHUP,TRUE
I-151[36],INDO-151 [36],rent,INDOWESTERN,1,,,,DUDHIYA,36,3,available,,,DUBLE COLOR SED,TRUE
I-152[38],INDO-152 [38],rent,INDOWESTERN,1,,,,WHITE,38,3,available,,,KOTI PATERN PINK PISTA DUBLE FUL,TRUE
I-153[38],INDO-153 [38],rent,INDOWESTERN,1,,,,BLUE,38,3,available,,,VELVET HATHI HAND WORK,TRUE
I-154[36],INDO-154 [36],rent,INDOWESTERN,1,,,,WHITE,36,3,available,,,MULTI WORK JINNI  PRINT,TRUE
I-155[40],INDO-155 [40],rent,INDOWESTERN,1,,,,GULABI,40,3,available,,,MULTI JORJET,TRUE
I-156[36],INDO-156 [36],rent,INDOWESTERN,1,,,,MULTI,36,3,available,,,PICH JORJET,TRUE
I-157[38],INDO-157 [38],rent,INDOWESTERN,1,,,,WHITE,38,3,available,,,HATHI MOR,TRUE
I-158[38],INDO-158 [38],rent,INDOWESTERN,1,,,,PICH,38,3,available,,,FALSA PRINT,TRUE
I-159[32],INDO-159 [32],rent,INDOWESTERN,1,,,,WHITE,32,3,available,,,PINK PISTA TAPKI,TRUE
I-160[40],INDO-160 [40],rent,INDOWESTERN,1,,,,WHITE,40,3,available,,,LAKHNAVI SAME BOTUN SAME FEBRIC,TRUE
I-161[40],INDO-161 [40],rent,INDOWESTERN,1,,,,BLUE,40,3,available,,,VELVET HATHI HAND WORK,TRUE
I-162[34],INDO-162 [34],rent,INDOWESTERN,1,,,,MULTI,34,3,available,,,BHARVADI DAMAN WORK,TRUE
I-163[40],INDO-163 [40],rent,INDOWESTERN,1,,,,OF WHITE,40,3,available,,,MULTI CHAKKAR VADI,TRUE
I-164[40],INDO-164 [40],rent,INDOWESTERN,1,,,,GULABI,40,3,available,,,DUBLE COLOR SED,TRUE
I-165[42],INDO-165 [42],rent,INDOWESTERN,1,,,,WHITE,42,3,available,,,PINK PISTA TAPKI,TRUE
I-166[34],INDO-166 [34],rent,INDOWESTERN,1,,,,WHITE,34,3,available,,,RANI TUCHUP TRISUL VADI,TRUE
I-167[36],INDO-167 [36],rent,INDOWESTERN,1,,,,WHITE,36,3,available,,,BAYE DAMAN WORK PINK PISTA FUDDI,TRUE
I-168[36],INDO-168 [36],rent,INDOWESTERN,1,,,,BLUE,36,3,available,,,3 LEYAR STON TUCHUP,TRUE
I-169[36],INDO-169 [36],rent,INDOWESTERN,1,,,,RANI,36,3,available,,,ANIMAL POPAT HATHI PRINT,TRUE
I-170[44],INDO-170 [44],rent,INDOWESTERN,1,,,,MULTI,44,3,available,,,MOTA WORK,TRUE
I-171[38],INDO-171 [38],rent,INDOWESTERN,1,,,,WHITE,38,3,available,,,JORJET MULTI CHAKKAR VADI,TRUE
I-172[34],INDO-172 [34],rent,INDOWESTERN,1,,,,OF WHITE,34,3,available,,,MULTI JORJET,TRUE
I-173[36],INDO-173 [36],rent,INDOWESTERN,1,,,,BLUE,36,3,available,,,MULTI FLOWER,TRUE
I-174[40],INDO-174 [40],rent,INDOWESTERN,1,,,,FALSA,40,3,available,,,MULTI LINER ,TRUE
I-175[36],INDO-175 [36],rent,INDOWESTERN,1,,,,BLUE,36,3,available,,,VELVET MULTI,TRUE
I-176[40],INDO-176 [40],rent,INDOWESTERN,1,,,,WHITE,40,3,available,,,GULABI TUCHUP,TRUE
I-177[34],INDO-177 [34],rent,INDOWESTERN,1,,,,WHITE,34,3,available,,,HATHI MOR WORK,TRUE
I-178[36],INDO-178 [36],rent,INDOWESTERN,1,,,,WHITE,36,3,available,,,LAKHNAVI HATHI HAND WORK,TRUE
I-179[34],INDO-179 [34],rent,INDOWESTERN,1,,,,WHITE,34,3,available,,,GULABI PISTA PANDDI VADU,TRUE
I-180[36],INDO-180 [36],rent,INDOWESTERN,1,,,,WHITE,36,3,available,,,RANI TUCHUP FUL,TRUE
I-181[36],INDO-181 [36],rent,INDOWESTERN,1,,,,FALSA,36,3,available,,,VELVET VEL DESIGN,TRUE
I-182[36],INDO-182 [36],rent,INDOWESTERN,1,,,,WHITE,36,3,available,,,MOR HATHI WORK,TRUE
I-183[36],INDO-183 [36],rent,INDOWESTERN,1,,,,COFI,36,3,available,,,SAME PENT FLOWER PRINT,TRUE
I-184[34],INDO-184 [34],rent,INDOWESTERN,1,,,,WHITE,34,3,available,,,MARUN TUCHUP HAND WORK,TRUE
I-185[36],INDO-185 [36],rent,INDOWESTERN,1,,,,WHITE,36,3,available,,,RAJA RANI DIMOND TUCHUP,TRUE
I-186[38],INDO-186 [38],rent,INDOWESTERN,1,,,,MULTI,38,3,available,,,MONOPOLI  ,TRUE
I-187[40],INDO-187 [40],rent,INDOWESTERN,1,,,,WHITE,40,3,available,,,HATHI MOR,TRUE
I-188[42],INDO-188 [42],rent,INDOWESTERN,1,,,,WHITE,42,3,available,,,MULTI JORJET CHOKDA,TRUE
I-189[40],INDO-189 [40],rent,INDOWESTERN,1,,,,WHITE,40,3,available,,,DUBLE JEKET,TRUE
I-190[34],INDO-190 [34],rent,INDOWESTERN,1,,,,WHITE,34,3,available,,,MULTI CHKKAR VADU,TRUE
I-191[40],INDO-191 [40],rent,INDOWESTERN,1,,,,WHITE,40,3,available,,,HATHI MOR,TRUE
I-192[34],INDO-192 [34],rent,INDOWESTERN,1,,,,WHITE,34,3,available,,,HATHI MOR,TRUE
I-193[34],INDO-193 [34],rent,INDOWESTERN,1,,,,WHITE,34,3,available,,,VELVET HATHI MOR,TRUE
I-194[38],INDO-194 [38],rent,INDOWESTERN,1,,,,OF WHITE,38,3,available,,,ANIMAL HATHI MOR,TRUE
I-195[44],INDO-195 [44],rent,INDOWESTERN,1,,,,WHITE,44,3,available,,,MULTI MONOPOLI ,TRUE
I-196[36],INDO-196 [36],rent,INDOWESTERN,1,,,,PICH,36,3,available,,,JORJET GHODA HARAN,TRUE
I-197[36],INDO-197 [36],rent,INDOWESTERN,1,,,,MULTI,36,3,available,,,JORJET BOX VADU,TRUE
I-198[44],INDO-198 [44],rent,INDOWESTERN,1,,,,MARUN ,44,3,available,,,PLAN,TRUE
I-199[34],INDO-199 [34],rent,INDOWESTERN,1,,,,OF WHITE,34,3,available,,,DUBLE COLOR SED,TRUE
I-200[36],INDO-200 [36],rent,INDOWESTERN,1,,,,PICH,36,3,available,,,ANIMAL GHODA HARAN,TRUE
I-201[40],INDO-201 [40],rent,INDOWESTERN,1,,,,WHITE,40,3,available,,,HATHI MOR,TRUE
I-202[40],INDO-202 [40],rent,INDOWESTERN,1,,,,PICH,40,3,available,,,ANIMAL GHODA HARAN,TRUE
I-203[32],INDO-203 [32],rent,INDOWESTERN,1,,,,OF WHITE,32,3,available,,,MONOPOLI NEW SOMIL,TRUE
I-204[42],INDO-204 [42],rent,INDOWESTERN,1,,,,OF WHITE,42,3,available,,,VELVET ANIMAL HATHI MOR,TRUE
I-205[42],INDO-205 [42],rent,INDOWESTERN,1,,,,WHITE,42,3,available,,,RANI RAMA FUL VADI,TRUE
I-206[34],INDO-206 [34],rent,INDOWESTERN,1,,,,PICH,34,3,available,,,ANIMAL GHODA HARAN,TRUE
I-207[42],INDO-207 [42],rent,INDOWESTERN,1,,,,OF WHITE,42,3,available,,,MONOPOLI KERI VADI,TRUE
I-208[40],INDO-208 [40],rent,INDOWESTERN,1,,,,MULTI,40,3,available,,,MONOPOLI NEW SOMIL,TRUE
I-209[36],INDO-209 [36],rent,INDOWESTERN,1,,,,PISTA,36,3,available,,,SINH  MOR SIMBOL,TRUE
I-210[32],INDO-210 [32],rent,INDOWESTERN,1,,,,WHITE,32,3,available,,,MULTI FLOWER ,TRUE
I-211[40],INDO-211 [40],rent,INDOWESTERN,1,,,,CRIME,40,3,available,,,MULTI PICH AKJAGON,TRUE
I-212[32],INDO-212 [32],rent,INDOWESTERN,1,,,,MULTI,32,3,available,,,JORJET MOR PICHH,TRUE
I-213[36],INDO-213 [36],rent,INDOWESTERN,1,,,,LIGHT PINK,36,3,available,,,HATHI MOR SIMBOL,TRUE
I-214[40],INDO-214 [40],rent,INDOWESTERN,1,,,,MULTI,40,3,available,,,ASPAN MONOPOLI SOMIL,TRUE
I-215[32],INDO-215 [32],rent,INDOWESTERN,1,,,,WHITE,32,3,available,,,PICH NEW DESIGN,TRUE
I-216[36],INDO-216 36],rent,INDOWESTERN,1,,,,WHITE,36,3,available,,,MULTI SOMIL PIDI TAPKI VADI,TRUE
I-217[40],INDO-217 [40],rent,INDOWESTERN,1,,,,WHITE,40,3,available,,,HATHI MOR DIMOND TUCHUP,TRUE
I-218[34],INDO-218 ]34],rent,INDOWESTERN,1,,,,MULTI,34,3,available,,,JORJET MOR PICHH,TRUE
I-219[36],INDO-219 [36],rent,INDOWESTERN,1,,,,WHITE,36,3,available,,,MULTI PICH MONOPOLI SOMIL,TRUE
I-220[34],INDO-220 [34],rent,INDOWESTERN,1,,,,WHITE,34,3,available,,,MULTI PICH SOMIL,TRUE
I-221[36],INDO-221 [36],rent,INDOWESTERN,1,,,,WHITE,36,3,available,,,MULTI RAJA RANI MOR NICHE PALAV,TRUE
I-222[34],INDO-222 [34],rent,INDOWESTERN,1,,,,WHITE,34,3,available,,,VARGHODA DAMAN,TRUE
I-223[38],INDO-223 [38],rent,INDOWESTERN,1,,,,MULTI,38,3,available,,,JORJET,TRUE
I-224[36],INDO-224 [36],rent,INDOWESTERN,1,,,,MULTI,36,3,available,,,JORJET FIL VADI,TRUE
I-225[36],INDO-225 [36],rent,INDOWESTERN,1,,,,GULABI,36,3,available,,,JEKET,TRUE
I-226[40],INDO-226 [40],rent,INDOWESTERN,1,,,,WHITE,40,3,available,,,VARGHODA MOR MULTI DIMOND TUCHUP,TRUE
I-227[34],INDO-227 [34],rent,INDOWESTERN,1,,,,PICH,34,3,available,,,JORJET GHODA HARAN,TRUE
I-228[40],INDO-228 [40],rent,INDOWESTERN,1,,,,WHITE,40,3,available,,,MULTI MONOPOLI ,TRUE
I-229[36],INDO-229 [36],rent,INDOWESTERN,1,,,,WHITE,36,3,available,,,MONOPOLI NEW SOMIL,TRUE
I-230[36],INDO-230 [36],rent,INDOWESTERN,1,,,,GULABI,36,3,available,,,MULTI BOX VADI,TRUE
I-231[34],INDO-231 [34],rent,INDOWESTERN,1,,,,PICH,34,3,available,,,AKJAGON DUBLE KOTI,TRUE
I-232[40],INDO-232 [40],rent,INDOWESTERN,1,,,,OF WHITE,40,3,available,,,MULTI CHAKKAR VADI,TRUE
I-233[38],INDO-233 [38],rent,INDOWESTERN,1,,,,WHITE,38,3,available,,,PICH MULTI ASFUN SOMIL,TRUE
I-234,INDO-234,rent,INDOWESTERN,1,,,,,,3,available,,,,TRUE
I-235[34],INDO-235 [34],rent,INDOWESTERN,1,,,,WHITE,34,3,available,,,HATHI MOR ,TRUE
I-236[34],INDO-236 [34],rent,INDOWESTERN,1,,,,GULABI,34,3,available,,,MULTI BOX VADI,TRUE
I-237[38],INDO-237 [38],rent,INDOWESTERN,1,,,,MULTI,38,3,available,,,MONOPOLI ,TRUE
I-238[32],INDO-238 [32],rent,INDOWESTERN,1,,,,OF WHITE,32,3,available,,,MULTI CHAKKAR VADI,TRUE
I-239[38],INDO-239 [38],rent,INDOWESTERN,1,,,,WHITE,38,3,available,,,MONOPOLI,TRUE
I-240[34],INDO-240 [34],rent,INDOWESTERN,1,,,,FALSA,34,3,available,,,VELVET VEL DESIGN,TRUE
I-241[42],INDO-241 [42],rent,INDOWESTERN,1,,,,WHITE,42,3,available,,,ANIMAL HATHI MOR,TRUE
I-242[38],INDO-242 [38],rent,INDOWESTERN,1,,,,WHITE,38,3,available,,,HATHI MOR,TRUE
I-243[36],INDO-243 [36],rent,INDOWESTERN,1,,,,GULABI,36,3,available,,,PICH MOTA FLOWER,TRUE
I-244[36],INDO-244 [36],rent,INDOWESTERN,1,,,,WHITE,36,3,available,,,RAJA RANI DELI MOR MARUN TUCHUP,TRUE
I-245[38],INDO-245 [38],rent,INDOWESTERN,1,,,,WHITE,38,3,available,,,JORJET HATHI MOR,TRUE
I-246[36],INDO-246 [36],rent,INDOWESTERN,1,,,,WHITE,36,3,available,,,MARUN RAJA RANI,TRUE
I-247[34],INDO-247 [34],rent,INDOWESTERN,1,,,,OF WHITE,34,3,available,,,MONOPOLI NEW SOMIL,TRUE
I-248[38],INDO-248 [38],rent,INDOWESTERN,1,,,,WHITE,38,3,available,,,MARUN RAJA RANI  HATHI,TRUE
I-249[34],INDO-249 [34],rent,INDOWESTERN,1,,,,WHITE,34,3,available,,,NADIYERI MOR,TRUE
I-250[38],INDO-250 [38],rent,INDOWESTERN,1,,,,WHITE,38,3,available,,,HATHI MOR MARUN TUCHUP,TRUE
I-251[36],INDO-251 [36],rent,INDOWESTERN,1,,,,WHITE,36,3,available,,,HATHI MOR MARUN TUCHUP,TRUE
I-252[36],INDO-252 [36],rent,INDOWESTERN,1,,,,FALSA,36,3,available,,,MULTI BOX SATYAJIT,TRUE
I-253[38],INDO-253 [38],rent,INDOWESTERN,1,,,,OF WHITE,38,3,available,,,MULTI WORK GOLDEN NAMDEVBHAI,TRUE
I-254[40],INDO-254 [40],rent,INDOWESTERN,1,,,,BLUE,40,3,available,,,RAMA JAMBLI PANDDI WORK FEDRA,TRUE
I-255[34],INDO-255 [34],rent,INDOWESTERN,1,,,,WHITE,34,3,available,,,RAJA RANI PICH DIMOND,TRUE
I-256[40],INDO-256 [40],rent,INDOWESTERN,1,,,,WHITE,40,3,available,,,VELVET ANIMAL HATHI MOR,TRUE
I-257[38],INDO-257 [38],rent,INDOWESTERN,1,,,,WHITE,38,3,available,,,RANI TUCHUP,TRUE
I-258[36],INDO-258 [36],rent,INDOWESTERN,1,,,,FALSA,36,3,available,,,VELVET MULTI,TRUE
I-259[32],INDO-259 [32],rent,INDOWESTERN,1,,,,WHITE,32,3,available,,,ASFUN NEW SOMIL,TRUE
I-260[38],INDO-260 [38],rent,INDOWESTERN,1,,,,OF WHITE,38,3,available,,,JORJET MULTI ASFUN,TRUE
I-261[42],INDO-261 [42],rent,INDOWESTERN,1,,,,WHITE,42,3,available,,,RAJA RANI DIMOND TUCHUP,TRUE
I-262[42],INDO-262 [42],rent,INDOWESTERN,1,,,,BLUE,42,3,available,,,VELVET MULTI FULDANI FEDRA,TRUE
I-263[42],INDO-263 [42],rent,INDOWESTERN,1,,,,GULABI,42,3,available,,,PICH FLOWER PRINT RUTURAJ,TRUE
I-264[34],INDO-264 [34],rent,INDOWESTERN,1,,,,GREY,34,3,available,,,ANIMAL PRINT HATHI VADU,TRUE
I-265[38],INDO-265 [38],rent,INDOWESTERN,1,,,,PICH,38,3,available,,,ANIMAL GHODA HARAN,TRUE
I-266[42],INDO-266 [42],rent,INDOWESTERN,1,,,,OF WHITE,42,3,available,,,MULTI ASFUN SOMIL,TRUE
I-267[38],INDO-267 [38],rent,INDOWESTERN,1,,,,OF WHITE,38,3,available,,,MULTI ASFUN MONOPOLI SOMIL,TRUE
I-268[36],INDO-268 [36],rent,INDOWESTERN,1,,,,WHITE,36,3,available,,,RANI GULABI TRISUL VADI,TRUE
I-269[34],INDO-269 [34],rent,INDOWESTERN,1,,,,WHITE,34,3,available,,,MARUN RAJA RANI,TRUE
I-270[38],INDO-270 [38],rent,INDOWESTERN,1,,,,WHITE,38,3,available,,,RAJA RANI DELI MOR MARUN TUCHUP,TRUE
I-271[38],INDO-271 [38],rent,INDOWESTERN,1,,,,WHITE,38,3,available,,,RAJA RANI DIMOND TUCHUP NICHE HATHI,TRUE
I-272[36],INDO-272 [36],rent,INDOWESTERN,1,,,,WHITE,36,3,available,,,KOTI PATERN DIMOND TUCHUP RANI,TRUE
I-273[36],INDO-273 [36],rent,INDOWESTERN,1,,,,WHITE,36,3,available,,,ANIMAL HATHI MOR TALVAR VADU,TRUE
I-274[34],INDO-274 [34],rent,INDOWESTERN,1,,,,FALSA,34,3,available,,,VELVET ,TRUE
I-275[40],INDO-275 [40],rent,INDOWESTERN,1,,,,WHITE,40,3,available,,,GULABI PISTA FUL VADU,TRUE
I-276[36],INDO-276 [36],rent,INDOWESTERN,1,,,,WHITE,36,3,available,,,MARUN TUCHUP TRISUL VADI  ,TRUE
I-277[32],INDO-277 [32],rent,INDOWESTERN,1,,,,WHITE,32,3,available,,,ANIMAL HATHI KERI,TRUE
I-278[42],INDO-278 [42],rent,INDOWESTERN,1,,,,WHITE,42,3,available,,,ANIMAL HATHI KERI,TRUE
I-279[36],INDO-279 [36],rent,INDOWESTERN,1,,,,FALSA,36,3,available,,,TRIKON CHEX SATYAJIT,TRUE
I-280[36],INDO-280 [36],rent,INDOWESTERN,1,,,,PICH,36,3,available,,,GHODA HARAN WORK VADU,TRUE
I-281[32],INDO-281 [32],rent,INDOWESTERN,1,,,,PICH,32,3,available,,,ANIMAL GHODA HARAN,TRUE
I-282[36],INDO-282 [36],rent,INDOWESTERN,1,,,,FALSA,36,3,available,,,MULTI MOTA FUL FULDANI  HARAN,TRUE
I-283[36],INDO-283 [36],rent,INDOWESTERN,1,,,,WHITE,36,3,available,,,RAJA RANI DIMOND TUCHUP NICHE HATHI,TRUE
I-284[34],INDO-284 [34],rent,INDOWESTERN,1,,,,OF WHITE,34,3,available,,,MULTI JORJET,TRUE
I-285[44],INDO-285 [44],rent,INDOWESTERN,1,,,,GULABI,44,3,available,,,ANIMAL GHODA HARAN,TRUE
I-286[32],INDO-286 [32],rent,INDOWESTERN,1,,,,OF WHITE,32,3,available,,,KOTI LALABHAI VADU,TRUE
I-287[42],INDO-287 [42],rent,INDOWESTERN,1,,,,OF WHITE,42,3,available,,,MULTI JORJET ASFUN CHOKDA ROUND,TRUE
I-288[38],INDO-288 [38],rent,INDOWESTERN,1,,,,WHITE,38,3,available,,,MARUN FUL MOR DAMAN VADU,TRUE
I-289[38],INDO-289 [38],rent,INDOWESTERN,1,,,,WHITE,38,3,available,,,FULDANI HATHI MOTA PRINT,TRUE
I-290[36],INDO-290 [36],rent,INDOWESTERN,1,,,,OF WHITE,36,3,available,,,CHOKDA VADU,TRUE
I-291[40],INDO-291 [40],rent,INDOWESTERN,1,,,,WHITE,40,3,available,,,PLAN OF WHITE WORK,TRUE
I-292[36],INDO-292 [36],rent,INDOWESTERN,1,,,,WHITE,36,3,available,,,RANI TUCHUP TRISUL VADI,TRUE
I-293,INDO-293 ,rent,INDOWESTERN,1,,,,,,3,available,,,,TRUE
I-294[34],INDO-294 [34],rent,INDOWESTERN,1,,,,WHITE,34,3,available,,,MOTI DESIGN MANANBHAI,TRUE
I-295[38],INDO-295 [38],rent,INDOWESTERN,1,,,,FALSA,38,3,available,,,DAMAN WORK,TRUE
I-296[38],INDO-296 [38],rent,INDOWESTERN,1,,,,MULTI,38,3,available,,,MONOPOLI,TRUE
I-297[34],INDO-297 [34],rent,INDOWESTERN,1,,,,PICH,34,3,available,,,GHODA HARAN WORK VADU,TRUE
I-298[40],INDO-298 [40],rent,INDOWESTERN,1,,,,WHITE,40,3,available,,,ANIMAL HATHI MOR,TRUE
I-299[34],INDO-299 [34],rent,INDOWESTERN,1,,,,WHITE,34,3,available,,,RAJA RANI PICH DIMOND,TRUE
I-300[42],INDO-300 [42],rent,INDOWESTERN,1,,,,PISTA,42,3,available,,,ANIMAL GHODA HARAN,TRUE
I-301[42],INDO-301 [42],rent,INDOWESTERN,1,,,,PISTA,42,3,available,,,ANIMAL GHODA HARAN,TRUE
I-302[40],INDO-302 [40],rent,INDOWESTERN,1,,,,WHITE,40,3,available,,,RAJA RANI PICH DIMOND,TRUE
I-303[46],INDO-303 [46],rent,INDOWESTERN,1,,,,WHITE,46,3,available,,,MOTI TUCHUP HATHI VADI,TRUE
I-304[36],INDO-304 [36],rent,INDOWESTERN,1,,,,OF WHITE,36,3,available,,,ASPAN JORJET MULTI CHEX BOX,TRUE
I-305[38],INDO-305 [38],rent,INDOWESTERN,1,,,,WHITE,38,3,available,,,MONOPOLI NEW SOMIL,TRUE
I-306[42],INDO-306 [42],rent,INDOWESTERN,1,,,,BLUE,42,3,available,,,VELVET JARDOSI HATHI WORK,TRUE
I-307[32],INDO-307 [32],rent,INDOWESTERN,1,,,,OF WHITE,32,3,available,,,MULTI CHAKKAR JORJET PATERN ,TRUE
I-308[34],INDO-308 [34],rent,INDOWESTERN,1,,,,OF WHITE,34,3,available,,,MULTI OF WHITE CHAKKAR VADI ,TRUE
I-309[32],INDO-309 [32],rent,INDOWESTERN,1,,,,GULABI,32,3,available,,,ANIMAL FIGER GHODA HARAN,TRUE
I-310[34],INDO-310 [34],rent,INDOWESTERN,1,,,,RAMA ,34,3,available,,,MULTI WORK,TRUE
I-311[44],INDO-311 [44],rent,INDOWESTERN,1,,,,WHITE,44,3,available,,,RAJA RANI MARUN GREEN ,TRUE
I-312[38],INDO-312 [38],rent,INDOWESTERN,1,,,,WHITE,38,3,available,,,MULTI WORK CHODA VADU,TRUE
I-313[44],INDO-313 [44],rent,INDOWESTERN,1,,,,GULABI,44,3,available,,,GHODA HARAN WORK VADU,TRUE
I-314[34],INDO-314 [34],rent,INDOWESTERN,1,,,,MULTI,34,3,available,,,AKJAGON,TRUE
I-315[38],INDO-315 [38],rent,INDOWESTERN,1,,,,FALSA,38,3,available,,,UBHI LINEENG MULTI SLAB PATTO,TRUE
I-316[40],INDO-316 [40],rent,INDOWESTERN,1,,,,,40,3,available,,,ANIMAL HATHI VADU,TRUE
I-317[38],INDO-317 [38],rent,INDOWESTERN,1,,,,BLUE,38,3,available,,,MOTI FULDANI WORK MULTI NEW,TRUE
I-318[36],INDO-318 [36],rent,INDOWESTERN,1,,,,BLUE,36,3,available,,,MOTI FULDANI WORK MULTI NEW,TRUE
I-319[36],INDO-319 [36],rent,INDOWESTERN,1,,,,WHITE,36,3,available,,,RAJA RANI PICH DIMOND,TRUE
I-320[38],INDO-320 [38],rent,INDOWESTERN,1,,,,WHITE,38,3,available,,,RAJA RANI DIOMOND TUCHUP,TRUE
I-321[36],INDO-321 [36],rent,INDOWESTERN,1,,,,WHITE,36,3,available,,,HATHI MOR,TRUE
I-322[42],INDO-322 [42],rent,INDOWESTERN,1,,,,WHITE,42,3,available,,,RAJA RANI RANI TUCHUP,TRUE
I-323[34],INDO-323 [34],rent,INDOWESTERN,1,,,,GULABI,34,3,available,,,BOX VADU,TRUE
I-324[34],INDO-324 [34],rent,INDOWESTERN,1,,,,MULTI,34,3,available,,,NEW,TRUE
I-325[42],INDO-325 [42],rent,INDOWESTERN,1,,,,OF WHITE,42,3,available,,,MULTI MOPR PICHH,TRUE
I-326[34],INDO-326 [34],rent,INDOWESTERN,1,,,,,34,3,available,,,DUBLE KOTI FARMO,TRUE
I-327[32],INDO-327 [32],rent,INDOWESTERN,1,,,,BLUE,32,3,available,,,MULTI PAN VADU SLAB MOTA FLOWER VADU,TRUE
I-328[34],INDO-328 [34],rent,INDOWESTERN,1,,,,WHITE,34,3,available,,,MARUN RAJA RANI,TRUE
I-329[38],INDO-329 [38],rent,INDOWESTERN,1,,,,WHITE,38,3,available,,,MARUN SARIF RAJA RANI,TRUE
I-330[36],INDO-330 [36],rent,INDOWESTERN,1,,,,WHITE,36,3,available,,,HATHI MARUN TUCHUP HATHI VADI,TRUE
I-331[42],INDO-331 [42],rent,INDOWESTERN,1,,,,WHITE,42,3,available,,,VARGHODA VADU,TRUE
I-332[36],INDO-332 [36],rent,INDOWESTERN,1,,,,PISTA,36,3,available,,,SINH  MOR SIMBOL,TRUE
I-333[32],INDO-333 [32],rent,INDOWESTERN,1,,,,BLUE,32,3,available,,,SINH  MOR SIMBOL,TRUE
I-334[38],INDO-334 [38],rent,INDOWESTERN,1,,,,WHITE,38,3,available,,,ANIMAL WORK TARLA ,TRUE
I-335[32],INDO-335 [32],rent,INDOWESTERN,1,,,,GULABI,32,3,available,,,FLOWER PRINT RUTURAJ ,TRUE
I-336[34],INDO-336 [34],rent,INDOWESTERN,1,,,,WHITE,34,3,available,,,JASDAN VADI VARGHODIYA ,TRUE
I-337[38],INDO-337 [38],rent,INDOWESTERN,1,,,,PISTA,38,3,available,,,ANIMAL GHODA HARAN,TRUE
I-338[34],INDO-338 [34],rent,INDOWESTERN,1,,,,WHITE,34,3,available,,,HATHI VADU BATTI VADU,TRUE
I-339[34],INDO-339 [34],rent,INDOWESTERN,1,,,,WHITE,34,3,available,,,DAMAN WORK RANI TUCHUP,TRUE
I-340[36],INDO-340 [36],rent,INDOWESTERN,1,,,,WHITE,36,3,available,,,HATHI MOR PISTA ANIMAL,TRUE
I-341[40],INDO-341 [40],rent,INDOWESTERN,1,,,,BLUE,40,3,available,,,VELVET MULTI MOTA FLOWER PAN SLAB,TRUE
I-342[48],INDO-342 [48],rent,INDOWESTERN,1,,,,OF WHITE,48,3,available,,,MULTI CHAKKAR VADI,TRUE
I-343[46],INDO-343 [46],rent,INDOWESTERN,1,,,,MULTI,46,3,available,,,MONOPOLI,TRUE
I-344[34],INDO-344 [34],rent,INDOWESTERN,1,,,,WHITE,34,3,available,,,MULTI DAMAN BAYE NICHE BARI,TRUE
I-345[32],INDO-345 [32],rent,INDOWESTERN,1,,,,GREEN,32,3,available,,,FLOWER PRINT  ,TRUE
I-346[44],INDO-346 [44],rent,INDOWESTERN,1,,,,WHITE,44,3,available,,,RAJA RANI HATHI VADU STON TUCHUP,TRUE
I-347[36],INDO-347 [36],rent,INDOWESTERN,1,,,,WHITE,36,3,available,,,GULABI TUCHUP TRISUL VADU,TRUE
I-348[38],INDO-348 [38],rent,INDOWESTERN,1,,,,WHITE,38,3,available,,,RAJA RANI SARIF VADI,TRUE
I-349[42],INDO-349 [42],rent,INDOWESTERN,1,,,,WHITE,42,3,available,,,MOTI TUCHUP HATHI RAJA RANI ,TRUE
I-350[36],INDO-350 [36],rent,INDOWESTERN,1,,,,WHITE,36,3,available,,,SARNAY HATHI MOR VADI,TRUE
I-351[38],INDO-351 [38],rent,INDOWESTERN,1,,,,NEVI BLUE,38,3,available,,,OVER JEKET,TRUE
I-352[40],INDO-352 [40],rent,INDOWESTERN,1,,,,WHITE,40,3,available,,,RAJA RANI DIMOND VADI,TRUE
I-353[42],INDO-353 [42],rent,INDOWESTERN,1,,,,WHITE,42,3,available,,,MULTI MONOPOLI ,TRUE
I-354[38],INDO-354 [38],rent,INDOWESTERN,1,,,,FALSA,38,3,available,,,MULTI CHEX DAMAN,TRUE
I-355[36],INDO-355 [36],rent,INDOWESTERN,1,,,,WHITE,36,3,available,,,RAJA RANI PICH MARUN,TRUE
I-356[34],INDO-356 [34],rent,INDOWESTERN,1,,,,WHITE,34,3,available,,,RAJA RANI MARUN GREEN ,TRUE
I-357[44],INDO-357 [44],rent,INDOWESTERN,1,,,,BLUE,44,3,available,,,MULTI MOTA FULDANI RAMA JAMBALI TUCHUP,TRUE
I-358[34],INDO-358 [34],rent,INDOWESTERN,1,,,,BLUE,34,3,available,,,VELVET MULTI MOTA FULDANI RAMA JAMBALI TUCHUP,TRUE
I-359[38],INDO-359 [38],rent,INDOWESTERN,1,,,,WHITE,38,3,available,,,RAJA RANI MARUN GREEN ,TRUE
I-360[36],INDO-360 [36],rent,INDOWESTERN,1,,,,FALSA,36,3,available,,,DAMAN WORK,TRUE
I-361[36],INDO-361 [36],rent,INDOWESTERN,1,,,,OF WHITE,36,3,available,,,MULTI ASFUN SOMIL,TRUE
I-362[36],INDO-362 [36],rent,INDOWESTERN,1,,,,BLUE,36,3,available,,,VELVET MULTI FLOWER FULDANI,TRUE
I-363[32],INDO-363 [32],rent,INDOWESTERN,1,,,,WHITE,32,3,available,,,ANIMAL HATHI MOR KERI,TRUE
I-364[46],INDO-364 [46],rent,INDOWESTERN,1,,,,MULTI,46,3,available,,,CROSS PATERN,TRUE
I-365[40],INDO-365 [40],rent,INDOWESTERN,1,,,,WHITE,40,3,available,,,RAJA RANI MARUN PINK DIMOND TUCHUP,TRUE
I-366[34],INDO-366 [34],rent,INDOWESTERN,1,,,,WHITE,34,3,available,,,ANIMAL HATHI KERI,TRUE
I-367[40],INDO-367 [40],rent,INDOWESTERN,1,,,,PISTA,40,3,available,,,ANIMAL GHODA HARAN,TRUE
I-368[40],INDO-368 [40],rent,INDOWESTERN,1,,,,OF WHITE,40,3,available,,,MULTI MONOPOLI ,TRUE
I-369[42],INDO-369 [42],rent,INDOWESTERN,1,,,,OF WHITE,42,3,available,,,MULTI CHAKKAR VADI,TRUE
I-370[34],INDO-370 [34],rent,INDOWESTERN,1,,,,JAMBALI,34,3,available,,,ANIMAL FLOWER PRINT ,TRUE
I-371[42],INDO-371 [42],rent,INDOWESTERN,1,,,,BLUE,42,3,available,,,VELVET HATHI HAND WORK,TRUE
I-372[34],INDO-372 [34],rent,INDOWESTERN,1,,,,OF WHITE,34,3,available,,,MULTI BOX CHEX MOR JORJET,TRUE
I-373[34],INDO-373 [34],rent,INDOWESTERN,1,,,,GULABI,34,3,available,,,FLOWER PRINT ,TRUE
I-374[38],INDO-374 [38],rent,INDOWESTERN,1,,,,WHITE,38,3,available,,,MULTI HATHI NICHE HATHI ,TRUE
I-375[36],INDO-375 [36],rent,INDOWESTERN,1,,,,GULABI,36,3,available,,,MULTI BOX,TRUE
I-376[32],INDO-376 [32],rent,INDOWESTERN,1,,,,FALSA,32,3,available,,,MOTA FLOWER VADU,TRUE
I-377[36],INDO-377 [36],rent,INDOWESTERN,1,,,,GULABI,36,3,available,,,FLOWER PRINT RUTURAJ ,TRUE
I-378[36],INDO-378 [36],rent,INDOWESTERN,1,,,,WHITE,36,3,available,,,MARUN RAJA RANI   ,TRUE
I-379[40],INDO-379 [40],rent,INDOWESTERN,1,,,,WHITE,40,3,available,,,ANIMAL HATHI MOR ,TRUE
I-380[40],INDO-380 [40],rent,INDOWESTERN,1,,,,WHITE,40,3,available,,,TRISUL DESIGN,TRUE
I-381[42],INDO-381 [42],rent,INDOWESTERN,1,,,,PICH,42,3,available,,,RAJA RANI DIMOND WORK,TRUE
I-382[32],INDO-382 [32],rent,INDOWESTERN,1,,,,WHITE,32,3,available,,,BODER VADI,TRUE
I-383[36],INDO-383 [36],rent,INDOWESTERN,1,,,,CRIME,36,3,available,,,RAJA RANI HATHI VADU STON TUCHUP,TRUE
I-384[42],INDO-384 [42],rent,INDOWESTERN,1,,,,MULTI,42,3,available,,,DAMAN GOPALBHAI,TRUE
I-385[34],INDO-385 [34],rent,INDOWESTERN,1,,,,WHITE,34,3,available,,,HATHI KERI VADI,TRUE
I-386[34],INDO-386 [34],rent,INDOWESTERN,1,,,,WHITE,34,3,available,,,RAJA RANI DIMOND TUCHUP,TRUE
I-387[34],INDO-387 [34],rent,INDOWESTERN,1,,,,MULTI,34,3,available,,,MONOPOLI NEW SOMIL,TRUE
I-388[38],INDO-388 [38],rent,INDOWESTERN,1,,,,WHITE,38,3,available,,,RAJA RANI PICH DIMOND,TRUE
I-389[34],INDO-389 [34],rent,INDOWESTERN,1,,,,WHITE,34,3,available,,,RAJA RANI PICH DIMOND,TRUE
I-390[34],INDO-390 [34],rent,INDOWESTERN,1,,,,OF WHITE,34,3,available,,,MULTI COLOR WORK BAGICHO,TRUE
I-391[40],INDO-391 [40],rent,INDOWESTERN,1,,,,OF WHITE,40,3,available,,,MULTI CHOKDA VADU,TRUE
I-392[42],INDO-392 [42],rent,INDOWESTERN,1,,,,OF WHITE,42,3,available,,,HATHI DIMOND TUCHUP,TRUE
I-393[36],INDO-393 [36],rent,INDOWESTERN,1,,,,WHITE,36,3,available,,,PICH RAJA RANI DIMOND VADU,TRUE
I-394[40],INDO-394 [40],rent,INDOWESTERN,1,,,,WHITE,40,3,available,,,MARUN RAJA RANI HATHI MOR,TRUE
I-395[34],INDO-395 [34],rent,INDOWESTERN,1,,,,WHITE,34,3,available,,,HATHI HAND WORK,TRUE
I-396[34],INDO-396 [34],rent,INDOWESTERN,1,,,,,34,3,available,,,LINER KOTHARIYA ,TRUE
I-397[32],INDO-397 [32],rent,INDOWESTERN,1,,,,WHITE,32,3,available,,,PICH RAJA RANI DIMOND VADU,TRUE
I-398[34],INDO-398 [34],rent,INDOWESTERN,1,,,,MULTI,34,3,available,,,MONOPOLI SOMIL  ,TRUE
I-399[36],INDO-399 [36],rent,INDOWESTERN,1,,,,,36,3,available,,,ANIMAL HATHI MOR,TRUE
I-400[44],INDO-400 [44],rent,INDOWESTERN,1,,,,GULABI,44,3,available,,,RUTURAJ ,TRUE
I-401[34],INDO A-401 [34],rent,INDOWESTERN,1,,,,,34,3,available,,,SINH MOR SIMBOL,TRUE
I-402[40],INDO A-402 [40],rent,INDOWESTERN,1,,,,WHITE ,40,3,available,,,ANIMAL HATHI MOR KOTI VADU,TRUE
I-403[38],INDO A-403 [38],rent,INDOWESTERN,1,,,,PISTA,38,3,available,,,SINH MOR SIMBOL,TRUE
I-404[38],INDO A-404 [38],rent,INDOWESTERN,1,,,,WHITE ,38,3,available,,,MARUN RAJA RANI,TRUE
I-405[42],INDO A-405 [42],rent,INDOWESTERN,1,,,,MULTI ,42,3,available,,,CHAKKAR VADI,TRUE
I-406[46],INDO A-406 [46],rent,INDOWESTERN,1,,,,MULTI ,46,3,available,,,MONOPOLI,TRUE
I-407[46],INDO A-407 [46],rent,INDOWESTERN,1,,,,PICH,46,3,available,,,ANIMAL WORK VADU,TRUE
I-408[34],INDO A-408 [34],rent,INDOWESTERN,1,,,,MULTI ,34,3,available,,,MONOPOLI NEW SHOMIL,TRUE
I-409[36],INDO A-409 [36],rent,INDOWESTERN,1,,,,MULTI ,36,3,available,,,NEW CHAKKAR VADI AJIT,TRUE
I-410[40],INDO A-410 [40],rent,INDOWESTERN,1,,,,WHITE,40,3,available,,,HATHI VADU BHATIVADU,TRUE
I-411[48],INDO A-411 [48],rent,INDOWESTERN,1,,,,PISTA,48,3,available,,,SINH MOR SIMBOL,TRUE
I-412[36],INDO A-412 [36],rent,INDOWESTERN,1,,,,WHITE,36,3,available,,,DIOMAND WORK,TRUE
I-413[36],INDO A-413 [36],rent,INDOWESTERN,1,,,,BLUE,36,3,available,,,HAKZA GON,TRUE
I-414[48],INDO A-414 [48],rent,INDOWESTERN,1,,,,PICH,48,3,available,,,ANIMAL WORK VADU,TRUE
I-415[34],INDO A-415 [34],rent,INDOWESTERN,1,,,,WHITE,34,3,available,,,ANIMAL FIGUR HATHI+KERI,TRUE
I-416[32],INDO A-416 [32],rent,INDOWESTERN,1,,,,OFF WHITE,32,3,available,,,MULTI MOR PICHH ( KRISHNA HOTEL),TRUE
I-417[32],INDO A-417 [32],rent,INDOWESTERN,1,,,,WHITE,32,3,available,,,RAJA RANI DIOMAND VADI,TRUE
I-418[40],INDO A-418 [40],rent,INDOWESTERN,1,,,,BLUE,40,3,available,,,VELVET HATHI SIMBOL JADADOSI WORK,TRUE
I-419[40],INDO A-419 [40],rent,INDOWESTERN,1,,,,,40,3,available,,,HATHI MOTI VADU (KARTIKVADU),TRUE
I-420[40],INDO A-420 [40],rent,INDOWESTERN,1,,,,WHITE,40,3,available,,,JORJAT CHAKKAR VADI,TRUE
I-421[38],INDO A-421 [38],rent,INDOWESTERN,1,,,,WHITE,38,3,available,,,SEM BUTTAN SEM FEBRIC,TRUE
I-422[42],INDO A-422 [42],rent,INDOWESTERN,1,,,,WHITE,42,3,available,,,DIOMAND WORK HATHIVARI,TRUE
I-423[42],INDO A-423 [42],rent,INDOWESTERN,1,,,,PICH,42,3,available,,,JABBA TAYP FLOWER PRINTY ,TRUE
I-424[42],INDO A-424 [42],rent,INDOWESTERN,1,,,,WHITE,42,3,available,,,MAROON RAJARANI,TRUE
I-425[34],INDO A-425 [34],rent,INDOWESTERN,1,,,,WHITE,34,3,available,,,HATHI & BHATTI VADU,TRUE
I-426[38],INDO A-426 [38],rent,INDOWESTERN,1,,,,WHITE,38,3,available,,,RAJARANI NICHE HATHIVADU,TRUE
I-427[36],INDO A-427 [36],rent,INDOWESTERN,1,,,,WHITE,36,3,available,,,RAJARANI PRINT NICHE HATHI WORK,TRUE
I-428[42],INDO A-428 [42],rent,INDOWESTERN,1,,,,WHITE,42,3,available,,,NICHE HATHI & BHATTI VADU,TRUE
I-429[42],INDO A-429 [42],rent,INDOWESTERN,1,,,,WHITE,42,3,available,,,MOTI TACHAP HATHI VADU ,TRUE
I-430[36],INDO A-430 [36],rent,INDOWESTERN,1,,,,WHITE,36,3,available,,,PICH RAJA RANI,TRUE
I-431[34],INDO A-431 [34],rent,INDOWESTERN,1,,,,WHITE,34,3,available,,,MAROON+PICH NICHE POPAT WORK,TRUE
I-432[36],INDO A-432 [36],rent,INDOWESTERN,1,,,,WHITE ,36,3,available,,,PICH RAJA RANI DIOMAND WORK,TRUE
I-433[46],INDO A-433 [46],rent,INDOWESTERN,1,,,,WHITE,46,3,available,,,ANIMAL FIGUR HATHI+KERI,TRUE
I-434[38],INDO A-434 [38],rent,INDOWESTERN,1,,,,MAROON,38,3,available,,,MOTI PRINT,TRUE
I-435[36],INDO A-435 [36],rent,INDOWESTERN,1,,,,WHITE,36,3,available,,,ANIMAL FIGUR HATHI+MOR,TRUE
I-436[38],INDO A-436 [38],rent,INDOWESTERN,1,,,,WHITE,38,3,available,,,KOTI PATERN MAROON+PINK TACHAP,TRUE
I-437[40],INDO A-437 [40],rent,INDOWESTERN,1,,,,WHITE,40,3,available,,,MAROON +PINK RAJARANI TACHAP DIOMAND VADU,TRUE
I-438[34],INDO A-438 [34],rent,INDOWESTERN,1,,,,WHITE,34,3,available,,,ANIMAL MOR+HATHI VADU KURTA PATTERN,TRUE
I-439[34],INDO A-439 [34],rent,INDOWESTERN,1,,,,WHITE,34,3,available,,,HATHI VADU MOTI TACHAP HAND WORK,TRUE
I-440[40],INDO A-440 [40],rent,INDOWESTERN,1,,,,PISTA,40,3,available,,,ANIMAL HARAN + GHODA VADU,TRUE
I-441[34],INDO A-441 [34],rent,INDOWESTERN,1,,,,MULTI ,34,3,available,,,NEW DESING GOL VALI,TRUE
I-442[32],INDO A-442 [32],rent,INDOWESTERN,1,,,,MULTI,32,3,available,,,MONOPOLI SOMIL,TRUE
I-443[44],INDO A-443 [44],rent,INDOWESTERN,1,,,,MULTI,44,3,available,,,DAMAN ( GOPALBHAI ),TRUE
I-444[42],INDO A-444 [42],rent,INDOWESTERN,1,,,,WHITE,42,3,available,,,ANIMAL FIGUR HATHI+MOR,TRUE
I-445[44],INDO A-445 [44],rent,INDOWESTERN,1,,,,WHITE,44,3,available,,,MAROON RAJARANI,TRUE
I-446[34],INDO A-446 [34],rent,INDOWESTERN,1,,,,WHITE,34,3,available,,,BARI DAMAN VADU,TRUE
I-447[44],INDO A-447 [44],rent,INDOWESTERN,1,,,,WHITE,44,3,available,,,ANIMAL FIGUR HATHI+MOR,TRUE
I-448[36],INDO A-448 [36],rent,INDOWESTERN,1,,,,MULTI,36,3,available,,,DAMAN,TRUE
I-449[40],INDO A-449 [40],rent,INDOWESTERN,1,,,,WHITE,40,3,available,,,RAJA RANI GREEN MAROON TACHAP,TRUE
I-450,INDO A-450 ,rent,INDOWESTERN,1,,,,,,3,available,,,,TRUE
I-451,INDO A-451,rent,INDOWESTERN,1,,,,,,3,available,,,,TRUE
I-452[40],INDO A-452 [40],rent,INDOWESTERN,1,,,,WHITE,40,3,available,,,ANIMAL VADU,TRUE
I-453[42],INDO A-453 [42],rent,INDOWESTERN,1,,,,MULTI,42,3,available,,,MONOPOLI SOMIL,TRUE
I-454[44],INDO A-454 44],rent,INDOWESTERN,1,,,,WHITE,44,3,available,,,ANIMAL FIGUR HATHI+MOR,TRUE
I-455[38],INDO A-455 [38],rent,INDOWESTERN,1,,,,SKY BLUE,38,3,available,,,DOUBAL SHED,TRUE
I-456[36],INDO A-456 [36],rent,INDOWESTERN,1,,,,PICH,36,3,available,,,RAJARANI DIOMAND VADU,TRUE
I-457[34],INDO A-457 [34],rent,INDOWESTERN,1,,,,BLUE,34,3,available,,,VELVET SLAB KOTI BOX+ROUND,TRUE
I-458[34],INDO A-458 [34],rent,INDOWESTERN,1,,,,WHITE,34,3,available,,,ANIMAL HATHI +MOR,TRUE
I-459[38],INDO A-459 [38],rent,INDOWESTERN,1,,,,NAVY BLUE,38,3,available,,,VELVET MOTA FLOWER SLAB VADU,TRUE
I-460[42],INDO A-460 [42],rent,INDOWESTERN,1,,,,MULTI,42,3,available,,,DAMAN,TRUE
I-461[42],INDO A-461 [42],rent,INDOWESTERN,1,,,,WHITE,42,3,available,,,MAROON TACHAP TRISUL VALI,TRUE
I-462[34],INDO A-462 [34],rent,INDOWESTERN,1,,,,FALSA,34,3,available,,,VELVET LINING+TRIKON RAMA TACHAP TAPKI,TRUE
I-463[38],INDO A-463 [38],rent,INDOWESTERN,1,,,,WHITE,38,3,available,,,ANIMAL HATHI+MOR,TRUE
I-464[40],INDO A-464 [40],rent,INDOWESTERN,1,,,,WHITE,40,3,available,,,KOTI PATTERN RANI TACHAP,TRUE
I-465[36],INDO A-465 [36],rent,INDOWESTERN,1,,,,,36,3,available,,,JACKET ANIMAL,TRUE
I-466[34],INDO A-466 [34],rent,INDOWESTERN,1,,,,WHITE,34,3,available,,,MAROON TRISUL VADI,TRUE
I-467[34],INDO A-467 [34],rent,INDOWESTERN,1,,,,,34,3,available,,,JACKET ANIMAL HATHI+MOR,TRUE
I-468[38],INDO A-468 [38],rent,INDOWESTERN,1,,,,WHITE,38,3,available,,,PICH RAJARANI DIOMAND TACHAP,TRUE
I-469[38],INDO A-469 [38],rent,INDOWESTERN,1,,,,WHITE,38,3,available,,,PICH RAJARANI DIOMAND TACHAP,TRUE
I-470[34],INDO A-470 [34],rent,INDOWESTERN,1,,,,WHITE,34,3,available,,,MAROON+PICH DIOMAND VADU,TRUE
I-471[38],INDO A-471 [38],rent,INDOWESTERN,1,,,,WHITE,38,3,available,,,MAROON +PICH DIOMAND VADU,TRUE
I-472[36],INDO A-472 [36],rent,INDOWESTERN,1,,,,WHITE,36,3,available,,,RAJARANI RANI GULABI TACHAP,TRUE
I-473,INDO A-473,rent,INDOWESTERN,1,,,,,,3,available,,,,TRUE
I-474,INDO A-474,rent,INDOWESTERN,1,,,,,,3,available,,,,TRUE
I-475,INDO A-475,rent,INDOWESTERN,1,,,,,,3,available,,,,TRUE
I-476,INDO A-476,rent,INDOWESTERN,1,,,,,,3,available,,,,TRUE
I-477[46],INDO A-477 [46],rent,INDOWESTERN,1,,,,MULTI ,46,3,available,,,DAMAN,TRUE
I-478,INDO A-478,rent,INDOWESTERN,1,,,,,,3,available,,,,TRUE
I-479[38],INDO A-479 [38],rent,INDOWESTERN,1,,,,MULTI,38,3,available,,,CHEKA,TRUE
I-480,INDO A-480,rent,INDOWESTERN,1,,,,,,3,available,,,,TRUE
I-481,INDO A-481,rent,INDOWESTERN,1,,,,,,3,available,,,,TRUE
I-482,INDO A-482,rent,INDOWESTERN,1,,,,,,3,available,,,,TRUE
I-483,INDO A-483,rent,INDOWESTERN,1,,,,,,3,available,,,,TRUE
I-484,INDO A-484,rent,INDOWESTERN,1,,,,,,3,available,,,,TRUE
I-485,INDO A-485,rent,INDOWESTERN,1,,,,,,3,available,,,,TRUE
I-486,INDO A-486,rent,INDOWESTERN,1,,,,,,3,available,,,,TRUE
I-487,INDO A-487,rent,INDOWESTERN,1,,,,,,3,available,,,,TRUE
I-488[36],INDO A-488 [36],rent,INDOWESTERN,1,,,,WHITE,36,3,available,,,SEM BUTTAN SEM FEBRIC,TRUE
I-489,INDO A-489,rent,INDOWESTERN,1,,,,,,3,available,,,,TRUE
I-490,INDO A-490,rent,INDOWESTERN,1,,,,,,3,available,,,,TRUE
I-491,INDO A-491,rent,INDOWESTERN,1,,,,,,3,available,,,,TRUE
I-492,INDO A-492,rent,INDOWESTERN,1,,,,,,3,available,,,,TRUE
I-493,INDO A-493,rent,INDOWESTERN,1,,,,,,3,available,,,,TRUE
I-494,INDO A-494,rent,INDOWESTERN,1,,,,,,3,available,,,,TRUE
I-495,INDO A-495,rent,INDOWESTERN,1,,,,,,3,available,,,,TRUE
I-496,INDO A-496,rent,INDOWESTERN,1,,,,,,3,available,,,,TRUE
I-497,INDO A-497,rent,INDOWESTERN,1,,,,,,3,available,,,,TRUE
I-498,INDO A-498,rent,INDOWESTERN,1,,,,,,3,available,,,,TRUE
I-499,INDO A-499,rent,INDOWESTERN,1,,,,,,3,available,,,,TRUE
I-500,INDO A-500,rent,INDOWESTERN,1,,,,,,3,available,,,,TRUE
I-501,INDO A-501,rent,INDOWESTERN,1,,,,,,3,available,,,,TRUE
I-502,INDO A-502,rent,INDOWESTERN,1,,,,,,3,available,,,,TRUE
I-503,INDO A-503,rent,INDOWESTERN,1,,,,,,3,available,,,,TRUE
I-504,INDO A-504,rent,INDOWESTERN,1,,,,,,3,available,,,,TRUE
I-505,INDO A-505,rent,INDOWESTERN,1,,,,,,3,available,,,,TRUE
I-506,INDO A-506,rent,INDOWESTERN,1,,,,,,3,available,,,,TRUE
I-507,INDO A-507,rent,INDOWESTERN,1,,,,,,3,available,,,,TRUE
I-508,INDO A-508,rent,INDOWESTERN,1,,,,,,3,available,,,,TRUE
I-509[42],INDO A-509 [42],rent,INDOWESTERN,1,,,,WHITE,42,3,available,,,SEM BUTTAN SEM FEBRIC,TRUE
I-510,INDO A-510,rent,INDOWESTERN,1,,,,,,3,available,,,,TRUE
I-511,INDO A-511,rent,INDOWESTERN,1,,,,,,3,available,,,,TRUE
I-512,INDO A-512,rent,INDOWESTERN,1,,,,,,3,available,,,,TRUE
I-513,INDO A-513,rent,INDOWESTERN,1,,,,,,3,available,,,,TRUE
I-514,INDO A-514,rent,INDOWESTERN,1,,,,,,3,available,,,,TRUE
I-515,INDO A-515,rent,INDOWESTERN,1,,,,,,3,available,,,,TRUE
I-516,INDO A-516,rent,INDOWESTERN,1,,,,,,3,available,,,,TRUE
I-517,INDO A-517,rent,INDOWESTERN,1,,,,,,3,available,,,,TRUE
I-518,INDO A-518,rent,INDOWESTERN,1,,,,,,3,available,,,,TRUE
I-519,INDO A-519,rent,INDOWESTERN,1,,,,,,3,available,,,,TRUE
I-520,INDO A-520,rent,INDOWESTERN,1,,,,,,3,available,,,,TRUE
I-521,INDO A-521,rent,INDOWESTERN,1,,,,,,3,available,,,,TRUE
I-522,INDO A-522,rent,INDOWESTERN,1,,,,,,3,available,,,,TRUE
I-523,INDO A-523,rent,INDOWESTERN,1,,,,,,3,available,,,,TRUE
I-524,INDO A-524,rent,INDOWESTERN,1,,,,,,3,available,,,,TRUE
I-525,INDO A-525,rent,INDOWESTERN,1,,,,,,3,available,,,,TRUE
I-526,INDO A-526,rent,INDOWESTERN,1,,,,,,3,available,,,,TRUE
I-527,INDO A-527,rent,INDOWESTERN,1,,,,,,3,available,,,,TRUE
I-528,INDO A-528,rent,INDOWESTERN,1,,,,,,3,available,,,,TRUE
I-529,INDO A-529,rent,INDOWESTERN,1,,,,,,3,available,,,,TRUE
I-530,INDO A-530,rent,INDOWESTERN,1,,,,,,3,available,,,,TRUE
I-531,INDO A-531,rent,INDOWESTERN,1,,,,,,3,available,,,,TRUE
I-532,INDO A-532,rent,INDOWESTERN,1,,,,,,3,available,,,,TRUE
I-533,INDO A-533,rent,INDOWESTERN,1,,,,,,3,available,,,,TRUE
I-534,INDO A-534,rent,INDOWESTERN,1,,,,,,3,available,,,,TRUE
I-535,INDO A-535,rent,INDOWESTERN,1,,,,,,3,available,,,,TRUE
I-536,INDO A-536 ,rent,INDOWESTERN,1,,,,,,3,available,,,,TRUE
I-537,INDO A-537,rent,INDOWESTERN,1,,,,,,3,available,,,,TRUE
I-538,INDO A-538,rent,INDOWESTERN,1,,,,,,3,available,,,,TRUE
I-539,INDO A-539,rent,INDOWESTERN,1,,,,,,3,available,,,,TRUE
I-540,INDO A-540,rent,INDOWESTERN,1,,,,,,3,available,,,,TRUE
I-541,INDO A-541,rent,INDOWESTERN,1,,,,,,3,available,,,,TRUE
I-542,INDO A-542,rent,INDOWESTERN,1,,,,,,3,available,,,,TRUE
I-543,INDO A-543,rent,INDOWESTERN,1,,,,,,3,available,,,,TRUE
I-544,INDO A-544,rent,INDOWESTERN,1,,,,,,3,available,,,,TRUE
I-545,INDO A-545,rent,INDOWESTERN,1,,,,,,3,available,,,,TRUE
I-546,INDO A-546,rent,INDOWESTERN,1,,,,,,3,available,,,,TRUE
I-547,INDO A-547,rent,INDOWESTERN,1,,,,,,3,available,,,,TRUE
I-548,INDO A-548,rent,INDOWESTERN,1,,,,,,3,available,,,,TRUE
I-549,INDO A-549,rent,INDOWESTERN,1,,,,,,3,available,,,,TRUE
I-550[42],INDO A-550 [42],rent,INDOWESTERN,1,,,,MAROON,42,3,available,,,TOKARA,TRUE
I-551,INDO A-551,rent,INDOWESTERN,1,,,,,,3,available,,,,TRUE
I-552,INDO A-552,rent,INDOWESTERN,1,,,,,,3,available,,,,TRUE
I-553,INDO A-553,rent,INDOWESTERN,1,,,,,,3,available,,,,TRUE
I-554,INDO A-554,rent,INDOWESTERN,1,,,,,,3,available,,,,TRUE
I-555,INDO A-555,rent,INDOWESTERN,1,,,,,,3,available,,,,TRUE
I-556,INDO A-556,rent,INDOWESTERN,1,,,,,,3,available,,,,TRUE
I-557,INDO A-557,rent,INDOWESTERN,1,,,,,,3,available,,,,TRUE
I-558,INDO A-558,rent,INDOWESTERN,1,,,,,,3,available,,,,TRUE
I-559,INDO A-559,rent,INDOWESTERN,1,,,,,,3,available,,,,TRUE
I-560,INDO A-560,rent,INDOWESTERN,1,,,,,,3,available,,,,TRUE
I-561,INDO A-561,rent,INDOWESTERN,1,,,,,,3,available,,,,TRUE
I-562,INDO A-562,rent,INDOWESTERN,1,,,,,,3,available,,,,TRUE
I-563[36],INDO A-563 [36],rent,INDOWESTERN,1,,,,WHITE,36,3,available,,,MAROON MOTI TACHAP,TRUE
I-564,INDO A-564,rent,INDOWESTERN,1,,,,,,3,available,,,,TRUE
I-565,INDO A-565,rent,INDOWESTERN,1,,,,,,3,available,,,,TRUE
I-566[40],INDO A-566 [40],rent,INDOWESTERN,1,,,,WHITE,40,3,available,,,SEM BUTTAN SEM FEBRIC,TRUE
I-567,INDO A-567,rent,INDOWESTERN,1,,,,,,3,available,,,,TRUE
I-568[36],INDO A-568 [36],rent,INDOWESTERN,1,,,,WHITE,36,3,available,,,MAROON TACHAP,TRUE
I-569[42],INDO A-569 [42],rent,INDOWESTERN,1,,,,WHITE,42,3,available,,,SEM BUTTAN SEM FEBRIC,TRUE
I-570,INDO A-570,rent,INDOWESTERN,1,,,,,,3,available,,,,TRUE
I-571,INDO A-571,rent,INDOWESTERN,1,,,,,,3,available,,,,TRUE
I-572,INDO A-572,rent,INDOWESTERN,1,,,,,,3,available,,,,TRUE
I-573,INDO A-573,rent,INDOWESTERN,1,,,,,,3,available,,,,TRUE
I-574,INDO A-574,rent,INDOWESTERN,1,,,,,,3,available,,,,TRUE
I-575,INDO A-575,rent,INDOWESTERN,1,,,,,,3,available,,,,TRUE
I-576,INDO A-576,rent,INDOWESTERN,1,,,,,,3,available,,,,TRUE
I-577,INDO A-577,rent,INDOWESTERN,1,,,,,,3,available,,,,TRUE
I-578,INDO A-578,rent,INDOWESTERN,1,,,,,,3,available,,,,TRUE
I-579,INDO A-579,rent,INDOWESTERN,1,,,,,,3,available,,,,TRUE
I-580,INDO A-580,rent,INDOWESTERN,1,,,,,,3,available,,,,TRUE
I-581,INDO A-581,rent,INDOWESTERN,1,,,,,,3,available,,,,TRUE
I-582[42],INDO A-582 [42],rent,INDOWESTERN,1,,,,PINK,42,3,available,,,SEM BUTTAN SEM FEBRIC,TRUE
I-583,INDO A-583,rent,INDOWESTERN,1,,,,,,3,available,,,,TRUE
I-584,INDO A-584,rent,INDOWESTERN,1,,,,,,3,available,,,,TRUE
I-585[44],INDO A-585 [44],rent,INDOWESTERN,1,,,,WHITE,44,3,available,,,SEM BUTTAN SEM FEBRIC,TRUE
I-586,INDO A-586,rent,INDOWESTERN,1,,,,,,3,available,,,,TRUE
I-587,INDO A-587,rent,INDOWESTERN,1,,,,,,3,available,,,,TRUE
I-588,INDO A-588,rent,INDOWESTERN,1,,,,,,3,available,,,,TRUE
I-589,INDO A-589,rent,INDOWESTERN,1,,,,,,3,available,,,,TRUE
I-590[42],INDO A-590 [42],rent,INDOWESTERN,1,,,,PINK,42,3,available,,,MIRAR,TRUE
I-591,INDO A-591,rent,INDOWESTERN,1,,,,,,3,available,,,,TRUE
I-592[42],INDO A-592 [42],rent,INDOWESTERN,1,,,,MAROON,42,3,available,,,KASHMIRI,TRUE
I-593,INDO A-593,rent,INDOWESTERN,1,,,,,,3,available,,,,TRUE
I-594,INDO A-594,rent,INDOWESTERN,1,,,,,,3,available,,,,TRUE
I-595,INDO A-595,rent,INDOWESTERN,1,,,,,,3,available,,,,TRUE
I-596,INDO A-596,rent,INDOWESTERN,1,,,,,,3,available,,,,TRUE
I-597,INDO A-597,rent,INDOWESTERN,1,,,,,,3,available,,,,TRUE
I-598,INDO A-598,rent,INDOWESTERN,1,,,,,,3,available,,,,TRUE
I-599,INDO A-599,rent,INDOWESTERN,1,,,,,,3,available,,,,TRUE
I-600,INDO A-600,rent,INDOWESTERN,1,,,,,,3,available,,,,TRUE
I-601,INDO A-601,rent,INDOWESTERN,1,,,,,,3,available,,,,TRUE
I-602,INDO A-602,rent,INDOWESTERN,1,,,,,,3,available,,,,TRUE
I-603[44],INDO A-603 [44],rent,INDOWESTERN,1,,,,MAROON ,44,3,available,,,MIRAR,TRUE
I-604,INDO A-604,rent,INDOWESTERN,1,,,,,,3,available,,,,TRUE
I-605,INDO A-605,rent,INDOWESTERN,1,,,,,,3,available,,,,TRUE
I-606,INDO A-606,rent,INDOWESTERN,1,,,,,,3,available,,,,TRUE
I-607[46],INDO A-607 [46],rent,INDOWESTERN,1,,,,MULTI,46,3,available,,,CROSS PATTERN,TRUE
I-608[34],INDO A-608 [34],rent,INDOWESTERN,1,,,,WHITE,34,3,available,,,SEM BUTTAN SEM FEBRIC,TRUE
I-609,INDO A-609,rent,INDOWESTERN,1,,,,,,3,available,,,,TRUE
I-610,INDO A-610,rent,INDOWESTERN,1,,,,,,3,available,,,,TRUE
I-611,INDO A-611,rent,INDOWESTERN,1,,,,,,3,available,,,,TRUE
I-612,INDO A-612,rent,INDOWESTERN,1,,,,,,3,available,,,,TRUE
I-613,INDO A-613,rent,INDOWESTERN,1,,,,,,3,available,,,,TRUE
I-614,INDO A-614,rent,INDOWESTERN,1,,,,,,3,available,,,,TRUE
I-615,INDO A-615,rent,INDOWESTERN,1,,,,,,3,available,,,,TRUE
I-616,INDO A-616,rent,INDOWESTERN,1,,,,,,3,available,,,,TRUE
I-617,INDO A-617,rent,INDOWESTERN,1,,,,,,3,available,,,,TRUE
I-618,INDO A-618,rent,INDOWESTERN,1,,,,,,3,available,,,,TRUE
I-619,INDO A-619,rent,INDOWESTERN,1,,,,,,3,available,,,,TRUE
I-620,INDO A-620,rent,INDOWESTERN,1,,,,,,3,available,,,,TRUE
I-621[46],INDO A-621 [46],rent,INDOWESTERN,1,,,,MAROON ,46,3,available,,,BUTTI VADU,TRUE
I-622,INDO A-622,rent,INDOWESTERN,1,,,,,,3,available,,,,TRUE
I-623,INDO A-623,rent,INDOWESTERN,1,,,,,,3,available,,,,TRUE
I-624,INDO A-624,rent,INDOWESTERN,1,,,,,,3,available,,,,TRUE
I-625,INDO A-625,rent,INDOWESTERN,1,,,,,,3,available,,,,TRUE
I-626[34],INDO A-626 [34],rent,INDOWESTERN,1,,,,WHITE,34,3,available,,,SEM BUTTAN SEM FEBRIC,TRUE
I-627,INDO A-627,rent,INDOWESTERN,1,,,,,,3,available,,,,TRUE
I-628,INDO A-628,rent,INDOWESTERN,1,,,,,,3,available,,,,TRUE
I-629,INDO A-629,rent,INDOWESTERN,1,,,,,,3,available,,,,TRUE
I-630,INDO A-630,rent,INDOWESTERN,1,,,,,,3,available,,,,TRUE
I-631,INDO A-631,rent,INDOWESTERN,1,,,,,,3,available,,,,TRUE
I-632[36],INDO A-632 [36],rent,INDOWESTERN,1,,,,PINK,36,3,available,,,MIRAR,TRUE
I-633,INDO A-633,rent,INDOWESTERN,1,,,,,,3,available,,,,TRUE
I-634,INDO A-634,rent,INDOWESTERN,1,,,,,,3,available,,,,TRUE
I-635[36],INDO A-635 [36],rent,INDOWESTERN,1,,,,WHITE,36,3,available,,,SEM BUTTAN SEM FEBRIC,TRUE
I-636,INDO A-636,rent,INDOWESTERN,1,,,,,,3,available,,,,TRUE
I-637,INDO A-637,rent,INDOWESTERN,1,,,,,,3,available,,,,TRUE
I-638,INDO A-638,rent,INDOWESTERN,1,,,,,,3,available,,,,TRUE
I-639,INDO A-639,rent,INDOWESTERN,1,,,,,,3,available,,,,TRUE
I-640,INDO A-640,rent,INDOWESTERN,1,,,,,,3,available,,,,TRUE
I-641,INDO A-641,rent,INDOWESTERN,1,,,,,,3,available,,,,TRUE
I-642,INDO A-642,rent,INDOWESTERN,1,,,,,,3,available,,,,TRUE
I-643,INDO A-643,rent,INDOWESTERN,1,,,,,,3,available,,,,TRUE
I-644,INDO A-644,rent,INDOWESTERN,1,,,,,,3,available,,,,TRUE
I-645,INDO A-645,rent,INDOWESTERN,1,,,,,,3,available,,,,TRUE
I-646[40],INDO A-646 [40],rent,INDOWESTERN,1,,,,WHITE,40,3,available,,,SEM BUTTAN SEM FEBRIC,TRUE
I-647,INDO A-647,rent,INDOWESTERN,1,,,,,,3,available,,,,TRUE
I-648,INDO A-648,rent,INDOWESTERN,1,,,,,,3,available,,,,TRUE
I-649,INDO A-649,rent,INDOWESTERN,1,,,,,,3,available,,,,TRUE
I-650,INDO A-650,rent,INDOWESTERN,1,,,,,,3,available,,,,TRUE
I-651,INDO A-651,rent,INDOWESTERN,1,,,,,,3,available,,,,TRUE
I-652,INDO A-652,rent,INDOWESTERN,1,,,,,,3,available,,,,TRUE
I-653,INDO A-653,rent,INDOWESTERN,1,,,,,,3,available,,,,TRUE
I-654[36],INDO A-654 [36],rent,INDOWESTERN,1,,,,PICH,36,3,available,,,PLAN DAMAN,TRUE
I-655[40],INDO A-655 [40],rent,INDOWESTERN,1,,,,WHITE,40,3,available,,,DAMAN,TRUE
I-656[42],INDO A-656 [42],rent,INDOWESTERN,1,,,,MAROON ,42,3,available,,,MIRAR,TRUE
I-657[34],INDO A-657 [34],rent,INDOWESTERN,1,,,,PINK,34,3,available,,,MIRAR,TRUE
I-658[38],INDO A-658 [38],rent,INDOWESTERN,1,,,,PINK,38,3,available,,,MIRAR,TRUE
I-659[38],INDO A-659 [38],rent,INDOWESTERN,1,,,,MAROON,38,3,available,,,MIRAR,TRUE
I-660,INDO A-660,rent,INDOWESTERN,1,,,,,,3,available,,,,TRUE
I-661,INDO A-661,rent,INDOWESTERN,1,,,,,,3,available,,,,TRUE
I-662,INDO A-662,rent,INDOWESTERN,1,,,,,,3,available,,,,TRUE
I-663,INDO A-663,rent,INDOWESTERN,1,,,,,,3,available,,,,TRUE
I-664,INDO A-664,rent,INDOWESTERN,1,,,,,,3,available,,,,TRUE
I-665,INDO A-665,rent,INDOWESTERN,1,,,,,,3,available,,,,TRUE
I-666,INDO A-666,rent,INDOWESTERN,1,,,,,,3,available,,,,TRUE
I-667,INDO A-667,rent,INDOWESTERN,1,,,,,,3,available,,,,TRUE
I-668,INDO A-668,rent,INDOWESTERN,1,,,,,,3,available,,,,TRUE
I-669,INDO A-669,rent,INDOWESTERN,1,,,,,,3,available,,,,TRUE
I-670,INDO A-670,rent,INDOWESTERN,1,,,,,,3,available,,,,TRUE
I-671,INDO A-671,rent,INDOWESTERN,1,,,,,,3,available,,,,TRUE
I-672[36],INDO A-672 [36],rent,INDOWESTERN,1,,,,PICH,36,3,available,,,KASAB CROSS PATTERN,TRUE
I-673[36],INDO A-673 [36],rent,INDOWESTERN,1,,,,MAROON,36,3,available,,,KASAB WORK,TRUE
I-674[36],INDO A-674 [36],rent,INDOWESTERN,1,,,,PICH,36,3,available,,,KASAB WORK,TRUE
I-675,INDO A-675,rent,INDOWESTERN,1,,,,,,3,available,,,,TRUE
I-676[34],INDO A-676 [34],rent,INDOWESTERN,1,,,,PINK,34,3,available,,,DAMAN WHITE WORK,TRUE
I-677,INDO A-677,rent,INDOWESTERN,1,,,,,,3,available,,,,TRUE
I-678[38],INDO A-678 [38],rent,INDOWESTERN,1,,,,,38,3,available,,,PICH DAMAN,TRUE
I-679[32],INDO A-679 [32],rent,INDOWESTERN,1,,,,WHITE,32,3,available,,,SEM BUTTAN SEM FEBRIC,TRUE
I-680,INDO A-680,rent,INDOWESTERN,1,,,,,,3,available,,,,TRUE
I-681,INDO A-681,rent,INDOWESTERN,1,,,,,,3,available,,,,TRUE
I-682,INDO A-682,rent,INDOWESTERN,1,,,,,,3,available,,,,TRUE
I-683,INDO A-683,rent,INDOWESTERN,1,,,,,,3,available,,,,TRUE
I-684[42],INDO A-684 [42],rent,INDOWESTERN,1,,,,WHITE,42,3,available,,,SEM BUTTAN SEM FEBRIC,TRUE
I-685,INDO A-685,rent,INDOWESTERN,1,,,,,,3,available,,,,TRUE
I-686,INDO A-686,rent,INDOWESTERN,1,,,,,,3,available,,,,TRUE
I-687,INDO A-687,rent,INDOWESTERN,1,,,,,,3,available,,,,TRUE
I-688,INDO A-688,rent,INDOWESTERN,1,,,,,,3,available,,,,TRUE
I-689,INDO A-689,rent,INDOWESTERN,1,,,,,,3,available,,,,TRUE
I-690,INDO A-690,rent,INDOWESTERN,1,,,,,,3,available,,,,TRUE
I-691,INDO A-691,rent,INDOWESTERN,1,,,,,,3,available,,,,TRUE
I-692[40],INDO A-692 [40],rent,INDOWESTERN,1,,,,PINK,40,3,available,,,MIRAR,TRUE
I-693,INDO A-693,rent,INDOWESTERN,1,,,,,,3,available,,,,TRUE
I-694,INDO A-694,rent,INDOWESTERN,1,,,,,,3,available,,,,TRUE
I-695,INDO A-695,rent,INDOWESTERN,1,,,,,,3,available,,,,TRUE
I-696,INDO A-696,rent,INDOWESTERN,1,,,,,,3,available,,,,TRUE
I-697,INDO A-697,rent,INDOWESTERN,1,,,,,,3,available,,,,TRUE
I-698,INDO A-698,rent,INDOWESTERN,1,,,,,,3,available,,,,TRUE
I-699,INDO A-699,rent,INDOWESTERN,1,,,,,,3,available,,,,TRUE
I-700[40],INDO A-700 [40],rent,INDOWESTERN,1,,,,,40,3,available,,,DAMAN,TRUE
I-701,INDO A-701,rent,INDOWESTERN,1,,,,,,3,available,,,,TRUE
I-702,INDO A-702,rent,INDOWESTERN,1,,,,,,3,available,,,,TRUE
I-703,INDO A-703,rent,INDOWESTERN,1,,,,,,3,available,,,,TRUE
I-704,INDO A-704,rent,INDOWESTERN,1,,,,,,3,available,,,,TRUE
I-705[38],INDO A-705 [38],rent,INDOWESTERN,1,,,,WHITE,38,3,available,,,SEM BUTTAN SEM FEBRIC,TRUE
I-706,INDO A-706,rent,INDOWESTERN,1,,,,,,3,available,,,,TRUE
I-707,INDO A-707,rent,INDOWESTERN,1,,,,,,3,available,,,,TRUE
I-708,INDO A-708,rent,INDOWESTERN,1,,,,,,3,available,,,,TRUE
I-709,INDO A-709,rent,INDOWESTERN,1,,,,,,3,available,,,,TRUE
I-710,INDO A-710,rent,INDOWESTERN,1,,,,,,3,available,,,,TRUE
I-711[36],INDO A-711 [36],rent,INDOWESTERN,1,,,,WHITE ,36,3,available,,,RANI MOTI TACHAP,TRUE
I-712,INDO A-712,rent,INDOWESTERN,1,,,,,,3,available,,,,TRUE
I-713,INDO A-713,rent,INDOWESTERN,1,,,,,,3,available,,,,TRUE
I-714,INDO A-714,rent,INDOWESTERN,1,,,,,,3,available,,,,TRUE
I-715,INDO A-715,rent,INDOWESTERN,1,,,,,,3,available,,,,TRUE
I-716[34],INDO A-716 [34],rent,INDOWESTERN,1,,,,SKY BLUE,34,3,available,,,DOUBAL COLOR,TRUE
I-717[34],INDO A-717 [34],rent,INDOWESTERN,1,,,,PINK,34,3,available,,,DOUBAL COLOR,TRUE
I-718,INDO A-718,rent,INDOWESTERN,1,,,,,,3,available,,,,TRUE
I-719[38],INDO A-719 [38],rent,INDOWESTERN,1,,,,PICH,38,3,available,,,DAMAN,TRUE
I-720[36],INDO A-720 [36],rent,INDOWESTERN,1,,,,PICH PINK,36,3,available,,,MIRAR,TRUE
I-721[40],INDO A-721 [40],rent,INDOWESTERN,1,,,,PINK,40,3,available,,,LALA BHAI VADU,TRUE
I-722[36],INDO A-722 [36],rent,INDOWESTERN,1,,,,SKY BLUE,36,3,available,,,DOUBLE COLOR VADU,TRUE
I-723,INDO A-723,rent,INDOWESTERN,1,,,,,,3,available,,,,TRUE
I-724[38],INDO A-724 [38],rent,INDOWESTERN,1,,,,PICH,38,3,available,,,KASABA WORK CROSS PATTERN ,TRUE
I-725,INDO A-725,rent,INDOWESTERN,1,,,,,,3,available,,,,TRUE
I-726,INDO A-726,rent,INDOWESTERN,1,,,,,,3,available,,,,TRUE
I-727,INDO A-727,rent,INDOWESTERN,1,,,,,,3,available,,,,TRUE
I-728,INDO A-728,rent,INDOWESTERN,1,,,,,,3,available,,,,TRUE
I-729[34],INDO A-729 [34],rent,INDOWESTERN,1,,,,PINK,34,3,available,,,JORJAT,TRUE
I-730,INDO A-730,rent,INDOWESTERN,1,,,,,,3,available,,,,TRUE
I-731[34],INDO A-731 [34],rent,INDOWESTERN,1,,,,CREAM,34,3,available,,,JORJAT,TRUE
I-732,INDO A-732,rent,INDOWESTERN,1,,,,,,3,available,,,,TRUE
I-733,INDO A-733,rent,INDOWESTERN,1,,,,,,3,available,,,,TRUE
I-734[38],INDO A-734 [38],rent,INDOWESTERN,1,,,,CREAM,38,3,available,,,JACKET CHAKKAR VADU,TRUE
I-735,INDO A-735,rent,INDOWESTERN,1,,,,,,3,available,,,,TRUE
I-736,INDO A-736,rent,INDOWESTERN,1,,,,,,3,available,,,,TRUE
I-737[40],INDO A-737 [40],rent,INDOWESTERN,1,,,,CREAM,40,3,available,,,,TRUE
I-738,INDO A-738,rent,INDOWESTERN,1,,,,,,3,available,,,,TRUE
I-739,INDO A-739,rent,INDOWESTERN,1,,,,,,3,available,,,,TRUE
I-740,INDO A-740,rent,INDOWESTERN,1,,,,,,3,available,,,,TRUE
I-741[36],INDO A-741 [36],rent,INDOWESTERN,1,,,,OFF WHITE,36,3,available,,,JAPOJAT,TRUE
I-742[34],INDO A-742 [34],rent,INDOWESTERN,1,,,,PRUPLE,34,3,available,,,VELVET GOLDEN WORK,TRUE
I-743,INDO A-743,rent,INDOWESTERN,1,,,,,,3,available,,,,TRUE
I-744,INDO A-744,rent,INDOWESTERN,1,,,,,,3,available,,,,TRUE
I-745[38],INDO A-745 [38],rent,INDOWESTERN,1,,,,,38,3,available,,,,TRUE
I-746[38],INDO A-746 [38],rent,INDOWESTERN,1,,,,SKY BLUE,38,3,available,,,DOUBLE SHED,TRUE
I-747,INDO A-747,rent,INDOWESTERN,1,,,,,,3,available,,,,TRUE
I-748[38],INDO A-748 [38],rent,INDOWESTERN,1,,,,MAROON,38,3,available,,,VELVET GOLDEN WORK,TRUE
I-749,INDO A-749,rent,INDOWESTERN,1,,,,,,3,available,,,,TRUE
I-750,INDO A-750,rent,INDOWESTERN,1,,,,,,3,available,,,,TRUE
I-751,INDO A-751,rent,INDOWESTERN,1,,,,,,3,available,,,,TRUE
I-752,INDO A-752,rent,INDOWESTERN,1,,,,,,3,available,,,,TRUE
I-753[40],INDO A-753 [40],rent,INDOWESTERN,1,,,,PINK,40,3,available,,,LALA BHAI VADU,TRUE
I-754,INDO A-754,rent,INDOWESTERN,1,,,,,,3,available,,,,TRUE
I-755,INDO A-755,rent,INDOWESTERN,1,,,,,,3,available,,,,TRUE
I-756,INDO A-756,rent,INDOWESTERN,1,,,,,,3,available,,,,TRUE
I-757,INDO A-757,rent,INDOWESTERN,1,,,,,,3,available,,,,TRUE
I-758[34],INDO A-758 [34],rent,INDOWESTERN,1,,,,MAROON,34,3,available,,,SINH+MOR SIMBOL,TRUE
I-759,INDO A-759,rent,INDOWESTERN,1,,,,,,3,available,,,,TRUE
I-760,INDO A-760,rent,INDOWESTERN,1,,,,,,3,available,,,,TRUE
I-761,INDO A-761,rent,INDOWESTERN,1,,,,,,3,available,,,,TRUE
I-762,INDO A-762,rent,INDOWESTERN,1,,,,,,3,available,,,,TRUE
I-763,INDO A-763,rent,INDOWESTERN,1,,,,,,3,available,,,,TRUE
I-764,INDO A-764,rent,INDOWESTERN,1,,,,,,3,available,,,,TRUE
I-765,INDO A-765,rent,INDOWESTERN,1,,,,,,3,available,,,,TRUE
I-766,INDO A-766,rent,INDOWESTERN,1,,,,,,3,available,,,,TRUE
I-767[46],INDO A-767 [46],rent,INDOWESTERN,1,,,,PINK,46,3,available,,,SEM BUTTAN,TRUE
I-768[42],INDO A-768 [42],rent,INDOWESTERN,1,,,,PINK,42,3,available,,,JACKET LALABHAI VADU,TRUE
I-769[44],INDO A-769 [44],rent,INDOWESTERN,1,,,,PINK,44,3,available,,,JACKET LALABHAI VADU,TRUE
I-770[44],INDO A-770 [44],rent,INDOWESTERN,1,,,,WHITE,44,3,available,,,,TRUE
I-771,INDO A-771,rent,INDOWESTERN,1,,,,,,3,available,,,,TRUE
I-772,INDO A-772,rent,INDOWESTERN,1,,,,,,3,available,,,,TRUE
I-773,INDO A-773,rent,INDOWESTERN,1,,,,,,3,available,,,,TRUE
I-774,INDO A-774,rent,INDOWESTERN,1,,,,,,3,available,,,,TRUE
I-775[34],INDO A-775 [34],rent,INDOWESTERN,1,,,,GREEN,34,3,available,,,JACKET HAKZAGON TIKI WORK,TRUE
I-776,INDO A-776,rent,INDOWESTERN,1,,,,,,3,available,,,,TRUE
I-777[36],INDO A-777 [36],rent,INDOWESTERN,1,,,,RAMA,36,3,available,,,JACKET VELVET MULTI WORK,TRUE
I-778[36],INDO A-778 [36],rent,INDOWESTERN,1,,,,WHITE,36,3,available,,,SINH+MOR SIMBOL,TRUE
I-779[36],INDO A-779 [36],rent,INDOWESTERN,1,,,,WHITE,36,3,available,,,SINH+MOR SIMBOL,TRUE
I-780,INDO A-780,rent,INDOWESTERN,1,,,,,,3,available,,,,TRUE
I-781,INDO A-781,rent,INDOWESTERN,1,,,,,,3,available,,,,TRUE
I-782,INDO A-782,rent,INDOWESTERN,1,,,,,,3,available,,,,TRUE
I-783[36],INDO A-783 [36],rent,INDOWESTERN,1,,,,PINK,36,3,available,,,JACKET LALABHAI VADU,TRUE
I-784,INDO A-784,rent,INDOWESTERN,1,,,,,,3,available,,,,TRUE
I-785[40],INDO A-785 [40],rent,INDOWESTERN,1,,,,WHITE,40,3,available,,,MAROON SADAM VADU,TRUE
I-786[34],INDO A-786 [34],rent,INDOWESTERN,1,,,,WHITE,34,3,available,,,RANI MOTA FLOWER SADAM,TRUE
I-787,INDO A-787,rent,INDOWESTERN,1,,,,,,3,available,,,,TRUE
I-788[36],INDO A-788 [36],rent,INDOWESTERN,1,,,,WHITE,36,3,available,,,BARI VADU TACHAP,TRUE
I-789[38],INDO A-789 [38],rent,INDOWESTERN,1,,,,WHITE,38,3,available,,,RANI SADAM VADU,TRUE
I-790[34],INDO A-790 [34],rent,INDOWESTERN,1,,,,MAROON ,34,3,available,,,VELVET PAN WORK VADU,TRUE
I-791[38],INDO A-791 [38],rent,INDOWESTERN,1,,,,WHITE,38,3,available,,,MAROON SADAM VADU,TRUE
I-792,INDO A-792,rent,INDOWESTERN,1,,,,,,3,available,,,,TRUE
I-793,INDO A-793,rent,INDOWESTERN,1,,,,,,3,available,,,,TRUE
I-794[36],INDO A-794 [36],rent,INDOWESTERN,1,,,,PINK,36,3,available,,,JECKET LALABHAI VADU,TRUE
I-795,INDO A-795,rent,INDOWESTERN,1,,,,,,3,available,,,,TRUE
I-796,INDO A-796,rent,INDOWESTERN,1,,,,,,3,available,,,,TRUE
I-797,INDO A-797,rent,INDOWESTERN,1,,,,,,3,available,,,,TRUE
I-798[36],INDO A-798 [36],rent,INDOWESTERN,1,,,,PINK,36,3,available,,,DAMAN,TRUE
I-799,INDO A-799,rent,INDOWESTERN,1,,,,,,3,available,,,,TRUE
I-800[38],INDO A-800 [38],rent,INDOWESTERN,1,,,,PINK,38,3,available,,,MIRAR,TRUE
I-801[38],INDO A-801 [38],rent,INDOWESTERN,1,,,,RAMA,38,3,available,,,DOUBLE PATTERN VADU,TRUE
I-802,INDO A-802,rent,INDOWESTERN,1,,,,,,3,available,,,,TRUE
I-803,INDO A-803,rent,INDOWESTERN,1,,,,,,3,available,,,,TRUE
I-804[34],INDO A-804 [34],rent,INDOWESTERN,1,,,,BLUE,34,3,available,,,VELVET TIKI WORK,TRUE
I-805[38],INDO A-805 [38],rent,INDOWESTERN,1,,,,WHITE,38,3,available,,,SEM BUTTAN SEM FEBRIC,TRUE
I-806[32],INDO A-806 [32],rent,INDOWESTERN,1,,,,PINK,32,3,available,,,MIRAR,TRUE
I-807[48],INDO A-807 [48],rent,INDOWESTERN,1,,,,WHITE,48,3,available,,,SEM BUTTAN SEM FEBRIC,TRUE
I-808,INDO A-808,rent,INDOWESTERN,1,,,,,,3,available,,,,TRUE
I-809,INDO A-809,rent,INDOWESTERN,1,,,,,,3,available,,,,TRUE
I-810[40],INDO A-810 [40],rent,INDOWESTERN,1,,,,MAROON,40,3,available,,,SINH+MOR SIMBOL,TRUE
I-811[36],INDO A-811 [36],rent,INDOWESTERN,1,,,,PISTA,36,3,available,,,DAMAN,TRUE
I-812[36],INDO A-812 [36],rent,INDOWESTERN,1,,,,PINK,36,3,available,,,JORJAT,TRUE
I-813,INDO A-813,rent,INDOWESTERN,1,,,,,,3,available,,,,TRUE
I-814,INDO A-814,rent,INDOWESTERN,1,,,,,,3,available,,,,TRUE
I-815[34],INDO A-815 [34],rent,INDOWESTERN,1,,,,BLUE,34,3,available,,,SINH+MOR SIMBOL,TRUE
I-816[34],INDO A-816 [34],rent,INDOWESTERN,1,,,,BLUE,34,3,available,,,JECKET VELVET TIKI WORK,TRUE
I-817[36],INDO A-817 [36],rent,INDOWESTERN,1,,,,SKY BLUE,36,3,available,,,DOUBLE SED,TRUE
I-818,INDO A-818,rent,INDOWESTERN,1,,,,,,3,available,,,,TRUE
I-819,INDO A-819,rent,INDOWESTERN,1,,,,,,3,available,,,,TRUE
I-820,INDO A-820,rent,INDOWESTERN,1,,,,,,3,available,,,,TRUE
I-821,INDO A-821,rent,INDOWESTERN,1,,,,,,3,available,,,,TRUE
I-822,INDO A-822,rent,INDOWESTERN,1,,,,,,3,available,,,,TRUE
I-823[34],INDO A-823 [34],rent,INDOWESTERN,1,,,,WHITE,34,3,available,,,MAROON SADAM VADU,TRUE
I-824[34],INDO A-824 [34],rent,INDOWESTERN,1,,,,WHITE,34,3,available,,,MAROON SADAM VADU,TRUE
I-825,INDO A-825,rent,INDOWESTERN,1,,,,,,3,available,,,,TRUE
I-826,INDO A-826,rent,INDOWESTERN,1,,,,,,3,available,,,,TRUE
I-827,INDO A-827,rent,INDOWESTERN,1,,,,,,3,available,,,,TRUE
I-828[38],INDO A-828 [38],rent,INDOWESTERN,1,,,,OF WHITE,38,3,available,,,DAMAN,TRUE
I-829[40],INDO A-829 [40],rent,INDOWESTERN,1,,,,WHITE,40,3,available,,,MAROON SADAM VADU,TRUE
I-830,INDO A-830,rent,INDOWESTERN,1,,,,,,3,available,,,,TRUE
I-831,INDO A-831,rent,INDOWESTERN,1,,,,,,3,available,,,,TRUE
I-832,INDO A-832,rent,INDOWESTERN,1,,,,,,3,available,,,,TRUE
I-833[34],INDO A-833 [34],rent,INDOWESTERN,1,,,,PINK,34,3,available,,,LALA BHAI VADU,TRUE
I-834[38],INDO A-834 [38],rent,INDOWESTERN,1,,,,CRIME,38,3,available,,,LALA BHAI VADU,TRUE
I-835,INDO A-835,rent,INDOWESTERN,1,,,,,,3,available,,,,TRUE
I-836[38],INDO A-836 [38],rent,INDOWESTERN,1,,,,MAROON,38,3,available,,,VELVET RAVUBHA,TRUE
I-837,INDO A-837,rent,INDOWESTERN,1,,,,,,3,available,,,,TRUE
I-838[36],INDO A-838 [36],rent,INDOWESTERN,1,,,,WHITE,36,3,available,,,RANI SADAM VADU,TRUE
I-839[40],INDO A-839 [40],rent,INDOWESTERN,1,,,,PINK,40,3,available,,,MULTI JORJET,TRUE
I-840[38],INDO A-840 [38],rent,INDOWESTERN,1,,,,WHITE,38,3,available,,,DAMAN,TRUE
I-841,INDO A-841,rent,INDOWESTERN,1,,,,,,3,available,,,,TRUE
I-842[36],INDO A-842 [36],rent,INDOWESTERN,1,,,,WHITE,36,3,available,,,SAME BATAN SAME FEBRIK TUCHUP,TRUE
I-843[38],INDO A-843 [38],rent,INDOWESTERN,1,,,,WHITE,38,3,available,,,BARI VADU RANI TUCHUP,TRUE
I-844[44],INDO A-844 [44],rent,INDOWESTERN,1,,,,WHITE,44,3,available,,,BARI VADU RANI TUCHUP,TRUE
I-845,INDO A-845,rent,INDOWESTERN,1,,,,,,3,available,,,,TRUE
I-846[40],INDO A-846 [40],rent,INDOWESTERN,1,,,,WHITE,40,3,available,,,SAME BATAN SAME FEBRIK TUCHUP,TRUE
I-847,INDO A-847,rent,INDOWESTERN,1,,,,,,3,available,,,,TRUE
I-848[42],INDO A-848 [42],rent,INDOWESTERN,1,,,,BOTUL GREEN,42,3,available,,,GOLDAN PRINT,TRUE
I-849[38],INDO A-849 [38],rent,INDOWESTERN,1,,,,PINK ,38,3,available,,,LALA BHAI VADU,TRUE
I-850[36],INDO A-850 [36],rent,INDOWESTERN,1,,,,WHITE,36,3,available,,,BARI TUCHUP,TRUE
I-851,INDO A-851,rent,INDOWESTERN,1,,,,,,3,available,,,,TRUE
I-852[36],INDO A-852 [36],rent,INDOWESTERN,1,,,,BLUE,36,3,available,,,SINH+MOR SIMBOL,TRUE
I-853,INDO A-853,rent,INDOWESTERN,1,,,,,,3,available,,,,TRUE
I-854[46],INDO A-854 [46],rent,INDOWESTERN,1,,,,WHITE,46,3,available,,,SAME BATAN SAME FEBRIK TUCHUP,TRUE
I-855,INDO A-855,rent,INDOWESTERN,1,,,,,,3,available,,,,TRUE
I-856[34],INDO A-856 [34],rent,INDOWESTERN,1,,,,,34,3,available,,,DAMAN BARI TUCHUP,TRUE
I-857[36],INDO A-857 [36],rent,INDOWESTERN,1,,,,WHITE,36,3,available,,,MAROON SADAM VADU,TRUE
I-858[40],INDO A-858 [40],rent,INDOWESTERN,1,,,,,40,3,available,,,VELVET MAROON RAVUBHA,TRUE
I-859[36],INDO A-859 [36],rent,INDOWESTERN,1,,,,OF WHITE,36,3,available,,,PICH MOTA FLOWER,TRUE
I-860,INDO A-860,rent,INDOWESTERN,1,,,,,,3,available,,,,TRUE
I-861,INDO A-861,rent,INDOWESTERN,1,,,,,,3,available,,,,TRUE
I-862[36],INDO A-862 [36],rent,INDOWESTERN,1,,,,BLUE,36,3,available,,,DUBLE PATERN VADU,TRUE
I-863,INDO A-863,rent,INDOWESTERN,1,,,,,,3,available,,,,TRUE
I-864,INDO A-864,rent,INDOWESTERN,1,,,,,,3,available,,,,TRUE
I-865,INDO A-865,rent,INDOWESTERN,1,,,,,,3,available,,,,TRUE
I-866[40],INDO A-866 [40],rent,INDOWESTERN,1,,,,PINK,40,3,available,,,SINH+MOR SIMBOL,TRUE
I-867,INDO A-867,rent,INDOWESTERN,1,,,,,,3,available,,,,TRUE
I-868,INDO A-868,rent,INDOWESTERN,1,,,,,,3,available,,,,TRUE
I-869[36],INDO A-869 [36],rent,INDOWESTERN,1,,,,WHITE,36,3,available,,,MULTI JITU VADI,TRUE
I-870,INDO A-870,rent,INDOWESTERN,1,,,,,,3,available,,,,TRUE
I-871[34],INDO A-871 [34],rent,INDOWESTERN,1,,,,WHITE,34,3,available,,,MAROON SADAM VADU,TRUE
I-872[38],INDO A-872 [38],rent,INDOWESTERN,1,,,,WHITE,38,3,available,,,PINK PISTA PANDDI VADU,TRUE
I-873,INDO A-873,rent,INDOWESTERN,1,,,,,,3,available,,,,TRUE
I-874[36],INDO A-874 [36],rent,INDOWESTERN,1,,,,PINK,36,3,available,,,MULTI JORJET,TRUE
I-875[38],INDO A-875 [38],rent,INDOWESTERN,1,,,,,38,3,available,,,VELVET MAROON RAVUBHA,TRUE
I-876,INDO A-876,rent,INDOWESTERN,1,,,,,,3,available,,,,TRUE
I-877,INDO A-877,rent,INDOWESTERN,1,,,,,,3,available,,,,TRUE
I-878[44],INDO A-878 [44],rent,INDOWESTERN,1,,,,PINK ,44,3,available,,,LALA BHAI VADU,TRUE
I-879,INDO A-879,rent,INDOWESTERN,1,,,,,,3,available,,,,TRUE
I-880,INDO A-880,rent,INDOWESTERN,1,,,,,,3,available,,,,TRUE
I-881[34],INDO A-881 [34],rent,INDOWESTERN,1,,,,WHITE,34,3,available,,,SEM BUTTAN SEM FEBRIC,TRUE
I-882[42],INDO A-882 [42],rent,INDOWESTERN,1,,,,MAROON ,42,3,available,,,SINH+MOR SIMBOL,TRUE
I-883,INDO A-883,rent,INDOWESTERN,1,,,,,,3,available,,,,TRUE
I-884,INDO A-884,rent,INDOWESTERN,1,,,,,,3,available,,,,TRUE
I-885,INDO A-885,rent,INDOWESTERN,1,,,,,,3,available,,,,TRUE
I-886[38],INDO A-886 [38],rent,INDOWESTERN,1,,,,MAROON ,38,3,available,,,JACKET VELVET TIKI WORK ,TRUE
I-887[46],INDO A-887 [46],rent,INDOWESTERN,1,,,,PINK,46,3,available,,,LALA BHAI VADU,TRUE
I-888,INDO A-888,rent,INDOWESTERN,1,,,,,,3,available,,,,TRUE
I-889[40],INDO A-889 [40],rent,INDOWESTERN,1,,,,PINK,40,3,available,,,JAPOJET,TRUE
I-890[36],INDO A-890 [36],rent,INDOWESTERN,1,,,,WHITE,36,3,available,,,PICH MOTA FLOWER,TRUE
I-891[42],INDO A-891 [42],rent,INDOWESTERN,1,,,,PICH,42,3,available,,,ASPAN PANVADU,TRUE
I-892[36],INDO A-892 [36],rent,INDOWESTERN,1,,,,WHITE,36,3,available,,,SIMBOL BHATTI HATHIVADU,TRUE
I-893[36],INDO A-893 [36],rent,INDOWESTERN,1,,,,WHITE,36,3,available,,,BARI VADU TACHAP,TRUE
I-894,INDO A-894,rent,INDOWESTERN,1,,,,,,3,available,,,,TRUE
I-895[32],INDO A-895 [32],rent,INDOWESTERN,1,,,,PINK,32,3,available,,,DAMAN,TRUE
I-896,INDO A-896,rent,INDOWESTERN,1,,,,,,3,available,,,,TRUE
I-897[40],INDO A-897 [40],rent,INDOWESTERN,1,,,,WHITE,40,3,available,,,PINK PISTA TAPKI VADU,TRUE
I-898[42],INDO A-898 [42],rent,INDOWESTERN,1,,,,,42,3,available,,,,TRUE
I-899[34],INDO A-899 [34],rent,INDOWESTERN,1,,,,PICH,34,3,available,,,JACKET DAMAN,TRUE
I-900[42],INDO A-900 [42],rent,INDOWESTERN,1,,,,PINK,42,3,available,,,DAMAN,TRUE
I-901[36],INDO A-901 [36],rent,INDOWESTERN,1,,,,PINK,36,3,available,,,SINH+MOR NICHE HATHI VADU,TRUE
I-902,INDO A-902,rent,INDOWESTERN,1,,,,,,3,available,,,,TRUE
I-903,INDO A-903,rent,INDOWESTERN,1,,,,,,3,available,,,,TRUE
I-904,INDO A-904,rent,INDOWESTERN,1,,,,,,3,available,,,,TRUE
I-905[36],INDO A-905 [36],rent,INDOWESTERN,1,,,,PINK,36,3,available,,,DAMAN,TRUE
I-906,INDO A-906 ,rent,INDOWESTERN,1,,,,BLUE,,3,available,,,SINH+MOR SIMBOL,TRUE
I-907[34],INDO A-907 [34],rent,INDOWESTERN,1,,,,MAROON ,34,3,available,,,JACKET VELVET ,TRUE
I-908[38],INDO A-908 [38],rent,INDOWESTERN,1,,,,MAROON,38,3,available,,,SINH+MOR SIMBOL,TRUE
I-909[36],INDO A-909 [36],rent,INDOWESTERN,1,,,,PINK,36,3,available,,,JAPOJET,TRUE
I-910,INDO A-910,rent,INDOWESTERN,1,,,,,,3,available,,,,TRUE
I-911,INDO A-911,rent,INDOWESTERN,1,,,,,,3,available,,,,TRUE
I-912,INDO A-912,rent,INDOWESTERN,1,,,,,,3,available,,,,TRUE
I-913,INDO A-913,rent,INDOWESTERN,1,,,,,,3,available,,,,TRUE
I-914,INDO A-914,rent,INDOWESTERN,1,,,,,,3,available,,,,TRUE
I-915[42],INDO A-915 [42],rent,INDOWESTERN,1,,,,PINK,42,3,available,,,JECKET LALABHAI VADU,TRUE
I-916,INDO A-916,rent,INDOWESTERN,1,,,,,,3,available,,,,TRUE
I-917[36],INDO A-917 [36],rent,INDOWESTERN,1,,,,PINK,36,3,available,,,JAPOJET,TRUE
I-918[36],INDO A-918 [36],rent,INDOWESTERN,1,,,,WHITE,36,3,available,,,PINK PISTA TACHAP,TRUE
I-919,INDO A-919,rent,INDOWESTERN,1,,,,,,3,available,,,,TRUE
I-920,INDO A-920,rent,INDOWESTERN,1,,,,,,3,available,,,,TRUE
I-921[38],INDO A-921 [38],rent,INDOWESTERN,1,,,,PINK,38,3,available,,,MIRAR,TRUE
I-922,INDO A-922,rent,INDOWESTERN,1,,,,,,3,available,,,,TRUE
I-923[34],INDO A-923 [34],rent,INDOWESTERN,1,,,,WHITE,34,3,available,,,DAMAN PICH PISTA FUDADI,TRUE
I-924,INDO A-924,rent,INDOWESTERN,1,,,,,,3,available,,,,TRUE
I-925[36],INDO A-925 [36],rent,INDOWESTERN,1,,,,OFF WHITE,36,3,available,,,DAMAN PICH PISTA FUDADI,TRUE
I-926[40],INDO A-926 [40],rent,INDOWESTERN,1,,,,MULTI,40,3,available,,,ASPAN PANVADU,TRUE
I-927[40],INDO A-927 [40],rent,INDOWESTERN,1,,,,SKY BLUE,40,3,available,,,DOUBLE SHED,TRUE
I-928,INDO A-928,rent,INDOWESTERN,1,,,,,,3,available,,,,TRUE
I-929[38],INDO A-929 [38],rent,INDOWESTERN,1,,,,PINK,38,3,available,,,JAPOJET,TRUE
I-930[40],INDO A-930 [40],rent,INDOWESTERN,1,,,,PINK,40,3,available,,,JAPOJET PANVADU,TRUE
I-931[30],INDO A-931 [30],rent,INDOWESTERN,1,,,,WHITE,30,3,available,,,DAMAN MULTI BHARVADI,TRUE
I-932,INDO A-932,rent,INDOWESTERN,1,,,,,,3,available,,,,TRUE
I-933,INDO A-933,rent,INDOWESTERN,1,,,,,,3,available,,,,TRUE
I-934,INDO A-934,rent,INDOWESTERN,1,,,,,,3,available,,,,TRUE
I-935,INDO A-935,rent,INDOWESTERN,1,,,,,,3,available,,,,TRUE
I-936,INDO A-936,rent,INDOWESTERN,1,,,,,,3,available,,,,TRUE
I-937[40],INDO A-937 [40],rent,INDOWESTERN,1,,,,CREAM ,40,3,available,,,MULTI CHAKKAR VADU,TRUE
I-938,INDO A-938,rent,INDOWESTERN,1,,,,,,3,available,,,,TRUE
I-939[42],INDO A-939 [42],rent,INDOWESTERN,1,,,,PINK,42,3,available,,,JAPOJET,TRUE
I-940[34],INDO A-940 [34],rent,INDOWESTERN,1,,,,BLUE,34,3,available,,,VELVET MULTIJACKET,TRUE
I-941[34],INDO A-941 [34],rent,INDOWESTERN,1,,,,MULTI ,34,3,available,,,JACKET DAMAN JAPOJET,TRUE
I-942[38],INDO A-942 [38],rent,INDOWESTERN,1,,,,RAMA GREEN,38,3,available,,,VELVET HAKZA GON,TRUE
I-943[34],INDO A-943 [34],rent,INDOWESTERN,1,,,,WHITE,34,3,available,,,SINH+MOR SIMBOL,TRUE
I-944[34],INDO A-944 [34],rent,INDOWESTERN,1,,,,FALSA,34,3,available,,,VELVET JACKET CHEKS,TRUE
I-945[34],INDO A-945 [34],rent,INDOWESTERN,1,,,,PINK,34,3,available,,,JAPOJAT MULTI,TRUE
I-946[36],INDO A-946 [36],rent,INDOWESTERN,1,,,,WHITE,36,3,available,,,PISTA MAROON PICH KERI VADI,TRUE
I-947[34],INDO A-947 [34],rent,INDOWESTERN,1,,,,MULTI,34,3,available,,,KOTHARIYA,TRUE
I-948[36],INDO A-948 [36],rent,INDOWESTERN,1,,,,MAROON,36,3,available,,,VELVET CHEX TIKI WORK,TRUE
I-949[36],INDO A-949 [36],rent,INDOWESTERN,1,,,,BLUE,36,3,available,,,VELVET RAMA JAMBALI WORK ,TRUE
I-950[36],INDO A-950 [36],rent,INDOWESTERN,1,,,,WHITE,36,3,available,,,MAROON TUCHUP CHOKDA,TRUE
I-951[40],INDO A-951 [40],rent,INDOWESTERN,1,,,,WHITE,40,3,available,,,SINH MOR SIMBOL,TRUE
I-952[34],INDO A-952 [34],rent,INDOWESTERN,1,,,,WHITE,34,3,available,,,RANI DIMOND PLUS VADU,TRUE
I-953[34],INDO A-953 [34],rent,INDOWESTERN,1,,,,BLUE,34,3,available,,,VELVET WORK VADU,TRUE
I-954[42],INDO A-954 [42],rent,INDOWESTERN,1,,,,PINK,42,3,available,,,MIRAR,TRUE
I-955[42],INDO A-955 [42],rent,INDOWESTERN,1,,,,MAROON ,42,3,available,,,VELVET RAVUBHA,TRUE
I-956[40],INDO A-956 [40],rent,INDOWESTERN,1,,,,FALSA,40,3,available,,,VELVET CHEX  ,TRUE
I-957[38],INDO A-957 [38],rent,INDOWESTERN,1,,,,WHITE,38,3,available,,,FARMO,TRUE
I-958[34],INDO A-958 [34],rent,INDOWESTERN,1,,,,MULTI,34,3,available,,,MONOPOLI,TRUE
I-959,INDO A-959 ,rent,INDOWESTERN,1,,,,,,3,available,,,,TRUE
I-960[38],INDO A-960 [38],rent,INDOWESTERN,1,,,,FALSA,38,3,available,,,VELVET CHEX VADU,TRUE
I-961[34],INDO A-961 [34],rent,INDOWESTERN,1,,,,BLUE,34,3,available,,,VELVET JANGLI FLOWER,TRUE
I-962[36],INDO A-962 [36],rent,INDOWESTERN,1,,,,FALSA,36,3,available,,,VELVET CHEX VADU,TRUE
I-963[34],INDO A-963 [34],rent,INDOWESTERN,1,,,,FALSA,34,3,available,,,VELVET CHEX VADU,TRUE
I-964[34],INDO A-964 [34],rent,INDOWESTERN,1,,,,WHITE,34,3,available,,,TRISUL VADU RANI TUCHUP,TRUE
I-965[36],INDO A-965 [36],rent,INDOWESTERN,1,,,,FALSA,36,3,available,,,VEL VADU,TRUE
I-966[36],INDO A-966 [36],rent,INDOWESTERN,1,,,,WHITE,36,3,available,,,INDO FARMO,TRUE
I-967[36],INDO A-967 [36],rent,INDOWESTERN,1,,,,MAROON,36,3,available,,,VELVET TIKI WORK,TRUE
I-968,INDO A-968 ,rent,INDOWESTERN,1,,,,,,3,available,,,,TRUE
I-969[36],INDO A-969 [36],rent,INDOWESTERN,1,,,,JAMBALI,36,3,available,,,VELVET CHEX VADU,TRUE
I-970[40],INDO A-970 [40],rent,INDOWESTERN,1,,,,BLUE,40,3,available,,,VELVET TIKI WORK,TRUE
I-971[34],INDO A-971 [34],rent,INDOWESTERN,1,,,,FALSA,34,3,available,,,VELVET CHEX VADU,TRUE
I-972[34],INDO A-972 [34],rent,INDOWESTERN,1,,,,MULTI,34,3,available,,,AADI KERI VADU,TRUE
I-973[36],INDO A-973 [36],rent,INDOWESTERN,1,,,,WHITE,36,3,available,,,TRISUL VADU MAROON TUCHUP,TRUE
I-974,INDO A-974 ,rent,INDOWESTERN,1,,,,,,3,available,,,,TRUE
I-975[34],INDO A-975 [34],rent,INDOWESTERN,1,,,,JAMBALI,34,3,available,,,VELVET TIKI WORK,TRUE
I-976[36],INDO A-976 [36],rent,INDOWESTERN,1,,,,CREAM ,36,3,available,,,CHOKDA VADU MAROON TUCHUP,TRUE
I-977[34],INDO A-977 [34],rent,INDOWESTERN,1,,,,WHITE,34,3,available,,,MAROON TRISUL VADI,TRUE
I-978[36],INDO A-978 [36],rent,INDOWESTERN,1,,,,OFF WHITE,36,3,available,,,MULTI,TRUE
I-979[48],INDO A-979 [48],rent,INDOWESTERN,1,,,,FALSA,48,3,available,,,CHEX VADU,TRUE
I-980,INDO A-980 ,rent,INDOWESTERN,1,,,,,,3,available,,,,TRUE
I-981[46],INDO A-981 [46],rent,INDOWESTERN,1,,,,FALSA,46,3,available,,,CHEX VADU,TRUE
I-982[36],INDO A-982 [36],rent,INDOWESTERN,1,,,,MULTI,36,3,available,,,DAMAN,TRUE
I-983[40],INDO A-983 [40],rent,INDOWESTERN,1,,,,MAROON ,40,3,available,,,VELVET WORK VADU,TRUE
I-984[34],INDO A-984 [34],rent,INDOWESTERN,1,,,,BLUE,34,3,available,,,VELVET TIKI WORK,TRUE
I-985[38],INDO A-985 [38],rent,INDOWESTERN,1,,,,WHITE,38,3,available,,,MAROON CHOKDA VADU,TRUE
I-986[34],INDO A-986 [34],rent,INDOWESTERN,1,,,,MULTI,34,3,available,,,CHEX VADU,TRUE
I-987[36],INDO A-987 [36],rent,INDOWESTERN,1,,,,WHITE,36,3,available,,,BARI VADU,TRUE
I-988,INDO A-988,rent,INDOWESTERN,1,,,,,,3,available,,,,TRUE
I-989[42],INDO A-989 [42],rent,INDOWESTERN,1,,,,PINK,42,3,available,,,SINH MOR SIMBOL,TRUE
I-990[44],INDO A-990 [44],rent,INDOWESTERN,1,,,,MAROON ,44,3,available,,,SINH MOR SIMBOL,TRUE
I-991,INDO A-991 ,rent,INDOWESTERN,1,,,,,,3,available,,,,TRUE
I-992[34],INDO A-992 [34],rent,INDOWESTERN,1,,,,FALSA,34,3,available,,,CHEX VADU,TRUE
I-993,INDO A-993,rent,INDOWESTERN,1,,,,,,3,available,,,,TRUE
I-994[36],INDO A-994 [36],rent,INDOWESTERN,1,,,,SKY ,36,3,available,,,SAD-A,TRUE
I-995[40],INDO A-995 [40],rent,INDOWESTERN,1,,,,WHITE,40,3,available,,,MAROON TUCHUP TRISUL,TRUE
I-996[36],INDO A-996 [36],rent,INDOWESTERN,1,,,,MULTI,36,3,available,,,MONOPOLI,TRUE
I-997[36],INDO A-997 [36],rent,INDOWESTERN,1,,,,PISTA,36,3,available,,,SINH MOR SIMBOL,TRUE
I-998[34],INDO A-998 [34],rent,INDOWESTERN,1,,,,BLUE,34,3,available,,,VELVET RAMA JAMBALI WORK ,TRUE
I-999[34],INDO A-999 [34],rent,INDOWESTERN,1,,,,MAROON,34,3,available,,,KASAB WORK,TRUE
I-1000[36],INDO A-1000[36],rent,INDOWESTERN,1,,,,WHITE,36,3,available,,,DAMAN MAROON GREEN TUCHUP,TRUE
I-1001[34],INDO A-1001 [34],rent,INDOWESTERN,1,,,,MULTI,34,3,available,,,MONOPOLI,TRUE
I-1002,INDO A-1002,rent,INDOWESTERN,1,,,,,,3,available,,,,TRUE
I-1003[36],INDO A-1003 [36],rent,INDOWESTERN,1,,,,BLUE,36,3,available,,,VELVET JACKET RAMA+JAMBALI PANDADI VADU,TRUE
I-1004[36],INDO A-1004 [36],rent,INDOWESTERN,1,,,,MAROON,36,3,available,,,SINH+MOR SIMBOL,TRUE
I-1005[34],INDO A-1005 [34],rent,INDOWESTERN,1,,,,MULTI,34,3,available,,,MONOPOLI,TRUE
I-1006[38],INDO A-1006 [38],rent,INDOWESTERN,1,,,,WHITE,38,3,available,,,DAMAN BHARVADI,TRUE
I-1007[34],INDO A-1007 [34],rent,INDOWESTERN,1,,,,MAROON,34,3,available,,,VELVET JACKET TIKI WORK VADU,TRUE
I-1008[34],INDO A-1008 [34],rent,INDOWESTERN,1,,,,PISTA,34,3,available,,,JACKET GREEN DAMAN WHITE WORK,TRUE
I-1009[36],INDO A-1009 [36],rent,INDOWESTERN,1,,,,,36,3,available,,,GREEN WORK VADU & HATHI + BATAK TIKI WORK,TRUE
I-1010[36],INDO A-1010 [36],rent,INDOWESTERN,1,,,,WHITE,36,3,available,,,WORK VADU,TRUE
I-1011[36],INDO A-1011 [36],rent,INDOWESTERN,1,,,,BLUE,36,3,available,,,TIKI VADU,TRUE
I-1012[40],INDO A-1012 [40],rent,INDOWESTERN,1,,,,WHITE,40,3,available,,,BARI VADU,TRUE
I-1013[42],INDO A-1013 [42],rent,INDOWESTERN,1,,,,BLUE,42,3,available,,,VELVET JACKET RAMA+JAMBALI PANDADI VADU,TRUE
I-1014[38],INDO A-1014 [38],rent,INDOWESTERN,1,,,,WHITE ,38,3,available,,,PRASHANT BHAI,TRUE
I-1015[38],INDO A-1015 [38],rent,INDOWESTERN,1,,,,MULTI,38,3,available,,,MONOPOLI,TRUE
I-1016,INDO A-1016,rent,INDOWESTERN,1,,,,,,3,available,,,,TRUE
I-1017,INDO A-1017,rent,INDOWESTERN,1,,,,,,3,available,,,,TRUE
I-1018[40],INDO A-1018 [40],rent,INDOWESTERN,1,,,,PINK,40,3,available,,,,TRUE
I-1019[34],INDO A-1019 [34],rent,INDOWESTERN,1,,,,MULTI,34,3,available,,,MONOPOLI,TRUE
I-1020[34],INDO A-1020 [34],rent,INDOWESTERN,1,,,,MULTI,34,3,available,,,MONOPOLI,TRUE
I-1021[34],INDO A-1021 [34],rent,INDOWESTERN,1,,,,BLUE,34,3,available,,,VELVET JACKET TIKI WORK VADU,TRUE
I-1022[34],INDO A-1022 [34],rent,INDOWESTERN,1,,,,WHITE,34,3,available,,,TISHUL VADU MAROON TACHAP,TRUE
I-1023[34],INDO A-1023 [34],rent,INDOWESTERN,1,,,,WHITE,34,3,available,,,PLAS VADU MAROON TACHAP,TRUE
I-1024[40],INDO A-1024 [40],rent,INDOWESTERN,1,,,,PINK,40,3,available,,,MIRAR,TRUE
I-1025,INDO A-1025,rent,INDOWESTERN,1,,,,,,3,available,,,,TRUE
I-1026[34],INDO A-1026 [34],rent,INDOWESTERN,1,,,,MAROON,34,3,available,,,VELVET JACKET TIKI WORK VADU,TRUE
I-1027[32],INDO A-1027 [32],rent,INDOWESTERN,1,,,,WHITE,32,3,available,,,KOTI VADU,TRUE
I-1028[40],INDO A-1028 [40],rent,INDOWESTERN,1,,,,MULTI,40,3,available,,,CHAKKAR VADU,TRUE
I-1029[44],INDO A-1029 [44],rent,INDOWESTERN,1,,,,WHITE,44,3,available,,,MAROON HATHI VARGHODO,TRUE
I-1030,INDO A-1030,rent,INDOWESTERN,1,,,,,,3,available,,,,TRUE
I-1031[38],INDO A-1031 [38],rent,INDOWESTERN,1,,,,FALSA,38,3,available,,,VELVET JACKET CHEKAS,TRUE
I-1032[36],INDO A-1032 [36],rent,INDOWESTERN,1,,,,WINE,36,3,available,,,MULTI WORK VADU,TRUE
I-1033[44],INDO A-1033 [44],rent,INDOWESTERN,1,,,,FALSA,44,3,available,,,CHEKAS VADU,TRUE
I-1034[34],INDO A-1034 [34],rent,INDOWESTERN,1,,,,WINE,34,3,available,,,VELVET JACKET MOTA FLOWER,TRUE
I-1035[34],INDO A-1035 [34],rent,INDOWESTERN,1,,,,CREAM,34,3,available,,,JACKET LALABHAI VADU,TRUE
I-1036[34],INDO A-1036 [34],rent,INDOWESTERN,1,,,,WHITE,34,3,available,,,SINH+MOR SIMBOL,TRUE
I-1037[42],INDO A-1037 [42],rent,INDOWESTERN,1,,,,FALSA ,42,3,available,,,CHEKAS VADU,TRUE
I-1038[38],INDO A-1038 [38],rent,INDOWESTERN,1,,,,BLUE,38,3,available,,,VELVET TIKI WORK,TRUE
I-1039[36],INDO A-1039 [36],rent,INDOWESTERN,1,,,,FALSA,36,3,available,,,JACKET VELVET MOTA FLOWER,TRUE
I-1040[36],INDO A-1040 [36],rent,INDOWESTERN,1,,,,WHITE,36,3,available,,,,TRUE
I-1041[32],INDO A-1041 [32],rent,INDOWESTERN,1,,,,MULTI,32,3,available,,,MONOPOLI,TRUE
I-1042[34],INDO A-1042 [34],rent,INDOWESTERN,1,,,,WHITE,34,3,available,,,MAROON PLAS VADU,TRUE
I-1043[32],INDO A-1043 [32],rent,INDOWESTERN,1,,,,MULTI ,32,3,available,,,JACKET DAMAN,TRUE
I-1044[36],INDO A-1044 [36],rent,INDOWESTERN,1,,,,MULTI,36,3,available,,,MONOPOLI,TRUE
I-1045[40],INDO A-1045 [40],rent,INDOWESTERN,1,,,,FALSA,40,3,available,,,VELVET JACKET CHEKAS ,TRUE
I-1046[38],INDO A-1046 [38],rent,INDOWESTERN,1,,,,MULTI,38,3,available,,,CHAKKAR VADU,TRUE
I-1047[38],INDO A-1047 [38],rent,INDOWESTERN,1,,,,WHITE,38,3,available,,,DAMAN MAROON FARMO,TRUE
I-1048[46],INDO A-1048 [46],rent,INDOWESTERN,1,,,,WHITE,46,3,available,,,MAROON TRISHUL VADU,TRUE
I-1049[36],INDO A-1049 [36],rent,INDOWESTERN,1,,,,FALSA,36,3,available,,,VELVET JACKET CHEKAS,TRUE
I-1050[36],INDO A-1050 [36],rent,INDOWESTERN,1,,,,MULTI,36,3,available,,,CHAKKAR VADI,TRUE
I-1051[32],INDO A-1051 [32],rent,INDOWESTERN,1,,,,FALSA,32,3,available,,,JACKET  VEL DESING,TRUE
I-1052[32],INDO A-1052 [32],rent,INDOWESTERN,1,,,,FALSA,32,3,available,,,VELVET JACKET CHEKAS,TRUE
I-1053[32],INDO A-1053 [32],rent,INDOWESTERN,1,,,,FALSA,32,3,available,,,VELVET JACKET CHEKAS,TRUE
I-1054[34],INDO A-1054 [34],rent,INDOWESTERN,1,,,,PISTA,34,3,available,,,SINH+MOR SIMBOL,TRUE
I-1055[44],INDO A-1055 [44],rent,INDOWESTERN,1,,,,PISTA,44,3,available,,,SINH+MOR SIMBOL,TRUE
I-1056,INDO A-1056,rent,INDOWESTERN,1,,,,,,3,available,,,,TRUE
I-1057[36],INDO A-1057 [36],rent,INDOWESTERN,1,,,,PISTA,36,3,available,,,SINH+MOR SIMBOL,TRUE
I-1058[36],INDO A-1058 [36],rent,INDOWESTERN,1,,,,WHITE,36,3,available,,,JACKET MULTI,TRUE
I-1059[42],INDO A-1059 [42],rent,INDOWESTERN,1,,,,PISTA,42,3,available,,,SIMBOL VADU,TRUE
I-1060[34],INDO A-1060 [34],rent,INDOWESTERN,1,,,,PINK,34,3,available,,,JACKET LALABHAI VADU,TRUE
I-1061[34],INDO A-1061 [34],rent,INDOWESTERN,1,,,,FALSA,34,3,available,,,VELVET WHITE WORK DAMAN VADU,TRUE
I-1062[34],INDO A-1062 [34],rent,INDOWESTERN,1,,,,WHITE,34,3,available,,,MAROON TACHAP,TRUE
I-1063[38],INDO A-1063 [38],rent,INDOWESTERN,1,,,,CREAM,38,3,available,,,,TRUE
I-1064[34],INDO A-1064 [34],rent,INDOWESTERN,1,,,,PISTA,34,3,available,,,SINH+MOR SIMBOL,TRUE
I-1065[42],INDO A-1065 [42],rent,INDOWESTERN,1,,,,WHITE,42,3,available,,,PINK PISTA TAPKI VADU,TRUE
I-1066[36],INDO A-1066 [36],rent,INDOWESTERN,1,,,,RANI GULABI,36,3,available,,,JACKET DAMAN VADU DOUBLE,TRUE
I-1067[38],INDO A-1067 [38],rent,INDOWESTERN,1,,,,WHITE,38,3,available,,,MAROON PLAS VADU,TRUE
I-1068[40],INDO A-1068 [40],rent,INDOWESTERN,1,,,,PISTA,40,3,available,,,SINH+MOR SIMBOL,TRUE
I-1069[36],INDO A-1069 [36],rent,INDOWESTERN,1,,,,WHITE,36,3,available,,,HATHI POPAT,TRUE
I-1070[36],INDO A-1070 [36],rent,INDOWESTERN,1,,,,OFF WHITE,36,3,available,,,MULTI NAMDEV,TRUE
I-1071[34],INDO A-1071 [34],rent,INDOWESTERN,1,,,,FALSA,34,3,available,,,VELVET JACKET CHEKAS,TRUE
I-1072[38],INDO A-1072 [38],rent,INDOWESTERN,1,,,,PISTA,38,3,available,,,SINH+MOR SIMBOL,TRUE
I-1073[32],INDO A-1073 [32],rent,INDOWESTERN,1,,,,PISTA,32,3,available,,,SIMBOL VADU,TRUE
I-1074[36],INDO A-1074 [36],rent,INDOWESTERN,1,,,,WHITE,36,3,available,,,HAND WORK MOTI TACHAP MAROON VADU,TRUE
I-1075,INDO A-1075,rent,INDOWESTERN,1,,,,,,3,available,,,,TRUE
I-1076[34],INDO A-1076 [34],rent,INDOWESTERN,1,,,,FALSA,34,3,available,,,VELEVT JACKET CHEKS,TRUE
I-1077[36],INDO A-1077 [36],rent,INDOWESTERN,1,,,,MAROON,36,3,available,,,JACKET DAMAN TIKI WORK,TRUE
I-1078[38],INDO A-1078 [38],rent,INDOWESTERN,1,,,,FALSA,38,3,available,,,VELEVT JACKET CHEKS,TRUE
I-1079[36],INDO A-1079 [36],rent,INDOWESTERN,1,,,,MULTI,36,3,available,,,MONOPOLI,TRUE
I-1080[40],INDO A-1080 [40],rent,INDOWESTERN,1,,,,WHITE,40,3,available,,,MAROON TACHAP TRISHUL VADU,TRUE
I-1081[36],INDO A-1081 [36],rent,INDOWESTERN,1,,,,WHITE,36,3,available,,,MAROON TRISHUL VADU,TRUE
I-1082,INDO A-1082,rent,INDOWESTERN,1,,,,,,3,available,,,,TRUE
I-1083[44],INDO A-1083 [44],rent,INDOWESTERN,1,,,,MAROON,44,3,available,,,PLAN,TRUE
I-1084[36],INDO A-1084 [36],rent,INDOWESTERN,1,,,,PINK,36,3,available,,,SINH+MOR SIMBOL,TRUE
I-1085[38],INDO A-1085 [38],rent,INDOWESTERN,1,,,,WHITE,38,3,available,,,PINK PISTA FUDADIVADU,TRUE
I-1086[36],INDO A-1086 [36],rent,INDOWESTERN,1,,,,WHITE,36,3,available,,,JACKET LALABHAI VADU,TRUE
I-1087[46],INDO A-1087 [46],rent,INDOWESTERN,1,,,,WHITE,46,3,available,,,MAROON HATHI VARGHODO,TRUE
I-1088[34],INDO A-1088 [34],rent,INDOWESTERN,1,,,,PINK,34,3,available,,,JACKET LALABHAI VADU,TRUE
I-1089[42],INDO A-1089 [42],rent,INDOWESTERN,1,,,,FALSA,42,3,available,,,VELVET JACKET CHEKAS,TRUE
I-1090[42],INDO A-1090 [42],rent,INDOWESTERN,1,,,,FALSA,42,3,available,,,VELVET JACKET CHEKAS,TRUE
I-1091[32],INDO A-1091 [32],rent,INDOWESTERN,1,,,,WHITE,32,3,available,,,JACKET KOTHARIYA,TRUE
I-1092[34],INDO A-1092 [34],rent,INDOWESTERN,1,,,,WHITE,34,3,available,,,MAROON VARGHODO,TRUE
I-1093[36],INDO A-1093 [36],rent,INDOWESTERN,1,,,,MULTI,36,3,available,,,MONOPOLI,TRUE
I-1094[34],INDO A-1094 [34],rent,INDOWESTERN,1,,,,MULTI,34,3,available,,,CHAKARVADU,TRUE
I-1095[38],INDO A-1095 [38],rent,INDOWESTERN,1,,,,MAROON,38,3,available,,,RAVUBHA,TRUE
I-1096[44],INDO A-1096 [44],rent,INDOWESTERN,1,,,,FALSA,44,3,available,,,VALVET CHEKAS,TRUE
I-1097[46],INDO A-1097 [46],rent,INDOWESTERN,1,,,,FALSA,46,3,available,,,JACKET CHEKAS,TRUE
I-1098[40],INDO A-1098 [40],rent,INDOWESTERN,1,,,,GREEN,40,3,available,,,HATHI BATAK,TRUE
I-1099[36],INDO A-1099 [36],rent,INDOWESTERN,1,,,,MULTI,36,3,available,,,MONOPOLI,TRUE
I-1100[34],INDO A-1100 [34],rent,INDOWESTERN,1,,,,CREAM,34,3,available,,,MULTI ASAFUN BARIVADU MONOPOLI,TRUE
I-1101[34],INDO A-1101 [34],rent,INDOWESTERN,1,,,,MULTI ,34,3,available,,,MONOPOLI,TRUE
I-1102[34],INDO A-1102 [34],rent,INDOWESTERN,1,,,,PISTA,34,3,available,,,SINH+MOR SIMBOL,TRUE
I-1103[36],INDO A-1103 [36],rent,INDOWESTERN,1,,,,PRUPLE,36,3,available,,,VELVET JACKET CHEKAS,TRUE
I-1104[38],INDO A-1104 [38],rent,INDOWESTERN,1,,,,OFF WHITE,38,3,available,,,MAROON TACHAP,TRUE
I-1105[36],INDO A-1105 [36],rent,INDOWESTERN,1,,,,WHITE,36,3,available,,,PICH CHAKKAR,TRUE
I-1106[38],INDO A-1106 [38],rent,INDOWESTERN,1,,,,MULTI,38,3,available,,,CHAKKAR VADI,TRUE
I-1107[42],INDO A-1107 [42],rent,INDOWESTERN,1,,,,WHITE,42,3,available,,,SINH+MOR SIMBOL,TRUE
I-1108[42],INDO A-1108 [42],rent,INDOWESTERN,1,,,,WHITE,42,3,available,,,MAROON TRISHUL VADU,TRUE
I-1109[40],INDO A-1109 [40],rent,INDOWESTERN,1,,,,MAROON ,40,3,available,,,JACKET BARIVADU,TRUE
I-1110[34],INDO A-1110 [34],rent,INDOWESTERN,1,,,,MULTI ,34,3,available,,,CHAKKAR VADI,TRUE
I-1111[36],INDO A-1111 [36],rent,INDOWESTERN,1,,,,WHITE,36,3,available,,,MAROON PLAS VADU,TRUE
I-1112[40],INDO A-1112 [40],rent,INDOWESTERN,1,,,,MAROON,40,3,available,,,VELVET JACKET MULTI CHEKAS,TRUE
I-1113[38],INDO A-1113 [38],rent,INDOWESTERN,1,,,,MAROON,38,3,available,,,VELVET JACKET BARI VADU DAMAN,TRUE
I-1114[42],INDO A-1114 [42],rent,INDOWESTERN,1,,,,MULTI,42,3,available,,,MONOPOLI,TRUE
I-1115,INDO A-1115,rent,INDOWESTERN,1,,,,,,3,available,,,,TRUE
I-1116[36],INDO A-1116 [36],rent,INDOWESTERN,1,,,,WHITE,36,3,available,,,HATHI+PALKHI RANI TACHAP,TRUE
I-1117[44],INDO A-1117 [44],rent,INDOWESTERN,1,,,,FALSA,44,3,available,,,VELVET JACKET CHEKSA,TRUE
I-1118[38],INDO A-1118 [38],rent,INDOWESTERN,1,,,,MULTI ,38,3,available,,,MONOPOLI,TRUE
I-1119[38],INDO A-1119 [38],rent,INDOWESTERN,1,,,,WHITE,38,3,available,,,MAROON TRISHUL VADU,TRUE
I-1120[32],INDO A-1120 [32],rent,INDOWESTERN,1,,,,WHITE,32,3,available,,,TRISHUL VADU MAROON TACHAP,TRUE
I-1121[40],INDO A-1121 [40],rent,INDOWESTERN,1,,,,WHITE,40,3,available,,,JACKET KOTHARIYA,TRUE
I-1122[36],INDO A-1122 [36],rent,INDOWESTERN,1,,,,WHITE CREAM,36,3,available,,,LALABHAI VADU,TRUE
I-1123[36],INDO A-1123 [36],rent,INDOWESTERN,1,,,,MULTI,36,3,available,,,MONOPOLI,TRUE
I-1124[40],INDO A-1124 [40],rent,INDOWESTERN,1,,,,MULTI,40,3,available,,,CHAKKAR VADU,TRUE
I-1125[38],INDO A-1125 [38],rent,INDOWESTERN,1,,,,WHITE ,38,3,available,,,MAROON TACHAP VADU,TRUE
I-1126[38],INDO A-1126 [38],rent,INDOWESTERN,1,,,,WHITE,38,3,available,,,MULTI KOTHARIYA,TRUE
I-1127[34],INDO A-1127 [34],rent,INDOWESTERN,1,,,,WHITE,34,3,available,,,CREAM WORK VADU LALO JODHAPURI,TRUE
I-1128[38],INDO A-1128 [38],rent,INDOWESTERN,1,,,,RAMA,38,3,available,,,VELVET DAMAN TIKI WORK,TRUE
I-1129[42],INDO A-1129 [42],rent,INDOWESTERN,1,,,,WHITE,42,3,available,,,SINH+MOR SIMBOL,TRUE
I-1130[40],INDO A-1130 [40],rent,INDOWESTERN,1,,,,WHITE,40,3,available,,,MAROON TACHAP PALS VADU ,TRUE
I-1131[34],INDO A-1131 [34],rent,INDOWESTERN,1,,,,MULTI,34,3,available,,,CHAKKAR VADU,TRUE
I-1132[38],INDO A-1132 [38],rent,INDOWESTERN,1,,,,PISTA,38,3,available,,,SINH+MOR SIMBOL,TRUE
I-1133[36],INDO A-1133 [36],rent,INDOWESTERN,1,,,,MULTI,36,3,available,,,ADI KERI VADU,TRUE
I-1134[36],INDO A-1134 [36],rent,INDOWESTERN,1,,,,MULTI,36,3,available,,,CHAKKAR VADI,TRUE
I-1135[36],INDO A-1135 [36],rent,INDOWESTERN,1,,,,MULTI WHITE,36,3,available,,,KOTHARIYA VADU,TRUE
I-1136[32],INDO A-1136 [32],rent,INDOWESTERN,1,,,,MULTI,32,3,available,,,MONOPOLI,TRUE
I-1137[32],INDO A-1137 [32],rent,INDOWESTERN,1,,,,WHITE,32,3,available,,,TISHULVADU MAROON TACHAP,TRUE
I-1138[34],INDO A-1138 [34],rent,INDOWESTERN,1,,,,,34,3,available,,,MAROON TACHAP KOTI PATTERN,TRUE
I-1139[34],INDO A-1139 [34],rent,INDOWESTERN,1,,,,MULTI,34,3,available,,,ADI KERI VADU,TRUE
I-1140[36],INDO A-1140 [36],rent,INDOWESTERN,1,,,,MULTI,36,3,available,,,MONOPOLI,TRUE
I-1141[34],INDO A-1141 [34],rent,INDOWESTERN,1,,,,MULTI WHITE,34,3,available,,,KOTHARIYA VADU,TRUE
I-1142,INDO A-1142,rent,INDOWESTERN,1,,,,,,3,available,,,,TRUE
I-1143,INDO A-1143,rent,INDOWESTERN,1,,,,,,3,available,,,,TRUE
I-1144[44],INDO A-1144 [44],rent,INDOWESTERN,1,,,,WHITE,44,3,available,,,MAROON HATHI VARGHODO,TRUE
I-1145[38],INDO A-1145 [38],rent,INDOWESTERN,1,,,,FALSA,38,3,available,,,VELVET JACKET MOTA FLOWER,TRUE
I-1146[34],INDO A-1146 [34],rent,INDOWESTERN,1,,,,FALSA,34,3,available,,,VELVET JACKET MOTA FLOWER,TRUE
I-1147[42],INDO A-1147 [42],rent,INDOWESTERN,1,,,,MULTI,42,3,available,,,CHAKKAR VADU,TRUE
I-1148[36],INDO A-1148 [36],rent,INDOWESTERN,1,,,,RAMA,36,3,available,,,VELVET CHEKAS,TRUE
I-1149[38],INDO A-1149 [38],rent,INDOWESTERN,1,,,,WHITE,38,3,available,,,BARI VADU,TRUE
I-1150[36],INDO A-1150 [36],rent,INDOWESTERN,1,,,,WHITE,36,3,available,,,KALSH DESING PLAS MAROON,TRUE
I-1151[40],INDO A-1151 [40],rent,INDOWESTERN,1,,,,WHITE,40,3,available,,,PRASHANT BHAI,TRUE
I-1152[36],INDO A-1152 [36],rent,INDOWESTERN,1,,,,FALSA,36,3,available,,,VELVET JACKET CHEKAS,TRUE
I-1153,INDO A-1153,rent,INDOWESTERN,1,,,,,,3,available,,,,TRUE
I-1154[40],INDO A-1154 [40],rent,INDOWESTERN,1,,,,PISTA,40,3,available,,,WHITE FLOWER WORK,TRUE
I-1155[38],INDO A-1155 [38],rent,INDOWESTERN,1,,,,WHITE,38,3,available,,,PINK PISTA TAPKI VADU,TRUE
I-1156[34],INDO A-1156 [34],rent,INDOWESTERN,1,,,,WHITE ,34,3,available,,,DAMAN,TRUE
I-1157[36],INDO A-1157 [36],rent,INDOWESTERN,1,,,,MULTI,36,3,available,,,MONOPOLI,TRUE
I-1158,INDO A-1158,rent,INDOWESTERN,1,,,,,,3,available,,,,TRUE
I-1159[36],INDO A-1159 [36],rent,INDOWESTERN,1,,,,MAROON ,36,3,available,,,VELVET JACKET TIKI WORK VADU,TRUE
I-1160,INDO A-1160,rent,INDOWESTERN,1,,,,,,3,available,,,,TRUE
I-1161[32],INDO A-1161 [32],rent,INDOWESTERN,1,,,,WHITE,32,3,available,,,MAROON TACHAP PLAS VADU,TRUE
I-1162[34],INDO A-1162 [34],rent,INDOWESTERN,1,,,,FALSA,34,3,available,,,VELVET JACKET CHEKAS,TRUE
I-1163[36],INDO A-1163 [36],rent,INDOWESTERN,1,,,,FALSA,36,3,available,,,VELVET JACKET MOTA FLOWER,TRUE
I-1164[38],INDO A-1164 [38],rent,INDOWESTERN,1,,,,MULTI,38,3,available,,,MONOPOLI,TRUE
I-1165[34],INDO A-1165 [34],rent,INDOWESTERN,1,,,,WHITE,34,3,available,,,KALASH PINK TACHAP,TRUE
I-1166[34],INDO A-1166 [34],rent,INDOWESTERN,1,,,,BLUE,34,3,available,,,VELVET JACKET JAYUBHA,TRUE
I-1167,INDO A-1167,rent,INDOWESTERN,1,,,,,,3,available,,,,TRUE
I-1168[32],INDO A-1168 [32],rent,INDOWESTERN,1,,,,PINK,32,3,available,,,JACKET LALABHAI VADU,TRUE
I-1169[32],INDO A-1169 [32],rent,INDOWESTERN,1,,,,MULTI ,32,3,available,,,MONOPOLI,TRUE
I-1170[40],INDO A-1170 [40],rent,INDOWESTERN,1,,,,MULTI,40,3,available,,,CHAKKAR VADU,TRUE
I-1171[38],INDO A-1171 [38],rent,INDOWESTERN,1,,,,MULTI,38,3,available,,,ADI KERI VADU,TRUE
I-1172,INDO A-1172,rent,INDOWESTERN,1,,,,,,3,available,,,,TRUE
I-1173[40],INDO A-1173 [40],rent,INDOWESTERN,1,,,,MULTI,40,3,available,,,CHAKKAR VADU,TRUE
I-1174[40],INDO A-1174 [40],rent,INDOWESTERN,1,,,,WHITE,40,3,available,,,MAROON TACHAP CHOKADA VADU,TRUE
I-1175[36],INDO A-1175 [36],rent,INDOWESTERN,1,,,,BLUE,36,3,available,,,VELVET JACKET AROVADU,TRUE
I-1176[38],INDO A-1176 [38],rent,INDOWESTERN,1,,,,PICH,38,3,available,,,JAPOJET,TRUE
I-1177[40],INDO A-1177 [40],rent,INDOWESTERN,1,,,,MULTI,40,3,available,,,CHAKKAR VADU,TRUE
I-1178[36],INDO A-1178 [36],rent,INDOWESTERN,1,,,,PISTA,36,3,available,,,SURYANARAYAN SIMBOL,TRUE
I-1179[32],INDO A-1179 [32],rent,INDOWESTERN,1,,,,FALSA,32,3,available,,,VELVET CHEKSA VADU,TRUE
I-1180[38],INDO A-1180 [38],rent,INDOWESTERN,1,,,,MAROON ,38,3,available,,,VELEVT RAVUBHA,TRUE
I-1181[34],INDO A-1181 [34],rent,INDOWESTERN,1,,,,WHITE,34,3,available,,,KOTI PATTERN,TRUE
I-1182[38],INDO A-1182 [38],rent,INDOWESTERN,1,,,,MULTI,38,3,available,,,CHAKKAR VADI,TRUE
I-1183,INDO A-1183,rent,INDOWESTERN,1,,,,,,3,available,,,,TRUE
I-1184[32],INDO A-1184 [32],rent,INDOWESTERN,1,,,,WHITE,32,3,available,,,TRISHUL VADU RANI TACHAP,TRUE
I-1185[34],INDO A-1185 [34],rent,INDOWESTERN,1,,,,WHITE,34,3,available,,,PLAS VADU MAROON TACHAP,TRUE
I-1186[32],INDO A-1186 [32],rent,INDOWESTERN,1,,,,WINE,32,3,available,,,VELEVT JACKET DAMAN,TRUE
I-1187[34],INDO A-1187 [34],rent,INDOWESTERN,1,,,,PISTA,34,3,available,,,SURAJ DADA SIMBOL,TRUE
I-1188[32],INDO A-1188 [32],rent,INDOWESTERN,1,,,,MULTI,32,3,available,,,MONOPOLI,TRUE
I-1189[36],INDO A-1189 [36],rent,INDOWESTERN,1,,,,WHITE,36,3,available,,,HATHI+POPAT,TRUE
I-1190[42],INDO A-1190 [42],rent,INDOWESTERN,1,,,,MAROON ,42,3,available,,,VELVET JACKET GOLDAN WORK DAMAN,TRUE
I-1191[34],INDO A-1191 [34],rent,INDOWESTERN,1,,,,PISTA,34,3,available,,,SINH+MOR SIMBOL,TRUE
I-1192[36],INDO A-1192 [36],rent,INDOWESTERN,1,,,,BLUE,36,3,available,,,VELEVT JACKET JANGALI ,TRUE
I-1193[32],INDO A-1193 [32],rent,INDOWESTERN,1,,,,CREAM,32,3,available,,,LALABHAI VADU,TRUE
I-1194[40],INDO A-1194 [40],rent,INDOWESTERN,1,,,,MULTI,40,3,available,,,MONOPOLI,TRUE
I-1195,INDO A-1195,rent,INDOWESTERN,1,,,,,,3,available,,,,TRUE
I-1196[36],INDO A-1196 [36],rent,INDOWESTERN,1,,,,MULTI,36,3,available,,,MONOPOLI,TRUE
I-1197[34],INDO A-1197 [34],rent,INDOWESTERN,1,,,,WHITE,34,3,available,,,SEM BUTTAN SEM FEBRIC TACHAP,TRUE
I-1198[44],INDO A-1198 [44],rent,INDOWESTERN,1,,,,MULTI,44,3,available,,,CHAKKAR VADU,TRUE
I-1199[40],INDO A-1199 [40],rent,INDOWESTERN,1,,,,MULTI,40,3,available,,,MONOPOLI,TRUE
I-1200[34],INDO A-1200 [34],rent,INDOWESTERN,1,,,,FALSA,34,3,available,,,VELEVT JACKET MOTA FLOWER,TRUE
I-1201[34],INDO A-1201 [34],rent,INDOWESTERN,1,,,,MULTI,34,3,available,,,ADI KERI VADU,TRUE
I-1202[38],INDO A-1202 [38],rent,INDOWESTERN,1,,,,MAROON ,38,3,available,,,WHITE WORK MULTI,TRUE
I-1203[42],INDO A-1203 [42],rent,INDOWESTERN,1,,,,WHITE,42,3,available,,,MAROON TACHAP PLAS VADU,TRUE
I-1204[40],INDO A-1204 [40],rent,INDOWESTERN,1,,,,MULTI,40,3,available,,,MONOPOLI,TRUE
I-1205[38],INDO A-1205 [38],rent,INDOWESTERN,1,,,,WHITE ,38,3,available,,,JECKET DAMAN KOTHARIYA,TRUE
I-1206[32],INDO A-1206 [32],rent,INDOWESTERN,1,,,,MAROON,32,3,available,,,VELVET JACKET BARI VADU,TRUE
I-1207[32],INDO A-1207 [32],rent,INDOWESTERN,1,,,,PISTA,32,3,available,,,SINH+MOR SIMBOL,TRUE
I-1208[34],INDO A-1208 [34],rent,INDOWESTERN,1,,,,BLUE,34,3,available,,,VELVET JACKET CHEKAS,TRUE
I-1209[38],INDO A-1209 [38],rent,INDOWESTERN,1,,,,MULTI,38,3,available,,,CHAKKAR VADU,TRUE
I-1210[32],INDO A-1210 [32],rent,INDOWESTERN,1,,,,MULTI,32,3,available,,,MONOPOLI,TRUE
I-1211[44],INDO A-1211 [44],rent,INDOWESTERN,1,,,,WHITE,44,3,available,,,MAROON HATHI VARGHODO,TRUE
I-1212,INDO A-1212,rent,INDOWESTERN,1,,,,,,3,available,,,,TRUE
I-1213[42],INDO A-1213 [42],rent,INDOWESTERN,1,,,,MULTI,42,3,available,,,CHAKKARVADU,TRUE
I-1214[44],INDO A-1214 [44],rent,INDOWESTERN,1,,,,MULTI,44,3,available,,,MONOPOLI,TRUE
I-1215[32],INDO A-1215 [32],rent,INDOWESTERN,1,,,,WHITE,32,3,available,,,TRISHULVADU RANI TACHAP,TRUE
I-1216[36],INDO A-1216 [36],rent,INDOWESTERN,1,,,,MAROON,36,3,available,,,VELVET JACKET BARI VADU,TRUE
I-1217[42],INDO A-1217 [42],rent,INDOWESTERN,1,,,,WHITE,42,3,available,,,SEM BUTTAN SEM FEBRIC TACHAP,TRUE
I-1218[34],INDO A-1218 [34],rent,INDOWESTERN,1,,,,MULTI,34,3,available,,,CHAKKAR VADI,TRUE
I-1219[40],INDO A-1219 [40],rent,INDOWESTERN,1,,,,MULTI,40,3,available,,,MONOPOLI,TRUE
I-1220[36],INDO A-1220 [36],rent,INDOWESTERN,1,,,,WHITE,36,3,available,,,JACKET MULTI KOTHARIYA,TRUE
I-1221[36],INDO A-1221 [36],rent,INDOWESTERN,1,,,,OFF WHITE,36,3,available,,,MAROON WORK,TRUE
I-1222[40],INDO A-1222 [40],rent,INDOWESTERN,1,,,,WHITE,40,3,available,,,RANI HATHI DOLI VADU,TRUE
I-1223[36],INDO A-1223 [36],rent,INDOWESTERN,1,,,,BLUE,36,3,available,,,VELVET JACKET FUL WORK VADU,TRUE
I-1224[34],INDO A-1224 [34],rent,INDOWESTERN,1,,,,WHITE,34,3,available,,,KALASH+MAROON PLAS VADU,TRUE
I-1225[30],INDO A-1225 [30],rent,INDOWESTERN,1,,,,MULTI,30,3,available,,,MONOPOLI,TRUE
I-1226[36],INDO A-1226 [36],rent,INDOWESTERN,1,,,,FALSA,36,3,available,,,VELVET JACKET DAMAN MOTA FLOWER,TRUE
I-1227[38],INDO A-1227 [38],rent,INDOWESTERN,1,,,,WHITE,38,3,available,,,HATHI VADU HAND WORK,TRUE
I-1228[32],INDO A-1228 [32],rent,INDOWESTERN,1,,,,BLUE,32,3,available,,,VELEVT JACKET,TRUE
I-1229[44],INDO A-1229 [44],rent,INDOWESTERN,1,,,,WHITE,44,3,available,,,MULTI KOTHARIYA,TRUE
I-1230[46],INDO A-1230 [46],rent,INDOWESTERN,1,,,,MULTI,46,3,available,,,CHAKKARVADU,TRUE
I-1231[32],INDO A-1231 [32],rent,INDOWESTERN,1,,,,MULTI,32,3,available,,,CHAKKARVADI,TRUE
I-1232[36],INDO A-1232 [36],rent,INDOWESTERN,1,,,,BLUE,36,3,available,,,VELEVT JACKET RAMA+JAMBALI PANDADI VADU,TRUE
I-1233[36],INDO A-1233 [36],rent,INDOWESTERN,1,,,,WHITE,36,3,available,,,RANI TRISHUL VALI,TRUE
I-1234[38],INDO A-1234 [38],rent,INDOWESTERN,1,,,,CREAM,38,3,available,,,LALABHAI VADU,TRUE
I-1235[46],INDO A-1235 [46],rent,INDOWESTERN,1,,,,FALSA,46,3,available,,,CHEKAS,TRUE
I-1236[36],INDO A-1236 [36],rent,INDOWESTERN,1,,,,WHITE,36,3,available,,,HATHI DOLIVADU RANI,TRUE
I-1237[38],INDO A-1237 [38],rent,INDOWESTERN,1,,,,,38,3,available,,,ANIMAL KOTI VADU,TRUE
I-1238[38],INDO A-1238 [38],rent,INDOWESTERN,1,,,,WHITE,38,3,available,,,MAROON KALASH DESING,TRUE
I-1239[32],INDO A-1239 [32],rent,INDOWESTERN,1,,,,,32,3,available,,,MAROON TACHAP PRASHANT BHAI,TRUE
I-1240[36],INDO A-1240 [36],rent,INDOWESTERN,1,,,,MAROON ,36,3,available,,,KASAB WORK,TRUE
I-1241[34],INDO A-1241 [34],rent,INDOWESTERN,1,,,,MULTI,34,3,available,,,CHAKKAR VALI,TRUE
I-1242[42],INDO A-1242[42],rent,INDOWESTERN,1,,,,WHITE,42,3,available,,,MAROON PLAS VADU,TRUE
I-1243[34],INDO A-1243 [34],rent,INDOWESTERN,1,,,,PISTA,34,3,available,,,SURYANARAYAN SIMBOL,TRUE
I-1244[38],INDO A-1244 [38],rent,INDOWESTERN,1,,,,FALSA,38,3,available,,,MULTI PICH FLOWER ,TRUE
I-1245[42],INDO A-1245 [42],rent,INDOWESTERN,1,,,,WHITE,42,3,available,,,MAROON TACHAP TRISHUL VADU,TRUE
I-1246[36],INDO A-1246 [36],rent,INDOWESTERN,1,,,,MULTI,36,3,available,,,MONOPOLI,TRUE
I-1247[42],INDO A-1247 [42],rent,INDOWESTERN,1,,,,MULTI,42,3,available,,,MONOPOLI,TRUE
I-1248[42],INDO A-1248 [42],rent,INDOWESTERN,1,,,,FALSA ,42,3,available,,,VELEVT JACKET CHEKS,TRUE
I-1249[38],INDO A-1249 [38],rent,INDOWESTERN,1,,,,FALSA,38,3,available,,,VELEVT JACKET MOTA FLOWER,TRUE
I-1250[34],INDO A-1250 [34],rent,INDOWESTERN,1,,,,FALSA,34,3,available,,,VELVET FULDANI VADU,TRUE
I-1251[34],INDO A-1251 [34],rent,INDOWESTERN,1,,,,MULTI,34,3,available,,,MONOPOLI,TRUE
I-1252[38],INDO A-1252 [38],rent,INDOWESTERN,1,,,,WHITE,38,3,available,,,MAROON HATHI VARGHODO,TRUE
I-1253[36],INDO A-1253 [36],rent,INDOWESTERN,1,,,,FALSA,36,3,available,,,VELVET JACKET PICH FLOWER,TRUE
I-1254[36],INDO A-1254 [36],rent,INDOWESTERN,1,,,,MULTI,36,3,available,,,MONOPOLI,TRUE
I-1255[48],INDO A-1255 [48],rent,INDOWESTERN,1,,,,MULTI,48,3,available,,,MONOPOLI,TRUE
I-1256[36],INDO A-1256 [36],rent,INDOWESTERN,1,,,,WHITE,36,3,available,,,MAROON TACHAP,TRUE
I-1257[34],INDO A-1257 [34],rent,INDOWESTERN,1,,,,NAVY BLUE,34,3,available,,,MORLA VADU,TRUE
I-1258[34],INDO A-1258 [34],rent,INDOWESTERN,1,,,,MAROON,34,3,available,,,VELEVT WORK VADU TARA  VADU,TRUE
I-1259[32],INDO A-1259 [32],rent,INDOWESTERN,1,,,,FALSA,32,3,available,,,VELVET CHEKAS,TRUE
I-1260[36],INDO A-1260 [36],rent,INDOWESTERN,1,,,,MULTI,36,3,available,,,ADI KERI VADU,TRUE
I-1261[36],INDO A-1261 [36],rent,INDOWESTERN,1,,,,WHITE,36,3,available,,,MAROON PLAS VADU,TRUE
I-1262[34],INDO A-1262 [34],rent,INDOWESTERN,1,,,,WHITE,34,3,available,,,SEM BUTTAN SEM FEBRIC TACHAP,TRUE
I-1263[36],INDO A-1263 [36],rent,INDOWESTERN,1,,,,MULTI,36,3,available,,,MONOPOLI,TRUE
I-1264[34],INDO A-1264 [34],rent,INDOWESTERN,1,,,,MULTI,34,3,available,,,MONOPOLI,TRUE
I-1265[38],INDO A-1265 [38],rent,INDOWESTERN,1,,,,MULTI,38,3,available,,,ADI KERI AESFAN,TRUE
I-1266[38],INDO A-1266 [38],rent,INDOWESTERN,1,,,,WHITE,38,3,available,,,MULTI MONOPOLI,TRUE
I-1267[36],INDO A-1267 [36],rent,INDOWESTERN,1,,,,WHITE,36,3,available,,,SEM BUTTAN SEM FEBRIC TACHAP,TRUE
I-1268[36],INDO A-1268 [36],rent,INDOWESTERN,1,,,,PINK,36,3,available,,,JORJAT MULTI,TRUE
I-1269[36],INDO A-1269 [36],rent,INDOWESTERN,1,,,,WHITE,36,3,available,,,MULTI KOTHARIYA,TRUE
I-1270,INDO A-1270,rent,INDOWESTERN,1,,,,,,3,available,,,,TRUE
I-1271[32],INDO A-1271 [32],rent,INDOWESTERN,1,,,,FALSA,32,3,available,,,VELVET CHEKAS,TRUE
I-1272[42],INDO A-1272 [42],rent,INDOWESTERN,1,,,,CREAM,42,3,available,,,PICH FLOWER,TRUE
I-1273[38],INDO A-1273 [38],rent,INDOWESTERN,1,,,,FALSA,38,3,available,,,VELVET DAMAN TRIKON DESING,TRUE
I-1274[34],INDO A-1274 [34],rent,INDOWESTERN,1,,,,MULTI,34,3,available,,,MONOPOLI,TRUE
I-1275[34],INDO A-1275 [34],rent,INDOWESTERN,1,,,,BLUE,34,3,available,,,VELVET JACKET TRIKON DESING,TRUE
I-1276[32],INDO A-1276 [32],rent,INDOWESTERN,1,,,,FALSA,32,3,available,,,VELVET JACKET MOTA FLOWER,TRUE
I-1277[34],INDO A-1277 [34],rent,INDOWESTERN,1,,,,WHITE,34,3,available,,,MAROON KALASH PLAS VADU,TRUE
I-1278[32],INDO A-1278 [32],rent,INDOWESTERN,1,,,,,32,3,available,,,RANI HATHI DOLI VADU,TRUE
I-1279[40],INDO A-1279 [40],rent,INDOWESTERN,1,,,,FALSA,40,3,available,,,VELVET CHEKAS,TRUE
I-1280[32],INDO A-1280 [32],rent,INDOWESTERN,1,,,,FALSA,32,3,available,,,VELVET JACKET DAMAN WORK,TRUE
I-1281[36],INDO A-1281 [36],rent,INDOWESTERN,1,,,,WHITE,36,3,available,,,MAROON HATHI VARGHODO,TRUE
I-1282[34],INDO A-1282 [34],rent,INDOWESTERN,1,,,,PISTA,34,3,available,,,GREEN DAMAN,TRUE
I-1283[42],INDO A-1283 [42],rent,INDOWESTERN,1,,,,CREAM,42,3,available,,,JYUT MULTI HARAN + CHAKLI VADU,TRUE
I-1284[34],INDO A-1284 [34],rent,INDOWESTERN,1,,,,OFF WHITE,34,3,available,,,MONOPOLI WORK VADI,TRUE
I-1285[36],INDO A-1285 [36],rent,INDOWESTERN,1,,,,RED+ORANGE,36,3,available,,,HATHI+MOR,TRUE
I-1286[32],INDO A-1286 [32],rent,INDOWESTERN,1,,,,PRUPLE,32,3,available,,,DAMAN VELVET,TRUE
I-1287[34],INDO A-1287 [34],rent,INDOWESTERN,1,,,,PINK,34,3,available,,,JAPOJAT,TRUE
I-1288,INDO A-1288,rent,INDOWESTERN,1,,,,,,3,available,,,,TRUE
I-1289[40],INDO A-1289 [40],rent,INDOWESTERN,1,,,,PINK,40,3,available,,,LALABHAI VADU,TRUE
I-1290[42],INDO A-1290 [42],rent,INDOWESTERN,1,,,,FALSA,42,3,available,,,VELVET TRIKON DESING,TRUE
I-1291[46],INDO A-1291 [46],rent,INDOWESTERN,1,,,,WHITE,46,3,available,,,BARI VADU TACHAP,TRUE
I-1292[34],INDO A-1292 [34],rent,INDOWESTERN,1,,,,FALSA,34,3,available,,,VELVET TRIKON DESING,TRUE
I-1293[32],INDO A-1293 [32],rent,INDOWESTERN,1,,,,WHITE,32,3,available,,,KALASH DESING PLAS VADU,TRUE
I-1294[36],INDO A-1294 [36],rent,INDOWESTERN,1,,,,BLUE,36,3,available,,,MULTI ARO WORK,TRUE
I-1295[36],INDO A-1295 [36],rent,INDOWESTERN,1,,,,WHITE,36,3,available,,,BARI VADU,TRUE
I-1296[38],INDO A-1296 [38],rent,INDOWESTERN,1,,,,RANI GULABI,38,3,available,,,HATHI+MOR+BATAK,TRUE
I-1297[44],INDO A-1297 [44],rent,INDOWESTERN,1,,,,FALSA,44,3,available,,,CHEKAS,TRUE
I-1298,INDO A-1298,rent,INDOWESTERN,1,,,,,,3,available,,,,TRUE
I-1299[36],INDO A-1299 [36],rent,INDOWESTERN,1,,,,WHITE,36,3,available,,,BADAM DESINGE PLAS VAGAR NU,TRUE
I-1300[38],INDO A-1300 [38],rent,INDOWESTERN,1,,,,FALSA,38,3,available,,,WHITE WORK,TRUE
I-1301[36],INDO A-1301 [36],rent,INDOWESTERN,1,,,,MULTI,36,3,available,,,CHAKKAR VALI,TRUE
I-1302[46],INDO A-1302 [46],rent,INDOWESTERN,1,,,,MULTI,46,3,available,,,CHAKKAR VADU,TRUE
I-1303[38],INDO A-1303 [38],rent,INDOWESTERN,1,,,,MULTI,38,3,available,,,MONOPOLI,TRUE
I-1304[40],INDO A-1304 [40],rent,INDOWESTERN,1,,,,PRUPLE,40,3,available,,,VELVET ARKO WORK,TRUE
I-1305[32],INDO A-1305 [32],rent,INDOWESTERN,1,,,,MULTI,32,3,available,,,CHAKAR VADU,TRUE
I-1306[36],INDO A-1306 [36],rent,INDOWESTERN,1,,,,MULTI,36,3,available,,,UBHI KERI BADU,TRUE
I-1307,INDO A-1307,rent,INDOWESTERN,1,,,,,,3,available,,,,TRUE
I-1308[40],INDO A-1308 [40],rent,INDOWESTERN,1,,,,MULTI,40,3,available,,,MULTI MONOPOLI,TRUE
I-1309[34],INDO A-1309 [34],rent,INDOWESTERN,1,,,,WHITE,34,3,available,,,,TRUE
I-1310[42],INDO A-1310 [42],rent,INDOWESTERN,1,,,,MULTI,42,3,available,,,MONOPOLI,TRUE
I-1311[36],INDO A-1311 [36],rent,INDOWESTERN,1,,,,BLUE,36,3,available,,,VELVET TIKI WORK ,TRUE
I-1312[38],INDO A-1312 [38],rent,INDOWESTERN,1,,,,MULTI,38,3,available,,,CHAKKAR VADU,TRUE
I-1313[38],INDO A-1313 [38],rent,INDOWESTERN,1,,,,FALSA,38,3,available,,,VELVET JACKET MULTI,TRUE
I-1314[38],INDO A-1314 [38],rent,INDOWESTERN,1,,,,GREEN,38,3,available,,,VELVET ANIMAL HATHI VADU,TRUE
I-1315[36],INDO A-1315 [36],rent,INDOWESTERN,1,,,,PRUPLE,36,3,available,,,DAMAN VELVET,TRUE
I-1316[40],INDO A-1316 [40],rent,INDOWESTERN,1,,,,WHITE,40,3,available,,,RANI TRISHUL VALI,TRUE
I-1317[34],INDO A-1317 [34],rent,INDOWESTERN,1,,,,WINE,34,3,available,,,VELVET JACKET WHITE WORK,TRUE
I-1318[38],INDO A-1318 [38],rent,INDOWESTERN,1,,,,FALSA,38,3,available,,,VELEVT MOTI DESINGE,TRUE
I-1319[34],INDO A-1319 [34],rent,INDOWESTERN,1,,,,BLUE,34,3,available,,,VELEVT ARO PRINT,TRUE
I-1320[32],INDO A-1320 [32],rent,INDOWESTERN,1,,,,PINK,32,3,available,,,SINH+MOR SIMBOL,TRUE
I-1321[34],INDO A-1321 [34],rent,INDOWESTERN,1,,,,WHITE,34,3,available,,,MAROON HATHI VARGHODO,TRUE
I-1322[32],INDO A-1322 [32],rent,INDOWESTERN,1,,,,FALSA,32,3,available,,,VELVET JACKET WHITE WORK BY DAMAN,TRUE
I-1323[32],INDO A-1323 [32],rent,INDOWESTERN,1,,,,WHITE,32,3,available,,,WHITE HATHI VARGHODA,TRUE
I-1324[42],INDO A-1324 [42],rent,INDOWESTERN,1,,,,PINK,42,3,available,,,LALABHAI VADU,TRUE
I-1325[34],INDO A-1325 [34],rent,INDOWESTERN,1,,,,RAMA,34,3,available,,,VELVET JACKET CAMAL VADU,TRUE
I-1326[36],INDO A-1326 [36],rent,INDOWESTERN,1,,,,WHITE,36,3,available,,,MAROON VARGHODO,TRUE
I-1327[34],INDO A-1327 [34],rent,INDOWESTERN,1,,,,MULTI,34,3,available,,,UBHI KERI VADU,TRUE
I-1328[36],INDO A-1328 [36],rent,INDOWESTERN,1,,,,WINE,36,3,available,,,VELVET MULTI GADHADA VADU,TRUE
I-1329[36],INDO A-1329 [36],rent,INDOWESTERN,1,,,,MULTI,36,3,available,,,MONOPOLI,TRUE
I-1330[46],INDO A-1330 [46],rent,INDOWESTERN,1,,,,WHITE,46,3,available,,,MAROON TRISHUL,TRUE
I-1331[36],INDO A-1331 [36],rent,INDOWESTERN,1,,,,FALSA,36,3,available,,,VELEVT MOTI DESINGE WHITE WORK,TRUE
I-1332[36],INDO A-1332 [36],rent,INDOWESTERN,1,,,,MULTI,36,3,available,,,MONOPOLI,TRUE
I-1333[38],INDO A-1333 [38],rent,INDOWESTERN,1,,,,WHITE,38,3,available,,,CHAKKAR VADU,TRUE
I-1334[38],INDO A-1334 [38],rent,INDOWESTERN,1,,,,FALSA,38,3,available,,,VELVET FLOWER VADU,TRUE
I-1335[36],INDO A-1335 [36],rent,INDOWESTERN,1,,,,WHITE,36,3,available,,,MAROON TACHAP,TRUE
I-1336[36],INDO A-1336 [36],rent,INDOWESTERN,1,,,,RAMA,36,3,available,,,VELVET JANGALI BATAK CAMAL VADU,TRUE
I-1337[34],INDO A-1337 [34],rent,INDOWESTERN,1,,,,WHITE,34,3,available,,,MAROON HATHI VARGHODO,TRUE
I-1338 [36],INDO A-1338  [36],rent,INDOWESTERN,1,,,,PRUPLE,36,3,available,,,JANGALI CAMAL VADU,TRUE
I-1339[36],INDO A-1339 [36],rent,INDOWESTERN,1,,,,OFF WHITE,36,3,available,,,MAROON TACHAP,TRUE
I-1340[36],INDO A-1340 [36],rent,INDOWESTERN,1,,,,OFF WHITE,36,3,available,,,,TRUE
I-1341[34],INDO A-1341 [34],rent,INDOWESTERN,1,,,,FALSA,34,3,available,,,VELVET MOTA FLOWER,TRUE
I-1342[34],INDO A-1342 [34],rent,INDOWESTERN,1,,,,FALSA,34,3,available,,,VELVET CAMAL BATAK,TRUE
I-1343[30],INDO A-1343 [30],rent,INDOWESTERN,1,,,,MULTI,30,3,available,,,CHAKKARVADI,TRUE
I-1344[38],INDO A-1344 [38],rent,INDOWESTERN,1,,,,WHITE,38,3,available,,,RANI TRISHUL VALI,TRUE
I-1345[36],INDO A-1345 [36],rent,INDOWESTERN,1,,,,MULTI,36,3,available,,,MONOPOLI,TRUE
I-1346[42],INDO A-1346 [42],rent,INDOWESTERN,1,,,,WHITE,42,3,available,,,PRASHANTBHAI,TRUE
I-1347[38],INDO A-1347 [38],rent,INDOWESTERN,1,,,,WHITE,38,3,available,,,MAROON HATHI VARGHODO,TRUE
I-1348[36],INDO A-1348 [36],rent,INDOWESTERN,1,,,,MULTI,36,3,available,,,PICH MONOPOLI,TRUE
I-1349[36],INDO A-1349 [36],rent,INDOWESTERN,1,,,,WHITE,36,3,available,,,HATHI VADU,TRUE
I-1350[36],INDO A-1350 [36],rent,INDOWESTERN,1,,,,GREY,36,3,available,,,HATHI MOR PRINT VADU,TRUE
I-1351[42],INDO A-1351 [42],rent,INDOWESTERN,1,,,,MULTI,42,3,available,,,DAMAN ,TRUE
I-1352[40],INDO A-1352 [40],rent,INDOWESTERN,1,,,,WHITE,40,3,available,,,MAROON HATHI VARGHODO,TRUE
I-1353[36],INDO A-1353 [36],rent,INDOWESTERN,1,,,,RAMA,36,3,available,,,JANGALI SATU BHA,TRUE
I-1354[34],INDO A-1354 [34],rent,INDOWESTERN,1,,,,BLUE,34,3,available,,,VELVET RAMA+PRUPLE PANDADI,TRUE
I-1355[34],INDO A-1355 [34],rent,INDOWESTERN,1,,,,MULTI,34,3,available,,,,TRUE
I-1356[36],INDO A-1356 [36],rent,INDOWESTERN,1,,,,CREAM,36,3,available,,,GOLDEN WORK NAME DEV,TRUE
I-1357,INDO A-1357,rent,INDOWESTERN,1,,,,,,3,available,,,,TRUE
I-1358[36],INDO A-1358 [36],rent,INDOWESTERN,1,,,,MAROON ,36,3,available,,,SINH+MOR SIMBOL,TRUE
I-1359[42],INDO A-1359 [42],rent,INDOWESTERN,1,,,,WHITE,42,3,available,,,,TRUE
I-1360[36],INDO A-1360 [36],rent,INDOWESTERN,1,,,,MULTI,36,3,available,,,CHAKKAR VADU,TRUE
I-1361[36],INDO A-1361 [36],rent,INDOWESTERN,1,,,,MULTI,36,3,available,,,ADI KERIVADU,TRUE
I-1362[38],INDO A-1362 [38],rent,INDOWESTERN,1,,,,MULTI,38,3,available,,,MONOPOLI,TRUE
I-1363[38],INDO A-1363 [38],rent,INDOWESTERN,1,,,,BLUE,38,3,available,,,VELVET JACKET RAMA+JAMBALI,TRUE
I-1364[38],INDO A-1364 [38],rent,INDOWESTERN,1,,,,FALSA,38,3,available,,,VELVET MOTA FLOWER,TRUE
I-1365[48],INDO A-1365 [48],rent,INDOWESTERN,1,,,,WHITE,48,3,available,,,MAROON TRISHULVADU,TRUE
I-1366[36],INDO A-1366 [36],rent,INDOWESTERN,1,,,,WHITE,36,3,available,,,HATHI VADU,TRUE
I-1367[34],INDO A-1367 [34],rent,INDOWESTERN,1,,,,WHITE,34,3,available,,,RANI TACHAP TRISHUL VADU,TRUE
I-1368[34],INDO A-1368 [34],rent,INDOWESTERN,1,,,,FALSA,34,3,available,,,VELEVT MULTI FULDANI MOTI,TRUE
I-1369[38],INDO A-1369 [38],rent,INDOWESTERN,1,,,,WHITE,38,3,available,,,SINH+MOR SIMBOL,TRUE
I-1370[34],INDO A-1370 [34],rent,INDOWESTERN,1,,,,WHITE,34,3,available,,,PLAS VADU MAROON TACHAP,TRUE
I-1371[40],INDO A-1371 [40],rent,INDOWESTERN,1,,,,PICH,40,3,available,,,MULTI MONOPOLI,TRUE
I-1372[34],INDO A-1372 [34],rent,INDOWESTERN,1,,,,MULTI,34,3,available,,,MONOPOLI,TRUE
I-1373[34],INDO A-1373 [34],rent,INDOWESTERN,1,,,,MULTI,34,3,available,,,ADI KERIVADU,TRUE
I-1374[36],INDO A-1374 [36],rent,INDOWESTERN,1,,,,FALSA,36,3,available,,,VELVET JANGALI WORK,TRUE
I-1375[34],INDO A-1375 [34],rent,INDOWESTERN,1,,,,MULTI,34,3,available,,,PICH WORK HARAN+GHODA ,TRUE
I-1376[36],INDO A-1376 [36],rent,INDOWESTERN,1,,,,OFF WHITE,36,3,available,,,RAJA RANI RANI TACHAP DAMAN VADU,TRUE
I-1377[34],INDO A-1377 [34],rent,INDOWESTERN,1,,,,OFF WHITE,34,3,available,,,VELVET MULTI DAMAN,TRUE
I-1378[34],INDO A-1378 [34],rent,INDOWESTERN,1,,,,CREAM,34,3,available,,,MULTI PIST PINK WORK VADU,TRUE
I-1379[34],INDO A-1379 [34],rent,INDOWESTERN,1,,,,MULTI,34,3,available,,,ASFAN MONOPOLI KERIVADU,TRUE
I-1380[36],INDO A-1380 [36],rent,INDOWESTERN,1,,,,WHITE,36,3,available,,,GREEN+PINK FUDADI VADI BARI & DAMAN,TRUE
I-1381[36],INDO A-1381 [36],rent,INDOWESTERN,1,,,,NAVY BLUE,36,3,available,,,VELVET WORK VADU VEL FLOWER,TRUE
I-1382[34],INDO A-1382 [34],rent,INDOWESTERN,1,,,,OFF WHITE,34,3,available,,,MULTI SOMIL,TRUE
I-1383[36],INDO A-1383 [36],rent,INDOWESTERN,1,,,,RAMA,36,3,available,,,PINK+WHITE WORK DAMAN VADU,TRUE
I-1384[40],INDO A-1384 [40],rent,INDOWESTERN,1,,,,PISTA,40,3,available,,,ANIMAL WORK VADU,TRUE
I-1385[40],INDO A-1385 [40],rent,INDOWESTERN,1,,,,WHITE,40,3,available,,,MAROON WORK BARI VADU DAMAN,TRUE
I-1386[40],INDO A-1386 [40],rent,INDOWESTERN,1,,,,PINK,40,3,available,,,PINK RUTURAJ VADU,TRUE
I-1387[36],INDO A-1387 [36],rent,INDOWESTERN,1,,,,PICH,36,3,available,,,HAKZA GON,TRUE
I-1388[42],INDO A-1388 [42],rent,INDOWESTERN,1,,,,WHITE,42,3,available,,,MULTI PANDADI WORK VADU,TRUE
I-1389[42],INDO A-1389 [42],rent,INDOWESTERN,1,,,,WHITE,42,3,available,,,HATHI+MOR DARK VADU,TRUE
I-1390[34],INDO A-1390 [34],rent,INDOWESTERN,1,,,,WHITE,34,3,available,,,SINH+MOR SIMBOL,TRUE
I-1391[36],INDO A-1391 [36],rent,INDOWESTERN,1,,,,WHITE,36,3,available,,,SINH+MOR SIMBOL,TRUE
I-1392[34],INDO A-1392 [34],rent,INDOWESTERN,1,,,,WHITE,34,3,available,,,MAROON RAJA RANI,TRUE
I-1393[36],INDO A-1393 [36],rent,INDOWESTERN,1,,,,WHITE,36,3,available,,,KOTI PATTERN ANIMAL,TRUE
I-1394[44],INDO A-1394 [44],rent,INDOWESTERN,1,,,,WHITE,44,3,available,,,SOMIL VADU,TRUE
I-1395[44],INDO A-1395 [44],rent,INDOWESTERN,1,,,,WHITE,44,3,available,,,PINK+MAROON TACHAP SARIF DIOMAND VADU,TRUE
I-1396[42],INDO A-1396 [42],rent,INDOWESTERN,1,,,,WHITE,42,3,available,,,RAJA RANI DIOMAND MAROON TACHAP,TRUE
I-1397[44],INDO A-1397 [44],rent,INDOWESTERN,1,,,,PINK,44,3,available,,,SINH+MOR SIMBOL,TRUE
I-1398[36],INDO A-1398 [36],rent,INDOWESTERN,1,,,,OFF WHITE,36,3,available,,,MOR+HATHI DAMAN DIOMAND WORK,TRUE
I-1399[48],INDO A-1399 [48],rent,INDOWESTERN,1,,,,WHITE,48,3,available,,,HATHI+KERI ANIMAL ,TRUE
I-1400[34],INDO A-1400 [34],rent,INDOWESTERN,1,,,,OFF WHITE,34,3,available,,,MOR+HATHI DAMAN DIOMAND WORK,TRUE
I-1401[38],INDO A-1401 [38],rent,INDOWESTERN,1,,,,WHITE,38,3,available,,,PISTA+PINK FUL MOR+HATHI,TRUE
I-1402[34],INDO A-1402 [34],rent,INDOWESTERN,1,,,,NAVY BLUE,34,3,available,,,MULTI WORK SLAB PATTO,TRUE
I-1403[38],INDO A-1403 [38],rent,INDOWESTERN,1,,,,WHITE,38,3,available,,,NEW DIOMAND HATHI VADI,TRUE
I-1404[34],INDO A-1404 [34],rent,INDOWESTERN,1,,,,WHITE,34,3,available,,,HATHI+MOR DIOMAND VADU,TRUE
I-1405[42],INDO A-1405 [42],rent,INDOWESTERN,1,,,,WHITE,42,3,available,,,HATHI+MOR MULTI DIOMAND WORK,TRUE
I-1406[40],INDO A-1406 [40],rent,INDOWESTERN,1,,,,WHITE,40,3,available,,,HATHI+MOR DIOMAND VADU,TRUE
I-1407[42],INDO A-1407 [42],rent,INDOWESTERN,1,,,,BLUE,42,3,available,,,VELVET MOTA FLOWER PRINT SLAB VADU,TRUE
I-1408[36],INDO A-1408 [36],rent,INDOWESTERN,1,,,,OFF WHITE,36,3,available,,,HATHI+MOR,TRUE
I-1409[34],INDO A-1409 [34],rent,INDOWESTERN,1,,,,WHITE,34,3,available,,,MULTI+DIOMAND JINI DESING,TRUE
I-1410[38],INDO A-1410 [38],rent,INDOWESTERN,1,,,,OFF WHITE,38,3,available,,,HATHI+MOR DAMAN DIOMAND WORK,TRUE
I-1411[36],INDO A-1411 [36],rent,INDOWESTERN,1,,,,WHITE,36,3,available,,,HATHI+MOR DARK COLOR,TRUE
I-1412[38],INDO A-1412 [38],rent,INDOWESTERN,1,,,,WHITE,38,3,available,,,MULTI COLOR MOR VADU NICHE HATHI,TRUE
I-1413[40],INDO A-1413 [40],rent,INDOWESTERN,1,,,,NAVY BLUE,40,3,available,,,MULTI COLOR,TRUE
I-1414[42],INDO A-1414 [42],rent,INDOWESTERN,1,,,,OFF WHITE,42,3,available,,,HATHI+MOR DIOMAND VADU,TRUE
I-1415[34],INDO A-1415 [34],rent,INDOWESTERN,1,,,,CHIKU(BROWN),34,3,available,,,MULTI SEM SET ANARKALI+LAKHANAVI,TRUE
I-1416[34],INDO A-1416 [34],rent,INDOWESTERN,1,,,,WHITE,34,3,available,,,MULTI DIOMAND+MOR VADU,TRUE
I-1417[34],INDO A-1417 [34],rent,INDOWESTERN,1,,,,LIGHT PINK,34,3,available,,,AMBROCH WORK MULTI JORAT TIKI VADU,TRUE
I-1418[40],INDO A-1418 [40],rent,INDOWESTERN,1,,,,WHITE,40,3,available,,,PINK+MAROON FUDADI HARAN+DOLI DESIMG ,TRUE
I-1419[38],INDO A-1419 [38],rent,INDOWESTERN,1,,,,CHIKU,38,3,available,,,MULTI DAMAN DIOMAND VADU SEM ANARKALI,TRUE
I-1420[34],INDO A-1420 [34],rent,INDOWESTERN,1,,,,OFF WHITE,34,3,available,,,MOR VADU,TRUE
I-1421[34],INDO A-1421 [34],rent,INDOWESTERN,1,,,,WHITE,34,3,available,,,MULTI DAMAN HATHI+MOR+HARAN ,TRUE
I-1422[38],INDO A-1422 [38],rent,INDOWESTERN,1,,,,OFF WHITE,38,3,available,,,MULTI DIOMAND BOMBAY PATTERN MOR VADU { SEM DUPATTA},TRUE
I-1423[38],INDO A-1423 [38],rent,INDOWESTERN,1,,,,CHIKU,38,3,available,,,MAROON DIOMAN KOTI PATTERN ,TRUE
I-1424[34],INDO A-1424 [34],rent,INDOWESTERN,1,,,,WHITE,34,3,available,,,DIOMAND VADU MULTI PRINT,TRUE
I-1425[34],INDO A-1425 [34],rent,INDOWESTERN,1,,,,WHITE ,34,3,available,,,MULTI DAMAN LALA BHAI VADU,TRUE
I-1426[38],INDO A-1426 [38],rent,INDOWESTERN,1,,,,WHITE,38,3,available,,,ANIMAL HATHI VADU ,TRUE
I-1427[34],INDO A-1427 [34],rent,INDOWESTERN,1,,,,MAROON ,34,3,available,,,MULTI MOTA BAGALA VADU,TRUE
I-1428[38],INDO A-1428 [38],rent,INDOWESTERN,1,,,,WINE,38,3,available,,,VELVET MOR PRINT VADU,TRUE
I-1429[40],INDO A-1429 [40],rent,INDOWESTERN,1,,,,WHITE,40,3,available,,,MULTI MOR VADU,TRUE
I-1430[34],INDO A-1430 [34],rent,INDOWESTERN,1,,,,WHITE ,34,3,available,,,MULTI DIOMAND NICHE HATHI POPAT,TRUE
I-1431[40],INDO A-1431 [40],rent,INDOWESTERN,1,,,,NAVY BLUE,40,3,available,,,VELEVT MULTI WORK BATAK VADU,TRUE
I-1432[36],INDO A-1432 [36],rent,INDOWESTERN,1,,,,WHITE,36,3,available,,,PINK+RANI FUDADI DHOLI VADU,TRUE
I-1433[44],INDO A-1433 [44],rent,INDOWESTERN,1,,,,WHITE,44,3,available,,,MULTI DIOMAND VADU HATHI +POPAT,TRUE
I-1434[38],INDO A-1434 [38],rent,INDOWESTERN,1,,,,WHITE,38,3,available,,,KOTI PATTERN HAND WORK PISTA+PINK FUL VADU,TRUE
I-1435[38],INDO A-1435 [38],rent,INDOWESTERN,1,,,,OFF WHITE,38,3,available,,,HATHI+MOR DIOMAND VADU,TRUE
I-1436[42],INDO A-1436 [42],rent,INDOWESTERN,1,,,,WHITE,42,3,available,,,MAROON RAJARANI,TRUE
I-1437[40],INDO A-1437 [40],rent,INDOWESTERN,1,,,,BLUE,40,3,available,,,HATHI HAND WORK,TRUE
I-1438[34],INDO A-1438 [34],rent,INDOWESTERN,1,,,,WHITE,34,3,available,,,DIOMAND VADU MULTI WORK NICHE DAMAN,TRUE
I-1439[34],INDO A-1439 [34],rent,INDOWESTERN,1,,,,BLUE,34,3,available,,,VELVET BAGALA VADU,TRUE
I-1440[42],INDO A-1440 [42],rent,INDOWESTERN,1,,,,BLUE,42,3,available,,,HATHI+HAND WORK ,TRUE
I-1441[40],INDO A-1441 [40],rent,INDOWESTERN,1,,,,FALSA,40,3,available,,,VELVET LINING VADU MULTI,TRUE
I-1442[44],INDO A-1442 [44],rent,INDOWESTERN,1,,,,OFF WHITE,44,3,available,,,MULTI JORJAT CHAKKARVADU GOLROUND,TRUE
I-1443[44],INDO A-1443 [44],rent,INDOWESTERN,1,,,,,44,3,available,,,ANIMAL FIGER HATHI+MOR YUVRAJSINH,TRUE
I-1444[44],INDO A-1444 [44],rent,INDOWESTERN,1,,,,WHITE,44,3,available,,,MULTI BLUE TAPKI PINKHATHI VADU,TRUE
I-1445[40],INDO A-1445 [40],rent,INDOWESTERN,1,,,,BLUE,40,3,available,,,VELVET MULTI BATAK ,TRUE
I-1446[34],INDO A-1446 [34],rent,INDOWESTERN,1,,,,MULTI,34,3,available,,,JYUT FULDANI MOTA,TRUE
I-1447[34],INDO A-1447 [34],rent,INDOWESTERN,1,,,,WHITE,34,3,available,,,MULTI,TRUE
I-1448[36],INDO A-1448 [36],rent,INDOWESTERN,1,,,,LIGHT PINK,36,3,available,,,MULTI AMBROCH WORK BOX WORK,TRUE
I-1449[38],INDO A-1449 [38],rent,INDOWESTERN,1,,,,LIGHT PINK,38,3,available,,,MULTI AMBROCH WORK BOX WORK,TRUE
I-1450[34],INDO A-1450 [34],rent,INDOWESTERN,1,,,,OFF WHITE,34,3,available,,,HATHI+MOR DIOMAND VADU,TRUE
I-1451[38],INDO A-1451 [38],rent,INDOWESTERN,1,,,,WHITE,38,3,available,,,MULTI HATHI +DIOMAND VADU,TRUE
I-1452[36],INDO A-1452 [36],rent,INDOWESTERN,1,,,,MULTI,36,3,available,,,,TRUE
I-1453[40],INDO A-1453 [40],rent,INDOWESTERN,1,,,,WHITE,40,3,available,,,PINK+SKY TACHAP HATHI+HARAN,TRUE
I-1454[34],INDO A-1454 [34],rent,INDOWESTERN,1,,,,WHITE,34,3,available,,,RAJA RANI DIOMAND VADU,TRUE
I-1455[38],INDO A-1455 [38],rent,INDOWESTERN,1,,,,BLUE,38,3,available,,,VELVET ANIMAL MULTI WORK BAGALA VADU,TRUE
I-1456[40],INDO A-1456 [40],rent,INDOWESTERN,1,,,,WHITE,40,3,available,,,HATHI VADU DIOMAND TACHAP MULTI,TRUE
I-1457[36],INDO A-1457 [36],rent,INDOWESTERN,1,,,,BLUE,36,3,available,,,MULTI,TRUE
I-1458[36],INDO A-1458 [36],rent,INDOWESTERN,1,,,,CHIKU,36,3,available,,,MAROON TACHAP NICHE HATHI,TRUE
I-1459[36],INDO A-1459 [36],rent,INDOWESTERN,1,,,,PRUPLE,36,3,available,,,VELVET BATAK VADU,TRUE
I-1460[34],INDO A-1460 [34],rent,INDOWESTERN,1,,,,MULTI,34,3,available,,,KOTI PATTERN,TRUE
I-1461[40],INDO A-1461 [40],rent,INDOWESTERN,1,,,,MULTI,40,3,available,,,BAGICHA VALI,TRUE
I-1462[34],INDO A-1462 [34],rent,INDOWESTERN,1,,,,WHITE,34,3,available,,,HATHI+MOR DIOMAND VADU,TRUE
I-1463[40],INDO A-1463 [40],rent,INDOWESTERN,1,,,,OFF WHITE,40,3,available,,,MULTI WORK GOL ROUND MULTI FULDANIN,TRUE
I-1464[48],INDO A-1464 [48],rent,INDOWESTERN,1,,,,WHITE,48,3,available,,,HATHI+MOR DIOMAND VADU,TRUE
I-1465[36],INDO A-1465 [36],rent,INDOWESTERN,1,,,,WHITE,36,3,available,,,RAJA RANI GREEN MAROON,TRUE
I-1466[36],INDO A-1466 [36],rent,INDOWESTERN,1,,,,OFF WHITE,36,3,available,,,FULDANI DIOMAND + SEM ANARKALI,TRUE
I-1467[34],INDO A-1467 [34],rent,INDOWESTERN,1,,,,WHITE,34,3,available,,,HATHI+MOR DIOMAND VADU,TRUE
I-1468[36],INDO A-1468 [36],rent,INDOWESTERN,1,,,,WHITE,36,3,available,,,HATHI+MOR DIOMAND VADU,TRUE
I-1469[32],INDO A-1469 [32],rent,INDOWESTERN,1,,,,WHITE,32,3,available,,,ANIMAL HATHI +MOR,TRUE
I-1470[36],INDO A-1470 [36],rent,INDOWESTERN,1,,,,CHIKU,36,3,available,,,BOMBAY FARMO MAROON TACHAP DIOMAND HATHI+MOR+POPAT,TRUE
I-1471[38],INDO A-1471 [38],rent,INDOWESTERN,1,,,,WHITE,38,3,available,,,MULTI MOR MOTA FULDANI,TRUE
I-1472[36],INDO A-1472 [36],rent,INDOWESTERN,1,,,,BLUE,36,3,available,,,BATAK VADU,TRUE
I-1473[36],INDO A-1473 [36],rent,INDOWESTERN,1,,,,RANI GULABI,36,3,available,,,KOTI VADU,TRUE
I-1474[36],INDO A-1474 [36],rent,INDOWESTERN,1,,,,,36,3,available,,,KOTI VADU,TRUE
I-1475[36],INDO A-1475 [36],rent,INDOWESTERN,1,,,,WHITE,36,3,available,,,DIOMAND TACHAP MAROON TACHAP CHEKAS VADU,TRUE
I-1476[36],INDO A-1476 [36],rent,INDOWESTERN,1,,,,BLUE,36,3,available,,,AMBRODARI WORK MULTI SLAB +MOTA FULDANI ,TRUE
I-1477[38],INDO A-1477 [38],rent,INDOWESTERN,1,,,,WHITE ,38,3,available,,,MULTI MOR VAADU NICHE HATHI,TRUE
I-1478[42],INDO A-1478 [42],rent,INDOWESTERN,1,,,,BLUE,42,3,available,,,MULTI WORK BAGALA VADU DHEL VADU,TRUE
I-1479[36],INDO A-1479 [36],rent,INDOWESTERN,1,,,,WHITE,36,3,available,,,HAND WORK KOTI PATTERN,TRUE
I-1480[40],INDO A-1480 [40],rent,INDOWESTERN,1,,,,WHITE,40,3,available,,,MULTI COLOR FULDANI VADU DAMAN,TRUE
I-1481[42],INDO A-1481 [42],rent,INDOWESTERN,1,,,,WHITE,42,3,available,,,MULTI COLOR FULDANI VADU VACHE PLAN,TRUE
I-1482[36],INDO A-1482 [36],rent,INDOWESTERN,1,,,,LIGHT PICH,36,3,available,,,HATHI+MOR PRINT,TRUE
I-1483[34],INDO A-1483 [34],rent,INDOWESTERN,1,,,,WHITE,34,3,available,,,MAROON TACHAP (PRASHANT BHAI VADU),TRUE
I-1484[42],INDO A-1484 [42],rent,INDOWESTERN,1,,,,OFF WHITE,42,3,available,,,MOTA HATHI DIOMAND TACHAP,TRUE
I-1485[38],INDO A-1485 [38],rent,INDOWESTERN,1,,,,BLUE,38,3,available,,,MULTI JINI DESING WORK,TRUE
I-1486[36],INDO A-1486 [36],rent,INDOWESTERN,1,,,,WHITE,36,3,available,,,DIOMAND + MORVADI,TRUE
I-1487[38],INDO A-1487 [38],rent,INDOWESTERN,1,,,,WHITE,38,3,available,,,MULTI PRINT GREEN TACHAP JINI PANDADI VADU,TRUE
I-1488[34],INDO A-1488 [34],rent,INDOWESTERN,1,,,,WHITE,34,3,available,,,MULTI COLOR MOR+HARAN +HATHI ,TRUE
I-1489[36],INDO A-1489 [36],rent,INDOWESTERN,1,,,,CREAM,36,3,available,,,JYUT MULTI FLOWER PRINT HARAN VADU,TRUE
I-1490[38],INDO A-1490 [38],rent,INDOWESTERN,1,,,,WHITE,38,3,available,,,HATHI VADU -KOLAR&BAY WORK,TRUE
I-1491[36],INDO A-1491 [36],rent,INDOWESTERN,1,,,,WHITE,36,3,available,,,RANI GULABI FUL RAJA RANI NICHE HATHI,TRUE
I-1492[38],INDO A-1492 [38],rent,INDOWESTERN,1,,,,MULTI,38,3,available,,,DIOMAND VADU,TRUE
I-1493[38],INDO A-1493 [38],rent,INDOWESTERN,1,,,,CREAM,38,3,available,,,JYUT SEM DUPATTA VADI + FLOWER PRINT,TRUE
I-1494[40],INDO A-1494 [40],rent,INDOWESTERN,1,,,,PICH,40,3,available,,,JORJAT MULTI JINU WORK DAMAN,TRUE
I-1495[36],INDO A-1495 [36],rent,INDOWESTERN,1,,,,CREAM,36,3,available,,,JYUT MULTI MOTI FULDANI ,TRUE
I-1496[36],INDO A-1496 [36],rent,INDOWESTERN,1,,,,CREAM,36,3,available,,,JYUT FLOWER PRINT,TRUE
I-1497[34],INDO A-1497 [34],rent,INDOWESTERN,1,,,,PRUPLE,34,3,available,,,VELVET MULTI FULDANI ,TRUE
I-1498[42],INDO A-1498 [42],rent,INDOWESTERN,1,,,,BLUE,42,3,available,,,VELVET MULTI MOTA FULDANI MOR VADU,TRUE
I-1499[34],INDO A-1499 [34],rent,INDOWESTERN,1,,,,WHITE,34,3,available,,,RANI FUL VADU,TRUE
I-1500[38],INDO A-1500 [38],rent,INDOWESTERN,1,,,,WHITE,38,3,available,,,KOTI PATTERN MAROON TACHAP,TRUE
I-1501[38],INDO A-1501 [38],rent,INDOWESTERN,1,,,,BLUE,38,3,available,,,MULTI FLOWER DARK WORK MOR VADU ,TRUE
I-1502[36],INDO A-1502 [36],rent,INDOWESTERN,1,,,,,36,3,available,,,MULTI MOTA FLOWER,TRUE
I-1503[34],INDO A-1503 [34],rent,INDOWESTERN,1,,,,MULTI,34,3,available,,,HATHI+HARAN+MOR DAMAN PATTO FULDANI WORK,TRUE
I-1504[38],INDO A-1504 [38],rent,INDOWESTERN,1,,,,WHITE,38,3,available,,,MULTI DIOMAND TACHAP SATI +NICHE DAMAN WORK,TRUE
I-1505[42],INDO A-1505 [42],rent,INDOWESTERN,1,,,,BLUE,42,3,available,,,VELVET DHEL VADU ALL WORK ,TRUE
I-1506[44],INDO A-1506 [44],rent,INDOWESTERN,1,,,,MULTI,44,3,available,,,DIOMAND &HATHI MORVADU,TRUE
I-1507[40],INDO A-1507 [40],rent,INDOWESTERN,1,,,,RIGANI-PRUPLE,40,3,available,,,MULTI MOTI FULDANI +MOTA MOR,TRUE
I-1508[34],INDO A-1508 [34],rent,INDOWESTERN,1,,,,WHITE,34,3,available,,,RANI GULABI STAR JIKJAK VADI,TRUE
I-1509[36],INDO A-1509 [36],rent,INDOWESTERN,1,,,,OFF WHITE,36,3,available,,,DIOMAND KAMAR THI PLAN,TRUE
I-1510[40],INDO A-1510 [40],rent,INDOWESTERN,1,,,,WHITE,40,3,available,,,MULTI HATHI+MOR VADI SINGADO +DIOMAND VADU,TRUE
I-1511[36],INDO A-1511 [36],rent,INDOWESTERN,1,,,,OFF WHITE,36,3,available,,,RAMA MOR VADU,TRUE
I-1512[40],INDO A-1512 [40],rent,INDOWESTERN,1,,,,OFF WHITE,40,3,available,,,MULTI FULDANI MOR+HATHI { SEM ANARKALI SEM DUPATTO],TRUE
I-1513[38],INDO A-1513 [38],rent,INDOWESTERN,1,,,,OFF WHITE,38,3,available,,,MOTA MOR DIKS PLEN,TRUE
I-1514[38],INDO A-1514 [38],rent,INDOWESTERN,1,,,,WHITE,38,3,available,,,KOTI PATTERN DOUBLE DIOMAND WORK TACHAP HAND ,TRUE
I-1515[34],INDO A-1515 [34],rent,INDOWESTERN,1,,,,NAVY BLUE,34,3,available,,,VELVET MULTI MORVADU,TRUE
I-1516[34],INDO A-1516 [34],rent,INDOWESTERN,1,,,,BLUE,34,3,available,,,DHELVADU MOTI FULDANI,TRUE
I-1517[34],INDO A-1517 [34],rent,INDOWESTERN,1,,,,WHITE,34,3,available,,,MULTI GREEN+MAROON TACHAP FULDANI SEM ANARKALI+DUPPATO,TRUE
I-1518[34],INDO A-1518 [34],rent,INDOWESTERN,1,,,,CHIKU,34,3,available,,,LIGHT PICH FULVADU DIOMAND WORK SEM ANARKALI SEM DUPATTO,TRUE
I-1519[40],INDO A-1519 [40],rent,INDOWESTERN,1,,,,WHITE,40,3,available,,,HATHI+MOR DIOMAND VADU,TRUE
I-1520[36],INDO A-1520 [36],rent,INDOWESTERN,1,,,,WHITE,36,3,available,,,MAROON TACHAP RAJA RANI,TRUE
I-1521[40],INDO A-1521 [40],rent,INDOWESTERN,1,,,,PICH,40,3,available,,,ANIMAL WORK HATHI+MOR+HARAN,TRUE
I-1522[34],INDO A-1522 [34],rent,INDOWESTERN,1,,,,WHITE,34,3,available,,,MAROON PICH RAJA RANI NEW DESING,TRUE
I-1523[36],INDO A-1523 [36],rent,INDOWESTERN,1,,,,RIGANI-PRUPLE,36,3,available,,,VELVET MULTI FULDANI WORK NEW,TRUE
I-1524[34],INDO A-1524 [34],rent,INDOWESTERN,1,,,,OFF WHITE,34,3,available,,,MULTI MOR VADU,TRUE
I-1525[42],INDO A-1525 [42],rent,INDOWESTERN,1,,,,WHITE,42,3,available,,,PICH RAJA RANI,TRUE
I-1526[34],INDO A-1526 [34],rent,INDOWESTERN,1,,,,CHIKU,34,3,available,,,KOTI PATTERN MOR+POPAT CHEKAS DESINGE,TRUE
I-1527[34],INDO A-1527 [34],rent,INDOWESTERN,1,,,,WHITE,34,3,available,,,MOR+POPAT DIOMAND HAND WORK MULTI,TRUE
I-1528[34],INDO A-1528 [34],rent,INDOWESTERN,1,,,,GREEN,34,3,available,,,MOR+HATHI MULTI VEL VADU,TRUE
I-1529[42],INDO A-1529 [42],rent,INDOWESTERN,1,,,,OFF WHITE,42,3,available,,,MULTI DIOMAND TACHAP SATI+NICHE DAMAN WORK,TRUE
I-1530[32],INDO A-1530 [32],rent,INDOWESTERN,1,,,,WHITE,32,3,available,,,FLOWER PRINT CHAKALI+HARAN +HATHI+MOR,TRUE
I-1531[38],INDO A-1531 [38],rent,INDOWESTERN,1,,,,OFF WHITE,38,3,available,,,MULTI COLOR MONOPOLI,TRUE
I-1532[40],INDO A-1532 [40],rent,INDOWESTERN,1,,,,RIGANI-PRUPLE,40,3,available,,,VELVET BATAK VADU,TRUE
I-1533[34],INDO A-1533 [34],rent,INDOWESTERN,1,,,,WHITE,34,3,available,,,DIOMAND WORK HATHI VADU,TRUE
I-1534[48],INDO A-1534 [48],rent,INDOWESTERN,1,,,,WHITE,48,3,available,,,DIOMAND VADU MOR+HATHI MULTI FUL,TRUE
I-1535[38],INDO A-1535 [38],rent,INDOWESTERN,1,,,,WHITE,38,3,available,,,MULTI COLOR GREEN PANDADI MOR+HARAN+HATHI,TRUE
I-1536[36],INDO A-1536 [36],rent,INDOWESTERN,1,,,,WHITE,36,3,available,,,GULABI DIOMAND TACHAP VADI,TRUE
I-1537[40],INDO A-1537 [40],rent,INDOWESTERN,1,,,,WHITE,40,3,available,,,MULTI PANDADI WORK VACHE KHALI ,TRUE
I-1538[42],INDO A-1538 [42],rent,INDOWESTERN,1,,,,WHITE,42,3,available,,,MAROON GREEN RAJA RANI,TRUE
I-1539[38],INDO A-1539 [38],rent,INDOWESTERN,1,,,,WHITE,38,3,available,,,MOTA FULDANI MOR VADI OLD WORK,TRUE
I-1540[34],INDO A-1540 [34],rent,INDOWESTERN,1,,,,WHITE,34,3,available,,,HAND WORK ,TRUE
I-1541[42],INDO A-1541 [42],rent,INDOWESTERN,1,,,,WHITE,42,3,available,,,HATHI+MOR DIOMAND TACHAP,TRUE
I-1542[40],INDO A-1542 [40],rent,INDOWESTERN,1,,,,WHITE,40,3,available,,,HATHI+MOR  DIOMAND TACHAP,TRUE
I-1543[40],INDO A-1543 [40],rent,INDOWESTERN,1,,,,WHITE,40,3,available,,,KOTI VADU DIOMAND WORK VADU,TRUE
I-1544[40],INDO A-1544 [40],rent,INDOWESTERN,1,,,,DARK MENDI,40,3,available,,,HATHI MOR VADU,TRUE
I-1545[42],INDO A-1545 [42],rent,INDOWESTERN,1,,,,WHITE,42,3,available,,,BLUE+PINK TACHAP HATHI+MOR,TRUE
I-1546[34],INDO A-1546 [34],rent,INDOWESTERN,1,,,,OFF WHITE,34,3,available,,,GOLDEN MOR VADI DAMAN SHERVANI,TRUE
I-1547[38],INDO A-1547 [38],rent,INDOWESTERN,1,,,,WHITE,38,3,available,,,NEW DAMAN MOTI HAVY SEM DUPATTO MULTI TACHAP,TRUE
I-1548[38],INDO A-1548 [38],rent,INDOWESTERN,1,,,,WHITE,38,3,available,,,KOTI VADU MORLA VADU,TRUE
I-1549[38],INDO A-1549 [38],rent,INDOWESTERN,1,,,,OFF WHITE,38,3,available,,,DIOMAND HATHI+MOR,TRUE
I-1550[40],INDO A-1550 [40],rent,INDOWESTERN,1,,,,WHITE,40,3,available,,,DIOMAND NICHE HATHI,TRUE
I-1551[40],INDO A-1551 [40],rent,INDOWESTERN,1,,,,WHITE,40,3,available,,,PICH RAJA RANI,TRUE
I-1552[40],INDO A-1552 [40],rent,INDOWESTERN,1,,,,CHIKU,40,3,available,,,MULTI COLOR DIOMAND WORK SEM ANARKALI SEM DUPATTO,TRUE
I-1553[36],INDO A-1553 [36],rent,INDOWESTERN,1,,,,CHIKU,36,3,available,,,DOUBLE KOTIVADU BAY PAR MORLA,TRUE
I-1554[36],INDO A-1554 [36],rent,INDOWESTERN,1,,,,WHITE,36,3,available,,,PLAN RANI TACHAP,TRUE
I-1555[36],INDO A-1555 [36],rent,INDOWESTERN,1,,,,BLUE,36,3,available,,,NEW MORLAVADU,TRUE
I-1556[40],INDO A-1556 [40],rent,INDOWESTERN,1,,,,WHITE,40,3,available,,,JINI PRINT MULTI COLOR,TRUE
I-1557[34],INDO A-1557 [34],rent,INDOWESTERN,1,,,,WHITE,34,3,available,,,DIOMAND WORK MULTI,TRUE
I-1558[36],INDO A-1558 [36],rent,INDOWESTERN,1,,,,WHITE,36,3,available,,,PICH RAJA RANI DIOMAND VADI ,TRUE
I-1559[40],INDO A-1559 [40],rent,INDOWESTERN,1,,,,WHITE,40,3,available,,,MULTI DIOMAND WORK,TRUE
I-1560[34],INDO A-1560 [34],rent,INDOWESTERN,1,,,,WHITE,34,3,available,,,KOTI PATTERN RANI GULABI TACHAP,TRUE
I-1561[34],INDO A-1561 [34],rent,INDOWESTERN,1,,,,WHITE,34,3,available,,,HATHI+MOR DIOMAND VADU,TRUE
I-1562[42],INDO A-1562 [42],rent,INDOWESTERN,1,,,,WHITE,42,3,available,,,PINK+RANI GULABI TACHAP RAJA RANI BAY DHOLI VADU,TRUE
I-1563[34],INDO A-1563 [34],rent,INDOWESTERN,1,,,,RAMA,34,3,available,,,KOTI WORK NEW DAMAN WORK,TRUE
I-1564[38],INDO A-1564 [38],rent,INDOWESTERN,1,,,,WHITE,38,3,available,,,MULTI VEL PRINT VACHE PLAN,TRUE
I-1565[40],INDO A-1565 [40],rent,INDOWESTERN,1,,,,CHIKU,40,3,available,,,GREEN MAROON TACHAP SEM ANARKALI+SEM DUPATTO,TRUE
I-1566[34],INDO A-1566 [34],rent,INDOWESTERN,1,,,,MULTI,34,3,available,,,JYUT KOTI VADU FULVADU,TRUE
I-1567[44],INDO A-1567 [44],rent,INDOWESTERN,1,,,,PRUPLE,44,3,available,,,KOTI+MOR VADU ,TRUE
I-1568[40],INDO A-1568 [40],rent,INDOWESTERN,1,,,,,40,3,available,,,KOTI VADU WHITE MORLA VADU,TRUE
I-1569[38],INDO A-1569 [38],rent,INDOWESTERN,1,,,,CREAM,38,3,available,,,JYUT FLOWER VADU,TRUE
I-1570[34],INDO A-1570 [34],rent,INDOWESTERN,1,,,,FALSA,34,3,available,,,VELVET PICH FLOWER,TRUE
I-1571[44],INDO A-1571 [44],rent,INDOWESTERN,1,,,,BLUE,44,3,available,,,KOTI VADU BLUE MORVADU,TRUE
I-1572[36],INDO A-1572[36],rent,INDOWESTERN,1,,,,OFF WHITE,36,3,available,,,OFFWHITE FARMO MULTI DIAIMOND TOUCHUP NICHE DAMAN ,TRUE
I-1573[36],INDO A-1573[36],rent,INDOWESTERN,1,,,,BLUE,36,3,available,,,VELVET BLUE PITCH CHECKSVADU + VADLI FUL VADU,TRUE
I-1574[36],INDO A-1574 [36],rent,INDOWESTERN,1,,,,WHITE,36,3,available,,,INDO LAKHANAVI WHITE PITCH MORLA MULTY FOOLVADU,TRUE
I-1575[36],INDO A-1575 [42],rent,INDOWESTERN,1,,,,WHITE,36,3,available,,,INDO LAKHANAVI WHITE FARMO HATHI MOR DIAMOND VADU ,TRUE
I-1576[34],INDO A-1576 [34],rent,INDOWESTERN,1,,,,BLUE,34,3,available,,,INDO KOTIVADU BLUE COLOUR MORVADU,TRUE
I-1577[40],INDO A-1577 [40],rent,INDOWESTERN,1,,,,WHITE,40,3,available,,,INDO LAKHANAVI WHITE FARMO HATHI MOR DIAMOND VADU ,TRUE
I-1578[36],INDO A-1578 [36],rent,INDOWESTERN,1,,,,WHITE,36,3,available,,,INDO LAKHANAVI WHITE COLOUR MOTA FOOL SEM DUPATTO ,TRUE
I-1579[36],INDO A-1579 [36],rent,INDOWESTERN,1,,,,OFF WHITE,36,3,available,,,INDO LAKHANAVI OFFWHITE MOTA HATHI MORLA VADI ,TRUE
I-1580[34],INDO A-1580 [34],rent,INDOWESTERN,1,,,,WHITE,34,3,available,,,INDO LAKHANAVI WHITE FARMO MULTI FOOLDANI DIAMOND VADU,TRUE
I-1581[40],INDO A-1581 [40],rent,INDOWESTERN,1,,,,BLUE,40,3,available,,,INDO KOTIVADU NEW MORLA VADU VADRI FOOL PRINT,TRUE
I-1582[40],INDO A-1582 [40],rent,INDOWESTERN,1,,,,BLUE,40,3,available,,,INDO KOTIVADU NEW MORLA VADU VADRI FOOL PRINT,TRUE
I-1583[38],INDO A-1583 [38],rent,INDOWESTERN,1,,,,MARUN,38,3,available,,,INDO KOTIVADU MARUN VELVET MULTI CHOKATHAVADU,TRUE
I-1584[38],INDO A-1584 [38],rent,INDOWESTERN,1,,,,RINGNI,38,3,available,,,INDO JECKET RINGNI COLOUR,TRUE
I-1585[36],INDO A-1585 [36],rent,INDOWESTERN,1,,,,WHITE,36,3,available,,,INDO LAKHANAVI WHITE FARMO MORVADU LILA CLOURVADU,TRUE
I-1586[36],INDO A-1586 [36],rent,INDOWESTERN,1,,,,,36,3,available,,,INDO LAKHANAVI RAJARANI DIAMOND HATHI VALI,TRUE
I-1587[30],INDO A-1587 [30],rent,INDOWESTERN,1,,,,MULTI,30,3,available,,,INDO LAKHANAVI MULTI COLOUR MONOPOLY,TRUE
I-1588[30],INDO A-1588 [30],rent,INDOWESTERN,1,,,,BLUE,30,3,available,,,INDO KOTIVADU BLUE COLOUR JOINT KOTI VADLI FUL ANDADIVADU,TRUE
I-1589[46],INDO A-1589 [46],rent,INDOWESTERN,1,,,,OFF WHITE,46,3,available,,,INDO LAKHANAVI OFFWHITE HATHI MOR DIAMOND WORK,TRUE
I-1590[36],INDO A-1590 [36],rent,INDOWESTERN,1,,,,MULTI,36,3,available,,,INDO NEW BLUE MULTI COLOUR KOTIVADU,TRUE
I-1591[36],INDO A-1591 [36],rent,INDOWESTERN,1,,,,RAMA,36,3,available,,,INDO KOTIVALU RAMA COLOUR MOTI FULDANI MULTI WORK,TRUE
I-1592[38],INDO A-1592 [38],rent,INDOWESTERN,1,,,,WHITE,38,3,available,,,INDO JECKET WHITE COLOUR FARMO MORVADU NICHE PATI,TRUE
I-1593,INDO A-1593,rent,INDOWESTERN,1,,,,,,3,available,,,PRODUCT NUMBER CHADEL NATHI,TRUE
I-1594[38],INDO A-1594 [38],rent,INDOWESTERN,1,,,,WHITE,38,3,available,,,INDO LAKHANAVI WHITE FARMA HARAN MOR MULTI,TRUE
I-1595[34],INDO A-1595 [34],rent,INDOWESTERN,1,,,,WHITE,34,3,available,,,INDO LAKHANAVI WHITE MORLA HEND WORK VADU,TRUE
I-1596[36],INDO A-1596 [36],rent,INDOWESTERN,1,,,,CHIKU,36,3,available,,,INDO LAKHANAVI CHIKU COLOUR MULTI SAME DUPATO ANARKALI VALI,TRUE
I-1597[36],INDO A-1597 [36],rent,INDOWESTERN,1,,,,COFFEE,36,3,available,,,INDO KOTIVADU COFFEE COLOUR NEW MORLAVADU,TRUE
I-1598[40],INDO A-1598 [40],rent,INDOWESTERN,1,,,,BLUE,40,3,available,,,INDO KOTIVADU BLUE COLOUR MORVADU (UNDER KOTI 38 SIZE NI),TRUE
I-1599[34],INDO A-1599 [34],rent,INDOWESTERN,1,,,,WHITE,34,3,available,,,INDO LAKHANAVI WHITE KOTIVALI HAND WORK,TRUE
I-1600[38],INDO A-1600 [38],rent,INDOWESTERN,1,,,,WHITE,38,3,available,,,INDO LAKHANAVI WHITE FARMA KOTI PETTERN RAJA RANI MARUN NEW,TRUE
I-1601[36],INDO A-1601 [36],rent,INDOWESTERN,1,,,,WHITE,36,3,available,,,PICH MORLA VADU,TRUE
I-1602[34],INDO A-1602 [34],rent,INDOWESTERN,1,,,,WHITE,34,3,available,,,KOTI PATTERN MORLA VADU DIOMAND VADU,TRUE
I-1603[38],INDO A-1603 [38],rent,INDOWESTERN,1,,,,DARK BLUE,38,3,available,,,MORLA VADU,TRUE
I-1604[46],INDO A-1604 [46],rent,INDOWESTERN,1,,,,PISTA,46,3,available,,,JACKET MAROON SINH LOGO,TRUE
I-1605[42],INDO A-1605 [42],rent,INDOWESTERN,1,,,,OFF WHITE,42,3,available,,,HATHI+MOR+HARAN VADU UPAR DUDHIYA MAROON MOR,TRUE
I-1606[34],INDO A-1606 [34],rent,INDOWESTERN,1,,,,BLUE,34,3,available,,,JOINT KOTI VADU,TRUE
I-1607[38],INDO A-1607 [38],rent,INDOWESTERN,1,,,,WHITE,38,3,available,,,RAJA RANI RANI GULABI TACHAP,TRUE
I-1608[34],INDO A-1608 [34],rent,INDOWESTERN,1,,,,WHITE,34,3,available,,,HATHI MOR VADU,TRUE
I-1609[34],INDO A-1609 [34],rent,INDOWESTERN,1,,,,BLUE,34,3,available,,,KOTI VADU MORLA VADU,TRUE
I-1610[42],INDO A-1610 [42],rent,INDOWESTERN,1,,,,OFF WHITE,42,3,available,,,MULTI COLOR MONOPOLI,TRUE
I-1611[36],INDO A-1611 [36],rent,INDOWESTERN,1,,,,BLUE,36,3,available,,,NEW JOINT KOTI VADU MAROON KAMAL ,TRUE
I-1612[36],INDO A-1612 [36],rent,INDOWESTERN,1,,,,BLUE,36,3,available,,,NEW MOR+KUNJVADU,TRUE
I-1613[42],INDO A-1613 [42],rent,INDOWESTERN,1,,,,OFF WHITE,42,3,available,,,MULTI HATHI+BAGALA VADU SEM DUPATTO (11000 VADI),TRUE
I-1614[36],INDO A-1614 [36],rent,INDOWESTERN,1,,,,PRUPLE,36,3,available,,,MOR DIOMAD TACHAP VADU,TRUE
I-1615[38],INDO A-1615 [38],rent,INDOWESTERN,1,,,,WHITE,38,3,available,,,HATHI+MOR DIOMAND WORK BLUE TAPKI,TRUE
I-1616[36],INDO A-1616 [36],rent,INDOWESTERN,1,,,,WHITE,36,3,available,,,MULTI MOR NICHE HATHI,TRUE
I-1617[34],INDO A-1617 [34],rent,INDOWESTERN,1,,,,WHITE,34,3,available,,,MOR+HARAN SKY MOR,TRUE
I-1618[36],INDO A-1618 [36],rent,INDOWESTERN,1,,,,WHITE,36,3,available,,,GALE MORLO HATH PAR HATHI,TRUE
I-1619[42],INDO A-1619 [42],rent,INDOWESTERN,1,,,,PINK,42,3,available,,,PICH ANIMAL,TRUE
I-1620[36],INDO A-1620 [36],rent,INDOWESTERN,1,,,,WHITE,36,3,available,,,HATHI+MOR DIOMAND WORK NARIYELI,TRUE
I-1621[42],INDO A-1621 [42],rent,INDOWESTERN,1,,,,,42,3,available,,,MORVADU DARK,TRUE
I-1622[38],INDO A-1622 [38],rent,INDOWESTERN,1,,,,WHITE,38,3,available,,,SKY MOR VADU,TRUE
I-1623[40],INDO A-1623 [40],rent,INDOWESTERN,1,,,,PINK,40,3,available,,,L.S WORK VADU,TRUE
I-1624[38],INDO A-1624 [38],rent,INDOWESTERN,1,,,,WHITE,38,3,available,,,FULVADI,TRUE
I-1625[34],INDO A-1625 [34],rent,INDOWESTERN,1,,,,PISTA,34,3,available,,,ANIMAL HATHI HARAN,TRUE
I-1626[34],INDO A-1626 [34],rent,INDOWESTERN,1,,,,WHITE,34,3,available,,,DIOMAND TACHAP NICHE HATHI,TRUE
I-1627[38],INDO A-1627 [38],rent,INDOWESTERN,1,,,,BLUE,38,3,available,,,MULTI JINI DESING WORK,TRUE
I-1628[38],INDO A-1628 [38],rent,INDOWESTERN,1,,,,MULTI,38,3,available,,,WHITE WORK LIGHT PISTA KALMAD,TRUE
I-1629[34],INDO A-1629 [34],rent,INDOWESTERN,1,,,,WHITE,34,3,available,,,SEM DUPATTA VADI,TRUE
I-1630[34],INDO A-1630 [34],rent,INDOWESTERN,1,,,,WHITE,34,3,available,,,MULTI NARIYELI VADI SATI DAMAN NICHE DAMAN VACHE KHALI,TRUE
I-1631[38],INDO A-1631 [38],rent,INDOWESTERN,1,,,,OFF WHITE,38,3,available,,,BARI VADU DESING TACHAP RANI GULABI MOTI,TRUE
I-1632[38],INDO A-1632 [38],rent,INDOWESTERN,1,,,,WHITE,38,3,available,,,MULTI BATAK NICHE HATHI MOTI TACHAP,TRUE
I-1633[38],INDO A-1633 [38],rent,INDOWESTERN,1,,,,PISTA,38,3,available,,,ANIMAL SORT SIZE VADU,TRUE
I-1634[36],INDO A-1634 [36],rent,INDOWESTERN,1,,,,WHITE,36,3,available,,,PINK+BLUE FUL+LINER VADU,TRUE
I-1635[36],INDO A-1635 [36],rent,INDOWESTERN,1,,,,LIGHT PINK,36,3,available,,,LALABHAI VADU,TRUE
I-1636[34],INDO A-1636 [34],rent,INDOWESTERN,1,,,,MULTI,34,3,available,,,FUL+VEL VADI,TRUE
I-1637[40],INDO A-1637 [40],rent,INDOWESTERN,1,,,,OFF WHITE,40,3,available,,,KOTI PATTERN RAJA RANI DOUBLE JACKET,TRUE
I-1638[36],INDO A-1638 [36],rent,INDOWESTERN,1,,,,OFF WHITE,36,3,available,,,MULTI MORVADU DIOMAND WORK,TRUE
I-1639[42],INDO A-1639 [42],rent,INDOWESTERN,1,,,,OFF WHITE,42,3,available,,,HATHI MOR VADU,TRUE
I-1640[34],INDO A-1640 [34],rent,INDOWESTERN,1,,,,WHITE,34,3,available,,,MOR VADU MOTA MOR 2,TRUE
I-1641[44],INDO A-1641 [44],rent,INDOWESTERN,1,,,,OFF WHITE,44,3,available,,,MOR VADU MULTI DIOMAND TACHAP,TRUE
I-1642[42],INDO A-1642 [42],rent,INDOWESTERN,1,,,,BLUE,42,3,available,,,VELVET MULTI MOTA FULADANI BAGALA ALLWORK,TRUE
I-1643[36],INDO A-1643 [36],rent,INDOWESTERN,1,,,,WHITE,36,3,available,,,NICHE HATHI VADI,TRUE
I-1644[50],INDO A-1644 [50],rent,INDOWESTERN,1,,,,WHITE,50,3,available,,,MOR+HATHI DIOMAND VADU,TRUE
I-1645[38],INDO A-1645 [38],rent,INDOWESTERN,1,,,,CHIKU,38,3,available,,,HAND WORK SEM ANARKALI,TRUE
I-1646[34],INDO A-1646 [34],rent,INDOWESTERN,1,,,,MULTI,34,3,available,,,MONOPOLI,TRUE
I-1647[34],INDO A-1647 [34],rent,INDOWESTERN,1,,,,WHITE,34,3,available,,,PINK+BLUE FUL+LINER VADU,TRUE
I-1648[38],INDO A-1648 [38],rent,INDOWESTERN,1,,,,LIGHT GREEN,38,3,available,,,L.S VELVET NEW,TRUE
I-1649[36],INDO A-1649 [36],rent,INDOWESTERN,1,,,,OFF WHITE,36,3,available,,,NARIYELI +MANDI DESINGE,TRUE
I-1650[36],INDO A-1650 [36],rent,INDOWESTERN,1,,,,WHITE,36,3,available,,,MORLA VADU,TRUE
I-1651[40],INDO A-1651 [40],rent,INDOWESTERN,1,,,,WHITE,40,3,available,,,NEW MIRAR WORK,TRUE
I-1652[34],INDO A-1652 [34],rent,INDOWESTERN,1,,,,PRUPLE,34,3,available,,,VELVET MOTA CHOKADA VADU,TRUE
I-1653[38],INDO A-1653 [38],rent,INDOWESTERN,1,,,,WHITE,38,3,available,,,KOTI PATTERN RAJARANI MAROON ,TRUE
I-1654[38],INDO A-1654 [38],rent,INDOWESTERN,1,,,,BLUE,38,3,available,,,MORLA VADU,TRUE
I-1655[40],INDO A-1655 [40],rent,INDOWESTERN,1,,,,BLUE,40,3,available,,,MULTI MORLA VADU,TRUE
I-1656[36],INDO A-1656 [36],rent,INDOWESTERN,1,,,,WHITE,36,3,available,,,RAJA RANI MAROON KOTI PATTERN ,TRUE
I-1657[34],INDO A-1657 [34],rent,INDOWESTERN,1,,,,WHITE,34,3,available,,,RAJA RANI KOTI PATTERN DOUBLE,TRUE
I-1658[36],INDO A-1658 [36],rent,INDOWESTERN,1,,,,WHITE,36,3,available,,,PINK+PISTA FULVADU,TRUE
I-1659[32],INDO A-1659 [32],rent,INDOWESTERN,1,,,,BLUE,32,3,available,,,MORLO NEW,TRUE
I-1660[36],INDO A-1660 [36],rent,INDOWESTERN,1,,,,MULTI,36,3,available,,,WHITE WORK VADU,TRUE
I-1661[32],INDO A-1661 [32],rent,INDOWESTERN,1,,,,PISTA,32,3,available,,,ANIMAL WORK,TRUE
I-1662[34],INDO A-1662 [34],rent,INDOWESTERN,1,,,,FALSA,34,3,available,,,NEW KOTIDAR DESINGE,TRUE
I-1663[34],INDO A-1663 [34],rent,INDOWESTERN,1,,,,WHITE,34,3,available,,,KOTI PATTERN DIOMAND TACHAP DAMAN VADU,TRUE
I-1664[40],INDO A-1664 [40],rent,INDOWESTERN,1,,,,PRUPLE,40,3,available,,,VELVET MOTI DESINGE,TRUE
I-1665[42],INDO A-1665 [42],rent,INDOWESTERN,1,,,,WHITE,42,3,available,,,MOR VADU,TRUE
I-1666[42],INDO A-1666 [42],rent,INDOWESTERN,1,,,,WHITE,42,3,available,,,MORLA VADU,TRUE
I-1667[36],INDO A-1667 [36],rent,INDOWESTERN,1,,,,,36,3,available,,,KOTI VADU ANIMAL HATHI MOR,TRUE
I-1668[36],INDO A-1668 [36],rent,INDOWESTERN,1,,,,,36,3,available,,,NEW MULTI WORK,TRUE
I-1669[34],INDO A-1669 [34],rent,INDOWESTERN,1,,,,PISTA,34,3,available,,,VELVET HAND WORK,TRUE
I-1670[36],INDO A-1670 [36],rent,INDOWESTERN,1,,,,WHITE,36,3,available,,,MULTI FULVADI,TRUE
I-1671[40],INDO A-1671 [40],rent,INDOWESTERN,1,,,,WHITE,40,3,available,,,RANI FUDADI VADI,TRUE
I-1672[38],INDO A-1672 [38],rent,INDOWESTERN,1,,,,WHITE,38,3,available,,,NICHE HATHI DIOMAND WORK NARIYELI VADU ,TRUE
I-1673[34],INDO A-1673 [34],rent,INDOWESTERN,1,,,,BOTTAL GREEN,34,3,available,,,MULTI WORK CHAKALI+POPAT,TRUE
I-1674[36],INDO A-1674 [36],rent,INDOWESTERN,1,,,,GREEN,36,3,available,,,HATHI LOGO VADU NICHE WORK VADU BIGBANNA PATTERN,TRUE
I-1675[34],INDO A-1675 [34],rent,INDOWESTERN,1,,,,WHITE,34,3,available,,,PINK+MAROON TACHAP BAYE DHOLI RAJARANI HARAN WORK,TRUE
I-1676[38],INDO A-1676 [38],rent,INDOWESTERN,1,,,,GREY,38,3,available,,,VELVET JARDOSHI WORK HATHI LOGO NICHE WORK,TRUE
I-1677[40],INDO A- 1677 [40],rent,INDOWESTERN,1,,,,,40,3,available,,,BUTTI VADU NANI FULDANI SEMDUPATTO GREEN TACHAP (11000 VADI),TRUE
I-1678[38],INDO A-1678 [38],rent,INDOWESTERN,1,,,,OFF WHITE,38,3,available,,,MOTA MORVADU BLUE MOR PLAN,TRUE
I-1679[36],INDO A-1679 [36],rent,INDOWESTERN,1,,,,PRUPLE,36,3,available,,,AMBRODARI WORK GALE&BAYE HATHI VADU,TRUE
I-1680[34],INDO A-1680 [34],rent,INDOWESTERN,1,,,,WHITE,34,3,available,,,MOR+HATHI HAND WORK,TRUE
I-1681[34],INDO A-1681 [34],rent,INDOWESTERN,1,,,,WHITE,34,3,available,,,MULTI BHARVADI DAMAN WORK ,TRUE
I-1682[34],INDO A-1682 [34],rent,INDOWESTERN,1,,,,MULTI,34,3,available,,,JORJAT&JINI DESINGE CHAKKAR VADI  ,TRUE
I-1683[34],INDO A-1683 [34],rent,INDOWESTERN,1,,,,MAROON,34,3,available,,,VELEVT MULTI BOX VADU,TRUE
I-1684[38],INDO A- 1684 [38],rent,INDOWESTERN,1,,,,PISTA,38,3,available,,,MACHINE WORK DAMAN BIG BANNA,TRUE
I-1685[40],INDO A-1685 [40],rent,INDOWESTERN,1,,,,WHITE,40,3,available,,,NICHE MORLA VADU SORT PICH,TRUE
I-1686[38],INDO A-1686 [38],rent,INDOWESTERN,1,,,,OFF WHITE,38,3,available,,,KOTI VADU SORT MORVADU,TRUE
I-1687[34],INDO A-1687 [34],rent,INDOWESTERN,1,,,,BLUE,34,3,available,,,VELEVET MORVADU,TRUE
I-1688[36],INDO A-1688 [36],rent,INDOWESTERN,1,,,,WHITE,36,3,available,,,WHITE MORLAVADU,TRUE
I-1689[38],INDO A-1689 [38],rent,INDOWESTERN,1,,,,PINK,38,3,available,,,VELVET HAND WORK HATHI VADU NICHE WORK,TRUE
I-1690[38],INDO A-1690 [38],rent,INDOWESTERN,1,,,,MULTI,38,3,available,,,CHAKKARVADI,TRUE
I-1691[40],INDO A-1691 40],rent,INDOWESTERN,1,,,,MULTI,40,3,available,,,MONOPOLI,TRUE
I-1692[40],INDO A-1692 [40],rent,INDOWESTERN,1,,,,BLUE,40,3,available,,,MULTI WORK KOTI SEM PENT,TRUE
I-1693[36],INDO A-1693 [36],rent,INDOWESTERN,1,,,,BLUE,36,3,available,,,MULTI BOX JINI DESINGE,TRUE
I-1694[38],INDO A-1694 [38],rent,INDOWESTERN,1,,,,OFF WHITE,38,3,available,,,MULTI PANDADI WORK VACHE KHALI ,TRUE
I-1695[42],INDO A-1695 [42],rent,INDOWESTERN,1,,,,WHITE,42,3,available,,,ANIMAL HATHI MOR,TRUE
I-1696[34],INDO A-1696 [34],rent,INDOWESTERN,1,,,,WHITE,34,3,available,,,RANI TACHAP,TRUE
I-1697[34],INDO A-1697 [34],rent,INDOWESTERN,1,,,,BLUE,34,3,available,,,VELVET BATAK VADU,TRUE
I-1698[42],INDO A-1698 [42],rent,INDOWESTERN,1,,,,WHITE,42,3,available,,,RAJA RANI RANI GULABI TACHAP,TRUE
I-1699[38],INDO A-1699 [38],rent,INDOWESTERN,1,,,,BLUE,38,3,available,,,VELVET MULTI MORVADU,TRUE
I-1700[38],INDO A-1700 [38],rent,INDOWESTERN,1,,,,WHITE,38,3,available,,,RAJARANI PINK+MAROON FUDADI HARAN+BAYB DHOLI,TRUE
I-1701[38],INDO A-1701 [38],rent,INDOWESTERN,1,,,,WHITE,38,3,available,,,WHITE MOTA MOR-2,TRUE
I-1702[40],INDO A-1702 [40],rent,INDOWESTERN,1,,,,WHITE,40,3,available,,,WHITE+MAROON RAJA RANI,TRUE
I-1703[38],INDO A-1703 [38],rent,INDOWESTERN,1,,,,RANI,38,3,available,,,HARAN VADU,TRUE
I-1704[44],INDO A-1704 [44],rent,INDOWESTERN,1,,,,OFF WHITE,44,3,available,,,BLUE MOR MOTA-2,TRUE
I-1705[36],INDO A-1705 [36],rent,INDOWESTERN,1,,,,CHIKU,36,3,available,,,HATHI +DIOMAND WORK,TRUE
I-1706[36],INDO A-1706 [36],rent,INDOWESTERN,1,,,,BLUE,36,3,available,,,VELVET MORLAVADU,TRUE
I-1707[36],INDO A-1707 [36],rent,INDOWESTERN,1,,,,WHITE,36,3,available,,,HATHI VADU DIOMAND WORK ,TRUE
I-1708[36],INDO A-1708 [36],rent,INDOWESTERN,1,,,,,36,3,available,,,RAJA RANI MAROON TACHAP DIOMAND TACHAP,TRUE
I-1709,INDO A-1709,rent,INDOWESTERN,1,,,,,,3,available,,,,TRUE
I-1710[38],INDO A-1710 [38],rent,INDOWESTERN,1,,,,DARK COFFE,38,3,available,,,HAND WORK HATHI NICHE WORK,TRUE
I-1711[36],INDO A-1711 [36],rent,INDOWESTERN,1,,,,FALSA,36,3,available,,,KOTI VADU VELVET ,TRUE
I-1712[34],INDO A-1712 [34],rent,INDOWESTERN,1,,,,OFF WHITE,34,3,available,,,BLUE MOTA MOR -2,TRUE
I-1713[34],INDO A-1713 [34],rent,INDOWESTERN,1,,,,BLUE,34,3,available,,,ANIMAL HATHI =MOR,TRUE
I-1714[34],INDO A-1714 [34],rent,INDOWESTERN,1,,,,WHITE,34,3,available,,,NARIYELI VADU DIOMAND TACHAP,TRUE
I-1715[40],INDO A-1715 [40],rent,INDOWESTERN,1,,,,OFF WHITE,40,3,available,,,DIOAMNAD TACHAP HATHI+MOR DAMAN WORK,TRUE
I-1716[34],INDO A-1716 [34],rent,INDOWESTERN,1,,,,DARK,34,3,available,,,MORLA VADU,TRUE
I-1717[36],INDO A-1717 [36],rent,INDOWESTERN,1,,,,DARK BLUE,36,3,available,,,MORALA VADU,TRUE
I-1718[38],INDO A-1718 [38],rent,INDOWESTERN,1,,,,BLUE,38,3,available,,,VELVET MULTI MOR VADU,TRUE
I-1719[32],INDO A-1719 [32],rent,INDOWESTERN,1,,,,,32,3,available,,,ANIMAL PRINT MULTI WORK,TRUE
I-1720[34],INDO A-1720 [34],rent,INDOWESTERN,1,,,,LIGHT PICH,34,3,available,,,HATHI+MOR +VAGH+HARAN PRINT,TRUE
I-1721[38],INDO A-1721 [38],rent,INDOWESTERN,1,,,,CHIKU,38,3,available,,,DIOMAND VADU NICHE HATHI (11000 VADI),TRUE
I-1722[34],INDO A-1722 [34],rent,INDOWESTERN,1,,,,WHITE,34,3,available,,,PICH MORLAVALI,TRUE
I-1723[40],INDO A-1723 [40],rent,INDOWESTERN,1,,,,CHIKU,40,3,available,,,MULTI HATHI VADU DIOAMNDA VADU,TRUE
I-1724[38],INDO A-1724 [38],rent,INDOWESTERN,1,,,,WHITE,38,3,available,,,ANIMAL KOTI VADU,TRUE
I-1725[42],INDO A-1725 [42],rent,INDOWESTERN,1,,,,WHITE,42,3,available,,,DIOMAND WORK MORLA VADU,TRUE
I-1726[40],INDO A-1726 [40],rent,INDOWESTERN,1,,,,WHITE,40,3,available,,,DIOMAND WORK MORLA VADU,TRUE
I-1727[36],INDO A-1727 [36],rent,INDOWESTERN,1,,,,PRUPLE,36,3,available,,,HAND WORK NICHE WORK ,TRUE
I-1728[36],INDO A-1728 [36],rent,INDOWESTERN,1,,,,WHITE,36,3,available,,,MORLA VADU,TRUE
I-1729[38],INDO A-1729 [38],rent,INDOWESTERN,1,,,,WHITE,38,3,available,,,MORLA VADU,TRUE
I-1730[42],INDO A-1730 [42],rent,INDOWESTERN,1,,,,WHITE,42,3,available,,,VACHE RAJA RANI PATTERN ,TRUE
I-1731[34],INDO A-1731 [34],rent,INDOWESTERN,1,,,,WHITE,34,3,available,,,PICH MULRI FUL,TRUE
I-1732[38],INDO A-1732 [38],rent,INDOWESTERN,1,,,,OFF WHITE,38,3,available,,,MAROON FUDADI VARGHODA VADI,TRUE
I-1733,INDO A-1733,rent,INDOWESTERN,1,,,,,,3,available,,,,TRUE
I-1734[40],INDO A-1734 [40],rent,INDOWESTERN,1,,,,WHITE,40,3,available,,,RAJA RANI ,TRUE
I-1735[36],INDO A-1735 [36],rent,INDOWESTERN,1,,,,WHITE,36,3,available,,,HATHI+MOR HAND WORK VADI,TRUE
I-1736[36],INDO A-1736 [36],rent,INDOWESTERN,1,,,,,36,3,available,,,BLUE MORLO VELVET MOTA FULDANI,TRUE
I-1737[38],INDO A-1737 [38],rent,INDOWESTERN,1,,,,COFFE,38,3,available,,,MORLA VADU,TRUE
I-1738[36],INDO A-1738 [36],rent,INDOWESTERN,1,,,,COFFE,36,3,available,,,HAND WORK NICHE WORK ,TRUE
I-1739[42],INDO A-1739 [42],rent,INDOWESTERN,1,,,,BLUE,42,3,available,,,MORLA VADU,TRUE
I-1740[42],INDO A-1740 [42],rent,INDOWESTERN,1,,,,OFF WHITE,42,3,available,,,MULTI VEL VADU,TRUE
I-1741[42],INDO A-1741 [42],rent,INDOWESTERN,1,,,,WHITE,42,3,available,,,KOTI PATTERN VEL VADU FULDANI DIOMAND WORK,TRUE
I-1742[40],INDO A-1742 [40],rent,INDOWESTERN,1,,,,BLUE,40,3,available,,,DARK MORLAVADU,TRUE
I-1743[36],INDO A-1743 [36],rent,INDOWESTERN,1,,,,WHITE,36,3,available,,,PINK TACHAP,TRUE
I-1744[38],INDO A-1744 [38],rent,INDOWESTERN,1,,,,OFF WHITE,38,3,available,,,BAY PAR RAJA RANI,TRUE
I-1745[46],INDO A-1745 [46],rent,INDOWESTERN,1,,,,PICH,46,3,available,,,ANIMAL HATHI+GHODA,TRUE
I-1746[40],INDO A-1746 [40],rent,INDOWESTERN,1,,,,WHITE,40,3,available,,,RAJA RANI MAROON+PINK,TRUE
I-1747[36],INDO A-1747 [36],rent,INDOWESTERN,1,,,,MULTI,36,3,available,,,KOTI VADU FULVADU,TRUE
I-1748[38],INDO A-1748 [38],rent,INDOWESTERN,1,,,,OFF WHITE,38,3,available,,,DIOMAND WORK MORLA VADI,TRUE
I-1749[42],INDO A-1749 [42],rent,INDOWESTERN,1,,,,WHITE,42,3,available,,,HATH PAR HARAN NEW RAJA RANI,TRUE
I-1750[36],INDO A-1750 [36],rent,INDOWESTERN,1,,,,WHITE,36,3,available,,,MULTI WORK MORLA VADU,TRUE
I-1751[36],INDO A-1751 [36],rent,INDOWESTERN,1,,,,MULTI,36,3,available,,,FULVADU,TRUE
I-1752[34],INDO A-1752 [34],rent,INDOWESTERN,1,,,,KHAKHI COLOR,34,3,available,,,HAND WORK NICHE HATHI WORK,TRUE
I-1753[38],INDO A-1753 [38],rent,INDOWESTERN,1,,,,PISTA,38,3,available,,,HAND WORK,TRUE
I-1754[32],INDO A-1754 [32],rent,INDOWESTERN,1,,,,FALSA,32,3,available,,,KOTI VADU NICHE PATTA ,TRUE
I-1755[42],INDO A-1755 [42],rent,INDOWESTERN,1,,,,PISTA,42,3,available,,,HAND WORK HATHI VADU,TRUE
I-1756[34],INDO A-1756 [34],rent,INDOWESTERN,1,,,,WHITE,34,3,available,,,MULTI  HATHI+ZAD VADU,TRUE
I-1757[42],INDO A-1757 [42],rent,INDOWESTERN,1,,,,KHAKHI COLOR,42,3,available,,,VELVET LONG LIGHT MACHIN WORK,TRUE
I-1758[36],INDO A-1758 [36],rent,INDOWESTERN,1,,,,WHITE,36,3,available,,,RAJARANI HATHI VADI,TRUE
I-1759[38],INDO A-1759 [38],rent,INDOWESTERN,1,,,,WHITE,38,3,available,,,PICH MORLA VADI,TRUE
I-1760[32],INDO A-1760 [32],rent,INDOWESTERN,1,,,,BLUE,32,3,available,,,COFFEE FUL SORT PICH,TRUE
I-1761[46],INDO A-1761 [46],rent,INDOWESTERN,1,,,,OFF WHITE,46,3,available,,,MORALA VADU,TRUE
I-1762[36],INDO A-1762 [36],rent,INDOWESTERN,1,,,,WHITE,36,3,available,,,RANI GULABI WORK RAJA RANI VADI,TRUE
I-1763[42],INDO A-1763 [42],rent,INDOWESTERN,1,,,,PISTA,42,3,available,,,LONG SINH MOR SIMBOL,TRUE
I-1764[34],INDO A-1764 [34],rent,INDOWESTERN,1,,,,MULTI,34,3,available,,,MONOPOLI,TRUE
I-1765[42],INDO A-1765 [42],rent,INDOWESTERN,1,,,,CHIKU,42,3,available,,,GREEN TACHAP SEM DUPATTO ,TRUE
I-1766[42],INDO A-1766 [42],rent,INDOWESTERN,1,,,,BLUE,42,3,available,,,DARK MORLAVADU,TRUE
I-1767[42],INDO A-1767 [42],rent,INDOWESTERN,1,,,,OFF WHITE,42,3,available,,,PICH MORLA VADI,TRUE
I-1768[42],INDO A-1768 [42],rent,INDOWESTERN,1,,,,KHAKHI COLOR,42,3,available,,,HATHI VADU HAND WORK,TRUE
I-1769[36],INDO A-1769 [36],rent,INDOWESTERN,1,,,,BLUE,36,3,available,,,VELVET MOTA HATHI VADU FUL+GALE WORK,TRUE
I-1770[32],INDO A-1770 [32],rent,INDOWESTERN,1,,,,WHITE,32,3,available,,,BLUE MORLA VADU NEW,TRUE
I-1771[40],INDO A-1771 [40],rent,INDOWESTERN,1,,,,WHITE,40,3,available,,,PINK WORK HATHI+DIOMAND VADU,TRUE
I-1772[44],INDO A-1772 [44],rent,INDOWESTERN,1,,,,WHITE,44,3,available,,,HAND WORK MOTI VADU SEM DUPATTO (11000 VADI),TRUE
I-1773[34],INDO A-1773 [34],rent,INDOWESTERN,1,,,,WHITE,34,3,available,,,PINK TACHAP,TRUE
I-1774[36],INDO A-1774 [36],rent,INDOWESTERN,1,,,,WHITE,36,3,available,,,PINK WORK NICHE HATHI ,TRUE
I-1775[36],INDO A-1775 [36],rent,INDOWESTERN,1,,,,MULTI ,36,3,available,,,HATHI WORK VADU,TRUE
I-1776[38],INDO A-1776 [38],rent,INDOWESTERN,1,,,,CHIKU,38,3,available,,,SEM DUPATTO+ SEM ANARKALI  NO-1776,TRUE
I-1777[40],INDO A-1777 [40],rent,INDOWESTERN,1,,,,OFF WHITE,40,3,available,,,KOTI PATTERN DIOMAND VADI,TRUE
I-1778[40],INDO A-1778 [40],rent,INDOWESTERN,1,,,,WHITE,40,3,available,,,PICH MORALA VADI DIOAMAND ,TRUE
I-1779[38],INDO A-1779 [38],rent,INDOWESTERN,1,,,,CHIKU,38,3,available,,,DIOMAND VADI DOUBLE KOTI VADI,TRUE
I-1780[38],INDO A-1780 [38],rent,INDOWESTERN,1,,,,CHIKU,38,3,available,,,SEM DUPATTO+ SEM ANARKALI  (11000 VADI),TRUE
I-1781[34],INDO A-1781 [34],rent,INDOWESTERN,1,,,,WHITE,34,3,available,,,MORLA VADU,TRUE
I-1782[34],INDO A-1782 [34],rent,INDOWESTERN,1,,,,WHITE,34,3,available,,,PRUPLE MOR+HATHI,TRUE
I-1783[34],INDO A-1783 [34],rent,INDOWESTERN,1,,,,OFF WHITE,34,3,available,,,DIOMAND WORK NICHE CAMAL VARGHODO FUL VADU,TRUE
I-1784[34],INDO A-1784 [34],rent,INDOWESTERN,1,,,,FALSA,34,3,available,,,CHEKAS VADI MULTI DESING,TRUE
I-1785[38],INDO A-1785 [38],rent,INDOWESTERN,1,,,,WHITE,38,3,available,,,BLUE MORLA VADU NEW,TRUE
I-1786[34],INDO A-1786 [34],rent,INDOWESTERN,1,,,,OFF WHITE,34,3,available,,,DIOMAND TACHAP HATHI+MOR,TRUE
I-1787[38],INDO A-1787 [38],rent,INDOWESTERN,1,,,,OFF WHITE,38,3,available,,,MULTI COLOR KAMARE PATTAVADU,TRUE
I-1788[36],INDO A-1788 [36],rent,INDOWESTERN,1,,,,CHIKU,36,3,available,,,KOTI VADU RAJ ARANI PRINT MOTI,TRUE
I-1789[38],INDO A-1789 [38],rent,INDOWESTERN,1,,,,OFF WHITE,38,3,available,,,MORLA VADU BLUE MORLA TACHAP VADU,TRUE
I-1790[36],INDO A-1790 [36],rent,INDOWESTERN,1,,,,OFF WHITE,36,3,available,,,MOTA RAJA RANI KOTI PATTERN PRINT,TRUE
I-1791[34],INDO A-1791 [34],rent,INDOWESTERN,1,,,,PISTA,34,3,available,,,VELVET HAND WORK VADU,TRUE
I-1792[34],INDO A-1792 [34],rent,INDOWESTERN,1,,,,COFFE,34,3,available,,,VELVET HAND WORK BAYE GALE NICHE WORK,TRUE
I-1793[40],INDO A-1793 [40],rent,INDOWESTERN,1,,,,,40,3,available,,,DARK ANIMAL WORK KOTI VAGAR NU,TRUE
I-1794[44],INDO A-1794 [44],rent,INDOWESTERN,1,,,,DARK VAGAR,44,3,available,,,ANIMAL FIGAR HATHI+MOR,TRUE
I-1795[36],INDO A-1795 [36],rent,INDOWESTERN,1,,,,CHIKU,36,3,available,,,MULTI COLOR KAMARE PATTAVADU,TRUE
I-1796[44],INDO A-1796 [44],rent,INDOWESTERN,1,,,,WHITE,44,3,available,,,AMIT VADI HAVY-SEM DUPATTA VADI,TRUE
I-1797[38],INDO A-1797 [38],rent,INDOWESTERN,1,,,,OFF WHITE,38,3,available,,,GALE+NICHE WORK VADU DIOMAND TACHAP,TRUE
I-1798[38],INDO A-1798 [38],rent,INDOWESTERN,1,,,,PINK,38,3,available,,,RUTURAJ VADU JACKET VAGAR NU,TRUE
I-1799[38],INDO A-1799 [38],rent,INDOWESTERN,1,,,,COFFE,38,3,available,,,VELVET HAND WORK,TRUE
I-1800[34],INDO A-1800 [34],rent,INDOWESTERN,1,,,,BLUE,34,3,available,,,SORT PICHH VELVET MOTI FULDANI SLAB VADU,TRUE
I-1801[38],INDO A-1801 [38],rent,INDOWESTERN,1,,,,CHIKU,38,3,available,,,KOTI PATTREN DIOMAND TACHAP WHITE WORK,TRUE
I-1802[36],INDO A-1802 [36],rent,INDOWESTERN,1,,,,MULTI,36,3,available,,,HATHI+FULVADU MOR VADU,TRUE
I-1803[34],INDO A-1803 [34],rent,INDOWESTERN,1,,,,CREAM,34,3,available,,,JYUT JACKET ,TRUE
I-1804[34],INDO A-1804 [34],rent,INDOWESTERN,1,,,,PRUPLE,34,3,available,,,VELVET HAND WORK HATHI VADU,TRUE
I-1805[32],INDO A-1805 [32],rent,INDOWESTERN,1,,,,CHIKU,32,3,available,,,SEM ANARKALI ,TRUE
I-1806[40],INDO A-1806 [40],rent,INDOWESTERN,1,,,,WHITE,40,3,available,,,HATHI+MOR DIOMAND TACHAP,TRUE
I-1807[36],INDO A-1807 [36],rent,INDOWESTERN,1,,,,WHITE,36,3,available,,,HATHI+DIOMAND VADI KOTI PATTERN,TRUE
I-1808[38],INDO A-1808 [38],rent,INDOWESTERN,1,,,,BLUE,38,3,available,,,MORLA VADU,TRUE
I-1809[36],INDO A-1809 [36],rent,INDOWESTERN,1,,,,CHIKU,36,3,available,,,KOTI PATTERN,TRUE
I-1810[42],INDO A-1810 [42],rent,INDOWESTERN,1,,,,WHITE,42,3,available,,,WHITE MORLA VADU,TRUE
I-1811[34],INDO A-1811 [34],rent,INDOWESTERN,1,,,,BLUE,34,3,available,,,VELVET HADN WORK HATHI VADU,TRUE
I-1812[42],INDO A-1812 [42],rent,INDOWESTERN,1,,,,OFF WHITE,42,3,available,,,MULTI MOTA FULDANI DIOMAND WORK -AMIT (11000),TRUE
I-1813[34],INDO A-1813 [34],rent,INDOWESTERN,1,,,,OFF WHITE,34,3,available,,,JACKET MORLAVADU,TRUE
I-1814[36],INDO A-1814 [36],rent,INDOWESTERN,1,,,,CHIKU,36,3,available,,,DIOMAND TACHAP SEM ANARKALI,TRUE
I-1815[36],INDO A-1815 [36],rent,INDOWESTERN,1,,,,OFF WHITE,36,3,available,,,KOTI PATTERN MORLA VADI,TRUE
I-1816[36],INDO A-1816 [36],rent,INDOWESTERN,1,,,,MAROON,36,3,available,,,GALE WORK HATHI+FULDANI WORK SIMBOL,TRUE
I-1817[34],INDO A-1817 [34],rent,INDOWESTERN,1,,,,WHITE,34,3,available,,,KALSH PATTERN +MAROON TACHAP,TRUE
I-1818[38],INDO A-1818 [38],rent,INDOWESTERN,1,,,,PRUPLE,38,3,available,,,VELVET HAND WORK NICHE WORK HATHI WORK VADU,TRUE
I-1819[36],INDO A-1819 [36],rent,INDOWESTERN,1,,,,WHITE,36,3,available,,,WHITE MORLA VADU,TRUE
I-1820[40],INDO A-1820 [40],rent,INDOWESTERN,1,,,,OFF WHITE,40,3,available,,,MORLA VADU DIOMAND WORK,TRUE
I-1821[34],INDO A-1821 [34],rent,INDOWESTERN,1,,,,WHITE,34,3,available,,,RAJI GULABI RAJARANI+HARAN,TRUE
I-1822[38],INDO A-1822 [38],rent,INDOWESTERN,1,,,,CHIKU,38,3,available,,,KOTI VADI PATTERN (11000 VADI),TRUE
I-1823[36],INDO A-1823 [36],rent,INDOWESTERN,1,,,,CREAM,36,3,available,,,KOTI VADU JYUT FULVADU,TRUE
I-1824[36],INDO A-1824 [36],rent,INDOWESTERN,1,,,,CHIKU,36,3,available,,,HAND WORK MAROON TACHAP DAMAN VADU,TRUE
I-1825[40],INDO A-1825 [40],rent,INDOWESTERN,1,,,,WHITE,40,3,available,,,WHITE MOTI TACHAP (11000 VADI),TRUE
I-1826[36],INDO A-1826 [36],rent,INDOWESTERN,1,,,,WHITE,36,3,available,,,MOR VADU DIOMAND TACHAP MAROON GREEN MOR,TRUE
I-1827[34],INDO A-1827 [34],rent,INDOWESTERN,1,,,,WHITE,34,3,available,,,MOR VADU + MULTI ALL WORK DAMAN,TRUE
I-1828[36],INDO A-1828 [36],rent,INDOWESTERN,1,,,,CHIKU,36,3,available,,,WHITE WORK DIOMAND TACHAP,TRUE
I-1829[36],INDO A-1829 [36],rent,INDOWESTERN,1,,,,BLUE,36,3,available,,,VELEVT ALL WORK BAGALA VADU AMIT,TRUE
I-1830[34],INDO A-1830 [34],rent,INDOWESTERN,1,,,,CHIKU,34,3,available,,,GREEN FULDANI WORK+DIOMAND TACHAP ,TRUE
I-1831[34],INDO A-1831 [34],rent,INDOWESTERN,1,,,,BLUE,34,3,available,,,VELEVT MULTI MOR VADU MOTA FULDANI WORK,TRUE
I-1832[36],INDO A-1832 [36],rent,INDOWESTERN,1,,,,WHITE,36,3,available,,,HAND WORK MOTI+DIOMAND TACHAP MAROON,TRUE
I-1833[44],INDO A-1833 [44],rent,INDOWESTERN,1,,,,WHITE,44,3,available,,,MULTI DIOMAND TACHAP MOR+HATHI NARIYERI VADU,TRUE
I-1834[44],INDO A-1834 [44],rent,INDOWESTERN,1,,,,WHITE,44,3,available,,,MAROON+PINK TACHAP DIOMAND VADU RAJA RANI SHARIF,TRUE
I-1835[34],INDO A-1835 [34],rent,INDOWESTERN,1,,,,CREAM,34,3,available,,,JYUT MA FULDANI VADU,TRUE
I-1836[34],INDO A-1836 [34],rent,INDOWESTERN,1,,,,CHIKU,34,3,available,,,SEM ANARKALI SEM DUPATTO PICH TACHAP DIOMAND VADU,TRUE
I-1837[42],INDO A-1837 [42],rent,INDOWESTERN,1,,,,OFF WHITE,42,3,available,,,,TRUE
I-1838[34],INDO A-1838 [34],rent,INDOWESTERN,1,,,,CREAM,34,3,available,,,JYUT MA BATAK CHAKALI VADU,TRUE
I-1839[40],INDO A-1839 [40],rent,INDOWESTERN,1,,,,WHITE,40,3,available,,,MAROON TACHAP RAJA RANI,TRUE
I-1840[38],INDO A-1840 [38],rent,INDOWESTERN,1,,,,CHIKU,38,3,available,,,MAROON TACHAP POPAT VADU SEM DUPATTO,TRUE
I-1841[42],INDO A-1841 [42],rent,INDOWESTERN,1,,,,WHITE,42,3,available,,,NICHE HATHI DIOMAND WORK,TRUE
