code,name,type,category_name,qty,price_rent,price_sell,purchase_price,color,size,lifetime_gap,status,vendor_id,main_image,notes,is_active
S-601[34],JODHPURI COAT S-601 [34],rent,JODHPURI COAT,1,,,,RAMA,34,3,available,,,PLEN,TRUE
S-602 ,JODHPURI COAT S-602 ,rent,JODHPURI COAT,1,,,,,,3,available,,,,TRUE
S-603[42],JODHPURI COAT S-603 [42],rent,JODHPURI COAT,1,,,,FALSA,42,3,available,,,VELVET MULTI 3 FUL,TRUE
S-604[42],JODHPURI COAT S-604 [42],rent,JODHPURI COAT,1,,,,,42,3,available,,,,TRUE
S-605[42],JODHPURI COAT S-605 [42],rent,JODHPURI COAT,1,,,,MARUN,42,3,available,,,SINH SIMBOL,TRUE
S-606[38],JODHPURI COAT S-606 [38],rent,JODHPURI COAT,1,,,,NEVI BLUE,38,3,available,,,SINH TALVAR LOGO,TRUE
S-607[36],JODHPURI COAT S-607 [36],rent,JODHPURI COAT,1,,,,GREEN,36,3,available,,,GOLDEN PRINT,TRUE
S-608[40],JODHPURI COAT S-608 [40],rent,JODHPURI COAT,1,,,,BLUE,40,3,available,,,PLEN,TRUE
S-609,JODHPURI COAT S-609,rent,JODHPURI COAT,1,,,,,,3,available,,,,TRUE
S-610[36],JODHPURI COAT S-610 [36],rent,JODHPURI COAT,1,,,,RAMA,36,3,available,,,PLEN,TRUE
S-611[36],JODHPURI COAT S-611 [36],rent,JODHPURI COAT,1,,,,GULABI,36,3,available,,,,TRUE
S-612[36],JODHPURI COAT S-612 [36],rent,JODHPURI COAT,1,,,,BLUE,36,3,available,,,SINH TALVAR LOGO,TRUE
S-613[40],JODHPURI COAT S-613 [40],rent,JODHPURI COAT,1,,,,,40,3,available,,,,TRUE
S-614,JODHPURI COAT S-614 ,rent,JODHPURI COAT,1,,,,,,3,available,,,,TRUE
S-615,JODHPURI COAT S-615,rent,JODHPURI COAT,1,,,,,,3,available,,,,TRUE
S-616,JODHPURI COAT S-616,rent,JODHPURI COAT,1,,,,,,3,available,,,,TRUE
S-617,JODHPURI COAT S-617,rent,JODHPURI COAT,1,,,,,,3,available,,,,TRUE
S-618[40],JODHPURI COAT S-618 [40],rent,JODHPURI COAT,1,,,,RAMA,40,3,available,,,PLEN,TRUE
S-619,JODHPURI COAT S-619 ,rent,JODHPURI COAT,1,,,,,,3,available,,,,TRUE
S-620[32],JODHPURI COAT S-620 [32],rent,JODHPURI COAT,1,,,,MARUN,32,3,available,,,SINH SIMBOL,TRUE
S-621[38],JODHPURI COAT S-621 [38],rent,JODHPURI COAT,1,,,,RAMA,38,3,available,,,GHAR DESIGN,TRUE
S-622[36],JODHPURI COAT S-622 [36],rent,JODHPURI COAT,1,,,,GREEN,36,3,available,,,GHAR DESIGN,TRUE
S-623[38],JODHPURI COAT S-623 [38],rent,JODHPURI COAT,1,,,,MARUN,38,3,available,,,SINH SIMBOL,TRUE
S-624,JODHPURI COAT S-624 ,rent,JODHPURI COAT,1,,,,,,3,available,,,,TRUE
S-625[34],JODHPURI COAT S-625 [34],rent,JODHPURI COAT,1,,,,RAMA,34,3,available,,,GHAR DESIGN,TRUE
S-626,JODHPURI COAT S-626 ,rent,JODHPURI COAT,1,,,,,,3,available,,,,TRUE
S-627[34],JODHPURI COAT S-627 [34]  ,rent,JODHPURI COAT,1,,,,MARUN,34,3,available,,,SINH SIMBOL,TRUE
S-628[38],JODHPURI COAT S-628 [38],rent,JODHPURI COAT,1,,,,WHITE,38,3,available,,,SINH SIMBOL,TRUE
S-629[34],JODHPURI COAT S-629 [34],rent,JODHPURI COAT,1,,,,BLUE,34,3,available,,,GHAR DESIGN,TRUE
S-630[38],JODHPURI COAT S-630 [38],rent,JODHPURI COAT,1,,,,MARUN,38,3,available,,,SINH SIMBOL,TRUE
S-631[42],JODHPURI COAT S-631 [42],rent,JODHPURI COAT,1,,,,BLUE,42,3,available,,,PLEN,TRUE
S-632[34],JODHPURI COAT S-632 [34],rent,JODHPURI COAT,1,,,,,34,3,available,,,,TRUE
S-633,JODHPURI COAT S-633 ,rent,JODHPURI COAT,1,,,,,,3,available,,,,TRUE
S-634[44],JODHPURI COAT S-634 [44],rent,JODHPURI COAT,1,,,,MARUN,44,3,available,,,SINH SIMBOL,TRUE
S-635[36],JODHPURI COAT S-635 [36],rent,JODHPURI COAT,1,,,,WHITE,36,3,available,,,SINH SIMBOL,TRUE
S-636[38],JODHPURI COAT S-636 [38],rent,JODHPURI COAT,1,,,,RAMA,38,3,available,,,PLEN,TRUE
S-637[46],JODHPURI COAT S-637 [46],rent,JODHPURI COAT,1,,,,BLUE,46,3,available,,,PLEN,TRUE
S-638,JODHPURI COAT S-638 ,rent,JODHPURI COAT,1,,,,,,3,available,,,,TRUE
S-639[40],JODHPURI COAT S-639 [40],rent,JODHPURI COAT,1,,,,WHITE,40,3,available,,,SINH SIMBOL,TRUE
S-640,JODHPURI COAT S-640 ,rent,JODHPURI COAT,1,,,,,,3,available,,,,TRUE
S-641[38],JODHPURI COAT S-641 [38],rent,JODHPURI COAT,1,,,,CRIME,38,3,available,,,PRINTED,TRUE
S-642[34],JODHPURI COAT S-642 [34],rent,JODHPURI COAT,1,,,,FALSA,34,3,available,,,VELVET WORK LALABHAI VADU,TRUE
S-643,JODHPURI COAT S-643 ,rent,JODHPURI COAT,1,,,,,,3,available,,,,TRUE
S-644[42],JODHPURI COAT S-644 [42],rent,JODHPURI COAT,1,,,,BLUE,42,3,available,,,PLEN,TRUE
S-645,JODHPURI COAT S-645 ,rent,JODHPURI COAT,1,,,,,,3,available,,,,TRUE
S-646[32],JODHPURI COAT S-646 [32],rent,JODHPURI COAT,1,,,,GREEN,32,3,available,,,PLEN,TRUE
S-647[32],JODHPURI COAT S-647 [32],rent,JODHPURI COAT,1,,,,BLUE,32,3,available,,,SINH TALVAR LOGO,TRUE
S-648[40],JODHPURI COAT S-648 [40],rent,JODHPURI COAT,1,,,,RAMA,40,3,available,,,SINH TALVAR LOGO,TRUE
S-649[32],JODHPURI COAT S-649 [32],rent,JODHPURI COAT,1,,,,BLUE,32,3,available,,,BUTI VADU,TRUE
S-650[32],JODHPURI COAT S-650 [32],rent,JODHPURI COAT,1,,,,WHITE,32,3,available,,,SINH SIMBOL,TRUE
S-651,JODHPURI COAT S-651 ,rent,JODHPURI COAT,1,,,,,,3,available,,,,TRUE
S-652[34],JODHPURI COAT S-652 [34],rent,JODHPURI COAT,1,,,,WHITE,34,3,available,,,SINH SIMBOL,TRUE
S-653,JODHPURI COAT S-653 [,rent,JODHPURI COAT,1,,,,,,3,available,,,,TRUE
S-654[34],JODHPURI COAT S-654 [34],rent,JODHPURI COAT,1,,,,RAMA,34,3,available,,,GHAR DESIGN,TRUE
S-655[34],JODHPURI COAT S-655 [34],rent,JODHPURI COAT,1,,,,RAMA,34,3,available,,,SINH SIMBOL,TRUE
S-656[38],JODHPURI COAT S-656 [38],rent,JODHPURI COAT,1,,,,RAMA,38,3,available,,,SINH TALVAR LOGO,TRUE
S-657[36],JODHPURI COAT S-657 [36],rent,JODHPURI COAT,1,,,,RAMA,36,3,available,,,SINH TALVAR LOGO,TRUE
S-658[36],JODHPURI COAT S-658 [36],rent,JODHPURI COAT,1,,,,GULBI,36,3,available,,,SINH MOR SIMBOL,TRUE
S-659[42],JODHPURI COAT S-659 [42],rent,JODHPURI COAT,1,,,,GULBI,42,3,available,,,SINH TALVAR LOGO,TRUE
S-660,JODHPURI COAT S-660,rent,JODHPURI COAT,1,,,,,,3,available,,,,TRUE
S-661[42],JODHPURI COAT S-661 [42],rent,JODHPURI COAT,1,,,,GULBI,42,3,available,,,SINH TALVAR LOGO,TRUE
S-662,JODHPURI COAT S-662,rent,JODHPURI COAT,1,,,,,,3,available,,,,TRUE
S-663,JODHPURI COAT S-663,rent,JODHPURI COAT,1,,,,,,3,available,,,,TRUE
S-664[40],JODHPURI COAT S-664 [40],rent,JODHPURI COAT,1,,,,GULBI,40,3,available,,,SINH TALVAR LOGO,TRUE
S-665,JODHPURI COAT S-665,rent,JODHPURI COAT,1,,,,,,3,available,,,,TRUE
S-666[40],JODHPURI COAT S-666 [40],rent,JODHPURI COAT,1,,,,BLUE,40,3,available,,,SIMBIL VADU,TRUE
S-667[42],JODHPURI COAT S-667 [42],rent,JODHPURI COAT,1,,,,BLUE,42,3,available,,,SIHN TALVAR SIMBOL,TRUE
S-668[32],JODHPURI COAT S-668 [32],rent,JODHPURI COAT,1,,,,RAMA,32,3,available,,,PLAN,TRUE
S-669[40],JODHPURI COAT S-669 [40] ,rent,JODHPURI COAT,1,,,,MARUN,40,3,available,,,SINH TALVAR LOGO,TRUE
S-670[32],JODHPURI COAT S-670 [32],rent,JODHPURI COAT,1,,,,GULBI,32,3,available,,,SINH TALVAR LOGO,TRUE
S-671,JODHPURI COAT S-671,rent,JODHPURI COAT,1,,,,,,3,available,,,,TRUE
S-672[40],JODHPURI COAT S-672 [40],rent,JODHPURI COAT,1,,,,MARUN,40,3,available,,,SINH MOR SIMBOL,TRUE
S-673[38],JODHPURI COAT S-673 [38],rent,JODHPURI COAT,1,,,,,38,3,available,,,,TRUE
S-674,JODHPURI COAT S-674,rent,JODHPURI COAT,1,,,,,,3,available,,,,TRUE
S-675[38],JODHPURI COAT S-675 [38],rent,JODHPURI COAT,1,,,,GULBI,38,3,available,,,SINH TALVAR LOGO,TRUE
S-676[34],JODHPURI COAT S-676 [34],rent,JODHPURI COAT,1,,,,GULBI,34,3,available,,,SINH MOR SIMBOL,TRUE
S-677[44],JODHPURI COAT S-677 [44],rent,JODHPURI COAT,1,,,,WHITE,44,3,available,,,SINH MOR SIMBOL,TRUE
S-678[36],JODHPURI COAT S-678 [36],rent,JODHPURI COAT,1,,,,RAMA,36,3,available,,,GHAR DESIGN,TRUE
S-679[44],JODHPURI COAT S-679 [44],rent,JODHPURI COAT,1,,,,MARUN,44,3,available,,,SINH TALVAR LOGO,TRUE
S-680[36],JODHPURI COAT S-680 [36],rent,JODHPURI COAT,1,,,,GREEN,36,3,available,,,GOLDEN MOTI PRINT PANDADI,TRUE
S-681,JODHPURI COAT S-681,rent,JODHPURI COAT,1,,,,,,3,available,,,,TRUE
S-682[34],JODHPURI COAT S-682 [34],rent,JODHPURI COAT,1,,,,BLUE,34,3,available,,,SINH TALVAR LOGO,TRUE
S-683[40],JODHPURI COAT S-683 [40],rent,JODHPURI COAT,1,,,,,40,3,available,,,,TRUE
S-684[34],JODHPURI COAT S-684 [34],rent,JODHPURI COAT,1,,,,BLUE,34,3,available,,,PLAN,TRUE
S-685[38],JODHPURI COAT S-685 [38],rent,JODHPURI COAT,1,,,,MARUN,38,3,available,,,SINH MOR SIMBOL,TRUE
S-686[34],JODHPURI COAT S-686 [34],rent,JODHPURI COAT,1,,,,RAMA,34,3,available,,,GOLDAN PRINT MOTI,TRUE
S-687[36],JODHPURI COAT S-687 [36],rent,JODHPURI COAT,1,,,,GULBI,36,3,available,,,SINH TALVAR LOGO,TRUE
S-688[40],JODHPURI COAT S-688 [40],rent,JODHPURI COAT,1,,,,BLUE,40,3,available,,,SINH TALVAR LOGO,TRUE
S-689[34],JODHPURI COAT S-689 [34],rent,JODHPURI COAT,1,,,,MARUN,34,3,available,,,SINH MOR SIMBOL,TRUE
S-690[38],JODHPURI COAT S-690 [38],rent,JODHPURI COAT,1,,,,GULBI,38,3,available,,,SINH MOR SIMBOL,TRUE
S-691[30],JODHPURI COAT S-691 [30],rent,JODHPURI COAT,1,,,,MARUN,30,3,available,,,SINH TALVAR LOGO,TRUE
S-692,JODHPURI COAT S-692 ,rent,JODHPURI COAT,1,,,,,,3,available,,,,TRUE
S-693[30],JODHPURI COAT S-693 [30],rent,JODHPURI COAT,1,,,,GULBI,30,3,available,,,SINH TALVAR LOGO,TRUE
S-694,JODHPURI COAT S-694 ,rent,JODHPURI COAT,1,,,,,,3,available,,,,TRUE
S-695[38],JODHPURI COAT S-695 [38],rent,JODHPURI COAT,1,,,,GULBI,38,3,available,,, SINH TALVAR LOGO,TRUE
S-696[38],JODHPURI COAT S-696 [38],rent,JODHPURI COAT,1,,,,WHITE,38,3,available,,,SINH LOGO,TRUE
S-697[34],JODHPURI COAT S-697 [34],rent,JODHPURI COAT,1,,,,RAMA,34,3,available,,,SINH TALVAR LOGO,TRUE
S-698[40],JODHPURI COAT S-698 [40],rent,JODHPURI COAT,1,,,,,40,3,available,,,,TRUE
S-699[38],JODHPURI COAT S-699 [38],rent,JODHPURI COAT,1,,,,BLUE,38,3,available,,,SINH TALVAR LOGO,TRUE
S-700[40],JODHPURI COAT S-700 [40],rent,JODHPURI COAT,1,,,,WHITE,40,3,available,,,SINH LOGO,TRUE
S-701,JODHPURI COAT S-701 ,rent,JODHPURI COAT,1,,,,,,3,available,,,,TRUE
S-702[42],JODHPURI COAT S-702 [42],rent,JODHPURI COAT,1,,,,MARUN,42,3,available,,,SINH MOR SIMBOL,TRUE
S-703[36],JODHPURI COAT S-703 [36],rent,JODHPURI COAT,1,,,,MARUN,36,3,available,,,SINH MOR SIMBOL,TRUE
S-704[40],JODHPURI COAT S-704 [40],rent,JODHPURI COAT,1,,,,MARUN,40,3,available,,,SINH TALVAR LOGO,TRUE
S-705[34],JODHPURI COAT S-705 [34],rent,JODHPURI COAT,1,,,,MARUN,34,3,available,,,SINH MOR SIMBOL,TRUE
S-706[36],JODHPURI COAT S-706 [36],rent,JODHPURI COAT,1,,,,WHITE,36,3,available,,,BAY BHARWADI WORK,TRUE
S-707[36],JODHPURI COAT S-707[36],rent,JODHPURI COAT,1,,,,WHITE,36,3,available,,,SINH SIMBOL,TRUE
S-708[34],JODHPURI COAT S-708 [34],rent,JODHPURI COAT,1,,,,SKY BLUE,34,3,available,,,GOLDEN MOTI PRINT ,TRUE
S-709[36],JODHPURI COAT S-709 [36],rent,JODHPURI COAT,1,,,,COFI,36,3,available,,,MOTI PRINT,TRUE
S-710[34],JODHPURI COAT S-710 [34],rent,JODHPURI COAT,1,,,,COFI,34,3,available,,,MOTI PRINT,TRUE
S-711[40],JODHPURI COAT S-711 [40],rent,JODHPURI COAT,1,,,,MARUN,40,3,available,,,SINH SIMBOL,TRUE
S-712[40],JODHPURI COAT S-712 [40],rent,JODHPURI COAT,1,,,,GULABI,40,3,available,,,SINH MOR SIMBOL,TRUE
S-713[42],JODHPURI COAT S-713 [42],rent,JODHPURI COAT,1,,,,NEVI BLUE,42,3,available,,,SINH TALVAR LOGO,TRUE
S-714[34],JODHPURI COAT S-714 [34],rent,JODHPURI COAT,1,,,,GULABI,34,3,available,,,KING SIMBOL,TRUE
S-715,JODHPURI COAT S-715,rent,JODHPURI COAT,1,,,,,,3,available,,,,TRUE
S-716,JODHPURI COAT S-716,rent,JODHPURI COAT,1,,,,,,3,available,,,,TRUE
S-717[32],JODHPURI COAT S-717 [32],rent,JODHPURI COAT,1,,,,MARUN,32,3,available,,,SINH MOR SIMBOL,TRUE
S-718[38],JODHPURI COAT S-718 [38],rent,JODHPURI COAT,1,,,,MARUN,38,3,available,,,SINH TALVAR LOGO,TRUE
S-719,JODHPURI COAT S-719 ,rent,JODHPURI COAT,1,,,,,,3,available,,,,TRUE
S-720,JODHPURI COAT S-720,rent,JODHPURI COAT,1,,,,,,3,available,,,,TRUE
S-721[34],JODHPURI COAT S-721 [34],rent,JODHPURI COAT,1,,,,GULABI,34,3,available,,,SINH TALVAR LOGO,TRUE
S-722[32],JODHPURI COAT S-722 [32],rent,JODHPURI COAT,1,,,,MARUN,32,3,available,,,SINH TALVAR LOGO,TRUE
S-723,JODHPURI COAT S-723,rent,JODHPURI COAT,1,,,,,,3,available,,,,TRUE
S-724,JODHPURI COAT S-724,rent,JODHPURI COAT,1,,,,,,3,available,,,,TRUE
S-725[38],JODHPURI COAT S-725 [38],rent,JODHPURI COAT,1,,,,MARUN,38,3,available,,,SINH SIMBOL,TRUE
S-726[32],JODHPURI COAT S-726 [32],rent,JODHPURI COAT,1,,,,GULABI,32,3,available,,,SINH TALVAR LOGO,TRUE
S-727,JODHPURI COAT S-727 ,rent,JODHPURI COAT,1,,,,,,3,available,,,,TRUE
S-728[36],JODHPURI COAT S-728 [36],rent,JODHPURI COAT,1,,,,CRIME,36,3,available,,,PRINTED NEW,TRUE
S-729,JODHPURI COAT S-729 ,rent,JODHPURI COAT,1,,,,,,3,available,,,,TRUE
S-730[42],JODHPURI COAT S-730 [42],rent,JODHPURI COAT,1,,,,GULABI,42,3,available,,,SINH TALVAR LOGO,TRUE
S-731[42],JODHPURI COAT S-731 [42],rent,JODHPURI COAT,1,,,,RAMA,42,3,available,,,GHAR DESIGN,TRUE
S-732[34],JODHPURI COAT S-732 [34],rent,JODHPURI COAT,1,,,,GULABI,34,3,available,,,SINH MOR SIMBOL,TRUE
S-733[44],JODHPURI COAT S-733 [44],rent,JODHPURI COAT,1,,,,WHITE,44,3,available,,,SINH MOR SIMBOL,TRUE
S-734[32],JODHPURI COAT S-734 [32],rent,JODHPURI COAT,1,,,,MARUN ,32,3,available,,,SINH MOR SIMBOL VELVET,TRUE
S-735,JODHPURI COAT S-735 ,rent,JODHPURI COAT,1,,,,,,3,available,,,,TRUE
S-736,JODHPURI COAT S-736,rent,JODHPURI COAT,1,,,,,,3,available,,,,TRUE
S-737[36],JODHPURI COAT S-737 [36],rent,JODHPURI COAT,1,,,,GULABI,36,3,available,,,SINH TALVAR LOGO,TRUE
S-738[32],JODHPURI COAT S-738 [32],rent,JODHPURI COAT,1,,,,GREEN,32,3,available,,,GOLDEN BUTI,TRUE
S-739[38],JODHPURI COAT S-739 [38],rent,JODHPURI COAT,1,,,,WHITE,38,3,available,,,DAMAN WORK BHARWADI ,TRUE
S-740[36],JODHPURI COAT S-740 [36],rent,JODHPURI COAT,1,,,,WHITE,36,3,available,,,BAY BHARWADI WORK,TRUE
S-741,JODHPURI COAT S-741,rent,JODHPURI COAT,1,,,,,,3,available,,,,TRUE
S-742[34],JODHPURI COAT S-742 [34],rent,JODHPURI COAT,1,,,,WHITE,34,3,available,,,BAY BHARWADI WORK,TRUE
S-743,JODHPURI COAT S-743,rent,JODHPURI COAT,1,,,,,,3,available,,,,TRUE
S-744,JODHPURI COAT S-744,rent,JODHPURI COAT,1,,,,,,3,available,,,,TRUE
S-745[42],JODHPURI COAT S-745 [42],rent,JODHPURI COAT,1,,,,GULABI,42,3,available,,,SINH TALVAR LOGO,TRUE
S-746[42],JODHPURI COAT S-746 [42],rent,JODHPURI COAT,1,,,,GREEN,42,3,available,,,BUTI VADU,TRUE
S-747[38],JODHPURI COAT S-747 [38],rent,JODHPURI COAT,1,,,,GREEN,38,3,available,,,BUTI VADU,TRUE
S-748[36],JODHPURI COAT S-748 [36],rent,JODHPURI COAT,1,,,,WHITE,36,3,available,,,BAY BHARWADI WORK,TRUE
S-749,JODHPURI COAT S-749 ,rent,JODHPURI COAT,1,,,,,,3,available,,,,TRUE
S-750[36],JODHPURI COAT S-750 [36],rent,JODHPURI COAT,1,,,,WHITE,36,3,available,,,SINH SIMBOL,TRUE
S-751,JODHPURI COAT S-751 [,rent,JODHPURI COAT,1,,,,,,3,available,,,,TRUE
S-752,JODHPURI COAT S-752,rent,JODHPURI COAT,1,,,,,,3,available,,,,TRUE
S-753,JODHPURI COAT S-753,rent,JODHPURI COAT,1,,,,,,3,available,,,,TRUE
S-754[34],JODHPURI COAT S-754 [34],rent,JODHPURI COAT,1,,,,MARUN,34,3,available,,,NANI MOTI BUTI ,TRUE
S-755[32],JODHPURI COAT S-755 ,rent,JODHPURI COAT,1,,,,WHITE,32,3,available,,,BAY BHARWADI WORK,TRUE
S-756,JODHPURI COAT S-756,rent,JODHPURI COAT,1,,,,,,3,available,,,,TRUE
S-757[36],JODHPURI COAT S-757 [36],rent,JODHPURI COAT,1,,,,WHITE,36,3,available,,,BAY BHARWADI WORK,TRUE
S-758[42],JODHPURI COAT S-758 [42],rent,JODHPURI COAT,1,,,,BLACK,42,3,available,,,BLACK PLANE,TRUE
S-759[40],JODHPURI COAT S-759 [40],rent,JODHPURI COAT,1,,,,WHITE,40,3,available,,,BAY BHARWADI WORK,TRUE
S-760[40],JODHPURI COAT S-760 [40],rent,JODHPURI COAT,1,,,,WHITE,40,3,available,,,BAY BHARWADI WORK,TRUE
S-761[34],JODHPURI COAT S-761 [34],rent,JODHPURI COAT,1,,,,WHITE,34,3,available,,,BAY BHARWADI WORK,TRUE
S-762,JODHPURI COAT S-762,rent,JODHPURI COAT,1,,,,,,3,available,,,,TRUE
S-763,JODHPURI COAT S-763,rent,JODHPURI COAT,1,,,,,,3,available,,,,TRUE
S-764[42],JODHPURI COAT S-764 [42],rent,JODHPURI COAT,1,,,,WHITE,42,3,available,,,BAY BHARWADI WORK,TRUE
S-765[40],JODHPURI COAT S-765 [40],rent,JODHPURI COAT,1,,,,WHITE,40,3,available,,,BAY BHARWADI WORK,TRUE
S-766[42],JODHPURI COAT S-766 [42],rent,JODHPURI COAT,1,,,,GREEN,42,3,available,,,FLOWER PRINT ORANGE,TRUE
S-767,JODHPURI COAT S-767,rent,JODHPURI COAT,1,,,,,,3,available,,,,TRUE
S-768[34],JODHPURI COAT S-768 [34],rent,JODHPURI COAT,1,,,,MARUN ,34,3,available,,,VELVET SINH MOR ,TRUE
S-769[32],JODHPURI COAT S-769 [32],rent,JODHPURI COAT,1,,,,WHITE,32,3,available,,,SINH SIMBOL,TRUE
S-770[32],JODHPURI COAT S-770 [32],rent,JODHPURI COAT,1,,,,MARUN,32,3,available,,,BUTI VADU,TRUE
S-771[34],JODHPURI COAT S-771 [34],rent,JODHPURI COAT,1,,,,BLUE,34,3,available,,,SINH MOR SIMBOL,TRUE
S-772[36],JODHPURI COAT S-772 [36],rent,JODHPURI COAT,1,,,,BLUE,36,3,available,,,VELVET WORK GHER DIGAIN ,TRUE
S-773[36],JODHPURI COAT S-773 [36],rent,JODHPURI COAT,1,,,,GULABI,36,3,available,,,SINH TALVAR LOGO,TRUE
S-774[44],JODHPURI COAT S-774 [44],rent,JODHPURI COAT,1,,,,GULABI,44,3,available,,,SINH TALVAR LOGO,TRUE
S-775[34],JODHPURI COAT S-775 [34],rent,JODHPURI COAT,1,,,,CRIME,34,3,available,,,PRINT VADU NEW,TRUE
S-776,JODHPURI COAT S-776 [34],rent,JODHPURI COAT,1,,,,BLUE,,3,available,,,VELVET WHITE WORK VADU,TRUE
S-777[40],JODHPURI COAT S-777 [40],rent,JODHPURI COAT,1,,,,BLUE,40,3,available,,,VELVET WHITE WORK VADU,TRUE
S-778,JODHPURI COAT S-778,rent,JODHPURI COAT,1,,,,,,3,available,,,,TRUE
S-779,JODHPURI COAT S-779 [34],rent,JODHPURI COAT,1,,,,GREY,,3,available,,,SINH SIMBOL,TRUE
S-780[36],JODHPURI COAT S-780 [36],rent,JODHPURI COAT,1,,,,BLUE,36,3,available,,,VELVET WORK VADU,TRUE
S-781[36],JODHPURI COAT S-781 [36],rent,JODHPURI COAT,1,,,,BLUE,36,3,available,,,VELVET GHER DIGAIN WOR,TRUE
S-782[44],JODHPURI COAT S-782 [44],rent,JODHPURI COAT,1,,,,MARUN,44,3,available,,,SINH SIMBOL,TRUE
S-783[36],JODHPURI COAT S-783 [36],rent,JODHPURI COAT,1,,,,JAMBLI,36,3,available,,,SINH MOR SIMBOL,TRUE
S-784[32],JODHPURI COAT S-784 [32],rent,JODHPURI COAT,1,,,,BLUE,32,3,available,,,VELVET WHITE WORK VADU,TRUE
S-785[36],JODHPURI COAT S-785 [36],rent,JODHPURI COAT,1,,,,GREY,36,3,available,,,SINH SIMBOL,TRUE
S-786[40],JODHPURI COAT S-786 [40],rent,JODHPURI COAT,1,,,,JAMBLI,40,3,available,,,SINH MOR SIMBOL,TRUE
S-787[38],JODHPURI COAT S-787 [38],rent,JODHPURI COAT,1,,,,,38,3,available,,,,TRUE
S-788[38],JODHPURI COAT S-788 [38],rent,JODHPURI COAT,1,,,,GREY,38,3,available,,,SINH SIMBOL,TRUE
S-789[38],JODHPURI COAT S-789 [38],rent,JODHPURI COAT,1,,,,GREEN,38,3,available,,,PLEN,TRUE
S-790[34],JODHPURI COAT S-790 [34],rent,JODHPURI COAT,1,,,,BLUE,34,3,available,,,VELVET RAMA JAMBLI PANDADI,TRUE
S-791,JODHPURI COAT S-791,rent,JODHPURI COAT,1,,,,,,3,available,,,,TRUE
S-792[32],JODHPURI COAT S-792 [32],rent,JODHPURI COAT,1,,,,GULABI,32,3,available,,,SINH TALVAR LOGO,TRUE
S-793[36],JODHPURI COAT S-793 [36],rent,JODHPURI COAT,1,,,,BLUE,36,3,available,,,SINH MOR SIMBOL,TRUE
S-794,JODHPURI COAT S-794,rent,JODHPURI COAT,1,,,,,,3,available,,,,TRUE
S-795[36],JODHPURI COAT S-795 [36],rent,JODHPURI COAT,1,,,,PISTA,36,3,available,,,PLEN,TRUE
S-796[40],JODHPURI COAT S-796 [40],rent,JODHPURI COAT,1,,,,BLUE,40,3,available,,,VELVET WHITE WORK VADU,TRUE
S-797[42],JODHPURI COAT S-797 [42],rent,JODHPURI COAT,1,,,,WHITE,42,3,available,,,SINH SIMBOL,TRUE
S-798[36],JODHPURI COAT S-798 [36],rent,JODHPURI COAT,1,,,,WHITE,36,3,available,,,SINH SIMBOL,TRUE
S-799,JODHPURI COAT S-799,rent,JODHPURI COAT,1,,,,,,3,available,,,,TRUE
S-800,JODHPURI COAT S-800,rent,JODHPURI COAT,1,,,,,,3,available,,,,TRUE
S-801[44],JODHPURI COAT S-801 [44],rent,JODHPURI COAT,1,,,,BLUE,44,3,available,,,VELVET BLUE WHITE WORK VADO,TRUE
S-802[38],JODHPURI COAT S-802[38],rent,JODHPURI COAT,1,,,,BLUE,38,3,available,,,VELVET BLUE WORK VADO,TRUE
S-803[38],JODHPURI COAT S-803[38],rent,JODHPURI COAT,1,,,,NEVI BLUE,38,3,available,,,NEVI BLUE WORK VADU ,TRUE
S-804,JODHPURI COAT S-804,rent,JODHPURI COAT,1,,,,,,3,available,,,,TRUE
S-805[34],JODHPURI COAT S-805[34],rent,JODHPURI COAT,1,,,,WHITE,34,3,available,,,DAMAN WORK BHARWADI ,TRUE
S-806[36],JODHPURI COAT S-806[36],rent,JODHPURI COAT,1,,,,BLUE,36,3,available,,,VELVET  WHITE WORK VAADU,TRUE
S-807,JODHPURI COAT S-807  ,rent,JODHPURI COAT,1,,,,,,3,available,,,,TRUE
S-808[34],JODHPURI COAT S-808 [34],rent,JODHPURI COAT,1,,,,PISTA,34,3,available,,,SINH PLUS MOR SIMBOL,TRUE
S-809[36],JODHPURI COAT S-809 [36],rent,JODHPURI COAT,1,,,,BLUE,36,3,available,,,VELVET WHITE WORK VADU,TRUE
S-810[32],JODHPURI COAT S-810 [32],rent,JODHPURI COAT,1,,,,WHITE,32,3,available,,,SINH PLUS MOR SIMBOL,TRUE
S-811[44],JODHPURI COAT S-811 [44],rent,JODHPURI COAT,1,,,,GREY,44,3,available,,,PLANE,TRUE
S-812[44],JODHPURI COAT S-812 [44],rent,JODHPURI COAT,1,,,,GREY,44,3,available,,,SINH SIMBOL,TRUE
S-813[38],JODHPURI COAT S-813 [38],rent,JODHPURI COAT,1,,,,BLUE,38,3,available,,,VELVET  WHITE WORK VADU,TRUE
S-814[34],JODHPURI COAT S-814 [34],rent,JODHPURI COAT,1,,,,BLUE,34,3,available,,,VELVET  WHITE WORK VADU,TRUE
S-815,JODHPURI COAT S-815 ,rent,JODHPURI COAT,1,,,,,,3,available,,,,TRUE
S-816,JODHPURI COAT S-816,rent,JODHPURI COAT,1,,,,,,3,available,,,,TRUE
S-817[36],JODHPURI COAT S-817 [36],rent,JODHPURI COAT,1,,,,,36,3,available,,,,TRUE
S-818[36],JODHPURI COAT S-818 [36],rent,JODHPURI COAT,1,,,,PISTA,36,3,available,,,SINH MOR,TRUE
S-819,JODHPURI COAT S-819 ,rent,JODHPURI COAT,1,,,,,,3,available,,,,TRUE
S-820[44],JODHPURI COAT S-820 [44],rent,JODHPURI COAT,1,,,,BLUE,44,3,available,,,GOLDEN PRINT,TRUE
S-821[36],JODHPURI COAT S-821 [36],rent,JODHPURI COAT,1,,,,OF WHITE,36,3,available,,,PICH WORK LALA BHAI VADU,TRUE
S-822[36],JODHPURI COAT S-822 [36],rent,JODHPURI COAT,1,,,,MULTI,36,3,available,,,JEKET JABBA ATERN YASHUUBHA,TRUE
S-823[38],JODHPURI COAT S-823 [38],rent,JODHPURI COAT,1,,,,PISTA,38,3,available,,,SINH MOR,TRUE
S-824[42],JODHPURI COAT S-824 [42],rent,JODHPURI COAT,1,,,,BLUE,42,3,available,,,VELVET WHITE WORK VADU,TRUE
S-825[32],JODHPURI COAT S-825 32],rent,JODHPURI COAT,1,,,,BLUE,32,3,available,,,VELVET WHITE WORK VADU,TRUE
S-826,JODHPURI COAT S-826,rent,JODHPURI COAT,1,,,,,,3,available,,,,TRUE
S-827,JODHPURI COAT S-827,rent,JODHPURI COAT,1,,,,,,3,available,,,,TRUE
S-828[32],JODHPURI COAT S-828 [32],rent,JODHPURI COAT,1,,,,WHITE,32,3,available,,,SINH TALVAR LOGO,TRUE
S-829[32],JODHPURI COAT S-829 [32],rent,JODHPURI COAT,1,,,,PISTA,32,3,available,,,SINH MOR,TRUE
S-830,JODHPURI COAT S-830 ,rent,JODHPURI COAT,1,,,,,,3,available,,,,TRUE
S-831[36],JODHPURI COAT S-831 [36],rent,JODHPURI COAT,1,,,,,36,3,available,,,,TRUE
S-832[40],JODHPURI COAT S-832 [40],rent,JODHPURI COAT,1,,,,PISTA,40,3,available,,,SINH MOR,TRUE
S-833[34],JODHPURI COAT S-833 [34],rent,JODHPURI COAT,1,,,,MARUN,34,3,available,,,CHOKDA WORK,TRUE
S-834[38],JODHPURI COAT S-834 [38],rent,JODHPURI COAT,1,,,,,38,3,available,,,,TRUE
S-835[36],JODHPURI COAT S-835 [36],rent,JODHPURI COAT,1,,,,BLUE,36,3,available,,,VELVET WHITE WORK VADU,TRUE
S-836[44],JODHPURI COAT S-836 [44],rent,JODHPURI COAT,1,,,,PISTA,44,3,available,,,SINH MOR,TRUE
S-837,JODHPURI COAT S-837,rent,JODHPURI COAT,1,,,,,,3,available,,,,TRUE
S-838[38],JODHPURI COAT S-838 [38],rent,JODHPURI COAT,1,,,,RINGANI,38,3,available,,,SINH MOR,TRUE
S-839[36],JODHPURI COAT S-839 [36],rent,JODHPURI COAT,1,,,,MARUN,36,3,available,,,VELVET SINH MOR GALE WORK,TRUE
S-840[36],JODHPURI COAT S-840 [36],rent,JODHPURI COAT,1,,,,PISTA,36,3,available,,,PLANE,TRUE
S-841[36],JODHPURI COAT S-841 [36],rent,JODHPURI COAT,1,,,,JAMBLI,36,3,available,,,SINH MOR,TRUE
S-842[34],JODHPURI COAT S-842 [34],rent,JODHPURI COAT,1,,,,GULABI,34,3,available,,,SINH MOR,TRUE
S-843[34],JODHPURI COAT S-843 [34],rent,JODHPURI COAT,1,,,,GREEN,34,3,available,,,SINH MOR,TRUE
S-844,JODHPURI COAT S-844,rent,JODHPURI COAT,1,,,,,,3,available,,,,TRUE
S-845[36],JODHPURI COAT S-845 [36],rent,JODHPURI COAT,1,,,,BLUE,36,3,available,,,WORK VADU,TRUE
S-846[36],JODHPURI COAT S-846 [36],rent,JODHPURI COAT,1,,,,GULABI,36,3,available,,,SINH TALVAR LOGO,TRUE
S-847[40],JODHPURI COAT S-847 [40],rent,JODHPURI COAT,1,,,,BLUE,40,3,available,,,VELVET,TRUE
S-848,JODHPURI COAT S-848,rent,JODHPURI COAT,1,,,,,,3,available,,,,TRUE
S-849,JODHPURI COAT S-849,rent,JODHPURI COAT,1,,,,,,3,available,,,,TRUE
S-850,JODHPURI COAT S-850,rent,JODHPURI COAT,1,,,,,,3,available,,,,TRUE
S-851[38],JODHPURI COAT S-851 [38],rent,JODHPURI COAT,1,,,,GREY,38,3,available,,,SINH VADU,TRUE
S-852[44],JODHPURI COAT S-852 [44],rent,JODHPURI COAT,1,,,,BLUE,44,3,available,,,SINH TALVAR LOGO,TRUE
S-853[34],JODHPURI COAT S-853 [34],rent,JODHPURI COAT,1,,,,GULABI,34,3,available,,,SINH TALVAR LOGO,TRUE
S-854,JODHPURI COAT S-854,rent,JODHPURI COAT,1,,,,,,3,available,,,,TRUE
S-855[36],JODHPURI COAT S-855 [36],rent,JODHPURI COAT,1,,,,BLUE,36,3,available,,,VELVET RAMA JAMBLI PANDADI,TRUE
S-856[34],JODHPURI COAT S-856 [34],rent,JODHPURI COAT,1,,,,BLUE,34,3,available,,,PANDDI PRINT,TRUE
S-857[34],JODHPURI COAT S-857 [34],rent,JODHPURI COAT,1,,,,PISTA,34,3,available,,,PLANE,TRUE
S-858[32],JODHPURI COAT S-858 [32],rent,JODHPURI COAT,1,,,,BLUE,32,3,available,,,VELVET WHITE WORK VADU,TRUE
S-859[34],JODHPURI COAT S-859 [34],rent,JODHPURI COAT,1,,,,CRIME,34,3,available,,,BUTTI VADU,TRUE
S-860[40],JODHPURI COAT S-860 [40],rent,JODHPURI COAT,1,,,,GULABI,40,3,available,,,SINH MOR,TRUE
S-861[38],JODHPURI COAT S-861 [38],rent,JODHPURI COAT,1,,,,PISTA,38,3,available,,,PLANE,TRUE
S-862[42],JODHPURI COAT S-862 [42],rent,JODHPURI COAT,1,,,,BLUE,42,3,available,,,VELVET WHITE WORK VADU,TRUE
S-863[42],JODHPURI COAT S-863 [42],rent,JODHPURI COAT,1,,,,BLUE,42,3,available,,,PLANE,TRUE
S-864[42],JODHPURI COAT S-864 [36],rent,JODHPURI COAT,1,,,,,42,3,available,,,,TRUE
S-865[34],JODHPURI COAT S-865 [34],rent,JODHPURI COAT,1,,,,PISTA,34,3,available,,,KING VADU,TRUE
S-866[38],JODHPURI COAT S-866 [38],rent,JODHPURI COAT,1,,,,BLUE,38,3,available,,,VELVET WHITE WORK VADU,TRUE
S-867[34],JODHPURI COAT S-867 [34],rent,JODHPURI COAT,1,,,,NEVI BLUE,34,3,available,,,WHITE WORK MARUN X VELVET,TRUE
S-868[34],JODHPURI COAT S-868 [34],rent,JODHPURI COAT,1,,,,PISTA,34,3,available,,,SINH MOR,TRUE
S-869[36],JODHPURI COAT S-869 [36],rent,JODHPURI COAT,1,,,,FALSA,36,3,available,,,VELVET WHITE MARUN WORK,TRUE
S-870,JODHPURI COAT S-870 ,rent,JODHPURI COAT,1,,,,,,3,available,,,,TRUE
S-871[38],JODHPURI COAT S-871 [38],rent,JODHPURI COAT,1,,,,BLUE,38,3,available,,,SINH TALVAR LOGO,TRUE
S-872[36],JODHPURI COAT S-872 [36],rent,JODHPURI COAT,1,,,,JAMBLI,36,3,available,,,SINH MOR,TRUE
S-873[36],JODHPURI COAT S-873 [36],rent,JODHPURI COAT,1,,,,GULABI,36,3,available,,,SINH TALVAR LOGO,TRUE
S-874[32],JODHPURI COAT S-874 [32],rent,JODHPURI COAT,1,,,,PISTA,32,3,available,,,SINH MOR,TRUE
S-875[44],JODHPURI COAT S-875 [44],rent,JODHPURI COAT,1,,,,MARUN,44,3,available,,,VELVET 3 FUL VADU,TRUE
S-876[30],JODHPURI COAT S-876 [30],rent,JODHPURI COAT,1,,,,GULABI,30,3,available,,,PLANE,TRUE
S-877[42],JODHPURI COAT S-877 [42],rent,JODHPURI COAT,1,,,,PISTA,42,3,available,,,SINH MOR,TRUE
S-878,JODHPURI COAT S-878 ,rent,JODHPURI COAT,1,,,,,,3,available,,,,TRUE
S-879,JODHPURI COAT S-879,rent,JODHPURI COAT,1,,,,,,3,available,,,,TRUE
S-880,JODHPURI COAT S-880,rent,JODHPURI COAT,1,,,,,,3,available,,,,TRUE
S-881,JODHPURI COAT S-881,rent,JODHPURI COAT,1,,,,,,3,available,,,,TRUE
S-882[40],JODHPURI COAT S-882 [40],rent,JODHPURI COAT,1,,,,PISTA,40,3,available,,,SINH MOR,TRUE
S-883[40],JODHPURI COAT S-883 [40],rent,JODHPURI COAT,1,,,,GULABI,40,3,available,,,SINH MOR,TRUE
S-884[34],JODHPURI COAT S-884 [34],rent,JODHPURI COAT,1,,,,MARUN,34,3,available,,,VELVET WORK LALABHAI VADU,TRUE
S-885[38],JODHPURI COAT S-885 [38],rent,JODHPURI COAT,1,,,,BLUE,38,3,available,,,TIKI WORK,TRUE
S-886[36],JODHPURI COAT S-886 [36],rent,JODHPURI COAT,1,,,,GREEN,36,3,available,,,SINH MOR,TRUE
S-887[36],JODHPURI COAT S-887 [36],rent,JODHPURI COAT,1,,,,BLUE,36,3,available,,,VELVET WHITE WORK VADU,TRUE
S-888[34],JODHPURI COAT S-888 [34],rent,JODHPURI COAT,1,,,,GREEN,34,3,available,,,GOLDEN PRINT,TRUE
S-889[32],JODHPURI COAT S-889 [32],rent,JODHPURI COAT,1,,,,NEVI BLUE,32,3,available,,,SINH MOR,TRUE
S-890[34],JODHPURI COAT S-890 [34],rent,JODHPURI COAT,1,,,,CRIME,34,3,available,,,GULABI WORK JABBA PATERN,TRUE
S-891[36],JODHPURI COAT S-891 [36],rent,JODHPURI COAT,1,,,,PISTA,36,3,available,,,SINH MOR ,TRUE
S-892[36],JODHPURI COAT S-892 [36],rent,JODHPURI COAT,1,,,,PISTA,36,3,available,,,KING SIMBOL,TRUE
S-893[36],JODHPURI COAT S-893 [36],rent,JODHPURI COAT,1,,,,PISTA,36,3,available,,,PLANE,TRUE
S-894[36],JODHPURI COAT S-894 [36],rent,JODHPURI COAT,1,,,,GREY,36,3,available,,,JAYUBHA WADHVAN,TRUE
S-895[38],JODHPURI COAT S-895 [38],rent,JODHPURI COAT,1,,,,WHITE,38,3,available,,,SURYA SIMBOL,TRUE
S-896[40],JODHPURI COAT S-896 [40],rent,JODHPURI COAT,1,,,,BLUE,40,3,available,,,VELVET RAMA JAMBLI PANDADI,TRUE
S-897[38],JODHPURI COAT S-897 [38],rent,JODHPURI COAT,1,,,,PISTA,38,3,available,,,SINH MOR,TRUE
S-898[34],JODHPURI COAT S-898 [34],rent,JODHPURI COAT,1,,,,GULABI,34,3,available,,,SINH TALVAR LOGO,TRUE
S-899[36],JODHPURI COAT S-899 [36],rent,JODHPURI COAT,1,,,,MARUN,36,3,available,,,SINH SIMBOL,TRUE
S-900[36],JODHPURI COAT S-900 [36],rent,JODHPURI COAT,1,,,,WHITE,36,3,available,,,SURYA SIMBOL,TRUE
S-901[34],JODHPURI COAT S-901 [34],rent,JODHPURI COAT,1,,,,GREY,34,3,available,,,SURYA SIMBOL,TRUE
S-902[36],JODHPURI COAT S-902 [36],rent,JODHPURI COAT,1,,,,PISTA,36,3,available,,,SINH MOR,TRUE
S-903[42],JODHPURI COAT S-903 [42],rent,JODHPURI COAT,1,,,,PISTA,42,3,available,,,PLANE,TRUE
S-904[36],JODHPURI COAT S-904 [36],rent,JODHPURI COAT,1,,,,GREEN,36,3,available,,,GOLDEN PRINT,TRUE
S-905[32],JODHPURI COAT S-905 [32],rent,JODHPURI COAT,1,,,,GREY ,32,3,available,,,SINH SIMBOL,TRUE
S-906[34],JODHPURI COAT S-906 [34],rent,JODHPURI COAT,1,,,,WHITE,34,3,available,,,DAMAN TIKI BHARVADI WORK,TRUE
S-907[44],JODHPURI COAT S-907 [44],rent,JODHPURI COAT,1,,,,BLUE,44,3,available,,,VELVET WHITE WORK VADU,TRUE
S-908[34],JODHPURI COAT S-908 [34],rent,JODHPURI COAT,1,,,,BLUE,34,3,available,,,VELVET RAMA JAMBLI PANDADI,TRUE
S-909[40],JODHPURI COAT S-909 [40],rent,JODHPURI COAT,1,,,,PISTA,40,3,available,,,PLANE,TRUE
S-910[36],JODHPURI COAT S-910 [36],rent,JODHPURI COAT,1,,,,BLUE,36,3,available,,,PRINTED,TRUE
S-911[44],JODHPURI COAT S-911 [44],rent,JODHPURI COAT,1,,,,PISTA,44,3,available,,,SINH MOR,TRUE
S-912[38],JODHPURI COAT S-912 [38],rent,JODHPURI COAT,1,,,,CRIME,38,3,available,,,MULTI FUL GOLDEN WORK,TRUE
S-913[34],JODHPURI COAT S-913 [34],rent,JODHPURI COAT,1,,,,GREY,34,3,available,,,SINH SIMBOL,TRUE
S-914,JODHPURI COAT S-914 ,rent,JODHPURI COAT,1,,,,,,3,available,,,,TRUE
S-915[42],JODHPURI COAT S-915 [42],rent,JODHPURI COAT,1,,,,PISTA,42,3,available,,,SINH MOR,TRUE
S-916[34],JODHPURI COAT S-916 [34],rent,JODHPURI COAT,1,,,,BLUE,34,3,available,,,SINH MOR,TRUE
S-917[46],JODHPURI COAT S-917 [46],rent,JODHPURI COAT,1,,,,BLUE,46,3,available,,,SINH TALVAR LOGO,TRUE
S-918[38],JODHPURI COAT S-918 [38],rent,JODHPURI COAT,1,,,,GULABI,38,3,available,,,SINH TALVAR LOGO,TRUE
S-919[40],JODHPURI COAT S-919 [40],rent,JODHPURI COAT,1,,,,BLUE,40,3,available,,,SINH TALVAR LOGO,TRUE
S-920[36],JODHPURI COAT S-920 [36],rent,JODHPURI COAT,1,,,,BLUE,36,3,available,,,VELVET PRINTED,TRUE
S-921[40],JODHPURI COAT S-921 [40],rent,JODHPURI COAT,1,,,,WHITE,40,3,available,,,SIMBOL VADU,TRUE
S-922[44],JODHPURI COAT S-922 [44],rent,JODHPURI COAT,1,,,,MARUN,44,3,available,,,SINH MOR,TRUE
S-923[40],JODHPURI COAT S-923 [40],rent,JODHPURI COAT,1,,,,PISTA,40,3,available,,,PLANE,TRUE
S-924[36],JODHPURI COAT S-924 [36],rent,JODHPURI COAT,1,,,,WHITE,36,3,available,,,SINH MOR,TRUE
S-925[34],JODHPURI COAT S-925 [34],rent,JODHPURI COAT,1,,,,GULABI,34,3,available,,,SINH TALVAR LOGO,TRUE
S-926[34],JODHPURI COAT S-926 [34],rent,JODHPURI COAT,1,,,,PISTA,34,3,available,,,SURYA SIMBOL,TRUE
S-927,JODHPURI COAT S-927,rent,JODHPURI COAT,1,,,,,,3,available,,,,TRUE
S-928[34],JODHPURI COAT S-928 [34],rent,JODHPURI COAT,1,,,,GREEN,34,3,available,,,PLANE,TRUE
S-929,JODHPURI COAT S-929 [,rent,JODHPURI COAT,1,,,,,,3,available,,,,TRUE
S-930[40],JODHPURI COAT S-930 [40],rent,JODHPURI COAT,1,,,,GREY,40,3,available,,,SINH SIMBOL,TRUE
S-931[40],JODHPURI COAT S-931 [40],rent,JODHPURI COAT,1,,,,PISTA,40,3,available,,,SINH MOR,TRUE
S-932[32],JODHPURI COAT S-932 [32],rent,JODHPURI COAT,1,,,,PISTA,32,3,available,,,SINH MOR,TRUE
S-933[32],JODHPURI COAT S-933 [32],rent,JODHPURI COAT,1,,,,BLUE,32,3,available,,,SINH TALVAR LOGO,TRUE
S-934[38],JODHPURI COAT S-934 [38],rent,JODHPURI COAT,1,,,,GULABI,38,3,available,,,SINH MOR,TRUE
S-935[36],JODHPURI COAT S-935 [36],rent,JODHPURI COAT,1,,,,MARUN,36,3,available,,,SINH MOR,TRUE
S-936[42],JODHPURI COAT S-936 [42],rent,JODHPURI COAT,1,,,,GREY,42,3,available,,,SIMBOL VADU,TRUE
S-937[36],JODHPURI COAT S-937 [36],rent,JODHPURI COAT,1,,,,FALSA,36,3,available,,,VELVET CHEX VADU,TRUE
S-938[34],JODHPURI COAT S-938 [34],rent,JODHPURI COAT,1,,,,MULTI,34,3,available,,,JEKET YASHUBHA VADU,TRUE
S-939[36],JODHPURI COAT S-939 [36],rent,JODHPURI COAT,1,,,,BLUE,36,3,available,,,VELVET RAMA JAMBLI PANDADI,TRUE
S-940[34],JODHPURI COAT S-940 [34],rent,JODHPURI COAT,1,,,,BLUE,34,3,available,,,SINH MOR,TRUE
S-941[34],JODHPURI COAT S-941 [34],rent,JODHPURI COAT,1,,,,FALSA,34,3,available,,,VELVET CHEX VADU,TRUE
S-942[40],JODHPURI COAT S-942 [40],rent,JODHPURI COAT,1,,,,BLUE,40,3,available,,,VELVET WHITE NEVI BLUE WORK,TRUE
S-943[36],JODHPURI COAT S-943 [36],rent,JODHPURI COAT,1,,,,CRIME,36,3,available,,,GULABI WORK JABBA PATERN,TRUE
S-944[38],JODHPURI COAT S-944 [38],rent,JODHPURI COAT,1,,,,BLUE,38,3,available,,,VELVET WHITE WORK VADU,TRUE
S-945[42],JODHPURI COAT S-945 [42],rent,JODHPURI COAT,1,,,,WHITE,42,3,available,,,SINH SIMBOL,TRUE
S-946[32],JODHPURI COAT S-946 [32],rent,JODHPURI COAT,1,,,,WHITE,32,3,available,,,SINH MOR,TRUE
S-947[40],JODHPURI COAT S-947 [40],rent,JODHPURI COAT,1,,,,GULABI,40,3,available,,,SINH MOR,TRUE
S-948[38],JODHPURI COAT S-948 [38],rent,JODHPURI COAT,1,,,,,38,3,available,,,VELVET PICH RAMA TUCHUP,TRUE
S-949[36],JODHPURI COAT S-949 [36],rent,JODHPURI COAT,1,,,,BLUE,36,3,available,,,SINH MOR,TRUE
S-950[36],JODHPURI COAT S-950 [36],rent,JODHPURI COAT,1,,,,BLUE,36,3,available,,,SINH MOR,TRUE
S-951[32],JODHPURI COAT S-951 [32],rent,JODHPURI COAT,1,,,,PISTA,32,3,available,,,KING SIMBOL,TRUE
S-952[32],JODHPURI COAT S-952 [32],rent,JODHPURI COAT,1,,,,GULABI,32,3,available,,,SINH TALVAR LOGO,TRUE
S-953[36],JODHPURI COAT S-953 [36],rent,JODHPURI COAT,1,,,,GULABI,36,3,available,,,SINH TALVAR LOGO,TRUE
S-954[38],JODHPURI COAT S-954 [38],rent,JODHPURI COAT,1,,,,MARUN,38,3,available,,,SINH SIMBOL,TRUE
S-955[38],JODHPURI COAT S-955 [38],rent,JODHPURI COAT,1,,,,,38,3,available,,,,TRUE
S-956,JODHPURI COAT S-956,rent,JODHPURI COAT,1,,,,,,3,available,,,,TRUE
S-957[34],JODHPURI COAT S-957 [34],rent,JODHPURI COAT,1,,,,MARUN,34,3,available,,,SINH SIMBOL,TRUE
S-958[40],JODHPURI COAT S-958 [40],rent,JODHPURI COAT,1,,,,MARUN,40,3,available,,,SINH SIMBOL,TRUE
S-959[38],JODHPURI COAT S-959 [38],rent,JODHPURI COAT,1,,,,WHITE,38,3,available,,,BHARVADI,TRUE
S-960[38],JODHPURI COAT S-960 [38],rent,JODHPURI COAT,1,,,,GREY,38,3,available,,,SINH SIMBOL,TRUE
S-961,JODHPURI COAT S-961 ,rent,JODHPURI COAT,1,,,,,,3,available,,,,TRUE
S-962[42],JODHPURI COAT S-962 [42],rent,JODHPURI COAT,1,,,,MARUN,42,3,available,,,SINH SIMBOL,TRUE
S-963[46],JODHPURI COAT S-963 [46],rent,JODHPURI COAT,1,,,,WHITE,46,3,available,,,SINH SIMBOL,TRUE
S-964[38],JODHPURI COAT S-964 [38],rent,JODHPURI COAT,1,,,,BLUE,38,3,available,,,VELVET AMRODARI WORK,TRUE
S-965[40],JODHPURI COAT S-965 [40],rent,JODHPURI COAT,1,,,,BLUE,40,3,available,,,VELVET WHITE WORK VADU,TRUE
S-966[38],JODHPURI COAT S-966 [38],rent,JODHPURI COAT,1,,,,RINGANI,38,3,available,,,SINH MOR,TRUE
S-967[34],JODHPURI COAT S-967 [34],rent,JODHPURI COAT,1,,,,BLUE,34,3,available,,,VELVET WHITE WORK VADU,TRUE
S-968[34],JODHPURI COAT S-968 [34],rent,JODHPURI COAT,1,,,,BLUE,34,3,available,,,VELVET WHITE WORK VADU,TRUE
S-969[40],JODHPURI COAT S-969 [40],rent,JODHPURI COAT,1,,,,BLUE,40,3,available,,,VELVET WHITE WORK VADU,TRUE
S-970[32],JODHPURI COAT S-970 [32],rent,JODHPURI COAT,1,,,,,32,3,available,,,VELVET WHITE MARUN WORK,TRUE
S-971[32],JODHPURI COAT S-971 [32],rent,JODHPURI COAT,1,,,,MARUN,32,3,available,,,SINH SIMBOL,TRUE
S-972[32],JODHPURI COAT S-972 [32],rent,JODHPURI COAT,1,,,,GREEN,32,3,available,,,SINH MOR,TRUE
S-973,JODHPURI COAT S-973 ,rent,JODHPURI COAT,1,,,,,,3,available,,,,TRUE
S-974[38],JODHPURI COAT S-974 [38],rent,JODHPURI COAT,1,,,,BLUE,38,3,available,,,VELVET WHITE WORK VADU,TRUE
S-975[32],JODHPURI COAT S-975 [32],rent,JODHPURI COAT,1,,,,FALSA,32,3,available,,,VELVET WHITE MARUN WORK,TRUE
S-976[38],JODHPURI COAT S-976 [38],rent,JODHPURI COAT,1,,,,BLUE,38,3,available,,,SIMBOL VADU,TRUE
S-977,JODHPURI COAT S-977 ,rent,JODHPURI COAT,1,,,,,,3,available,,,,TRUE
S-978[34],JODHPURI COAT S-978 [34],rent,JODHPURI COAT,1,,,,FALSA,34,3,available,,,VELVET PICH PANDDI VADU,TRUE
S-979[34],JODHPURI COAT S-979 [34],rent,JODHPURI COAT,1,,,,GREEN,34,3,available,,,SINH MOR,TRUE
S-980[40],JODHPURI COAT S-980 [40],rent,JODHPURI COAT,1,,,,WHITE,40,3,available,,,SINH SIMBOL,TRUE
S-981[40],JODHPURI COAT S-981 [40],rent,JODHPURI COAT,1,,,,PISTA,40,3,available,,,SINH MOR,TRUE
S-982[44],JODHPURI COAT S-982 [44],rent,JODHPURI COAT,1,,,,BLUE,44,3,available,,,VELVET WHITE WORK VADU,TRUE
S-983[42],JODHPURI COAT S-983 [42],rent,JODHPURI COAT,1,,,,,42,3,available,,,,TRUE
S-984[36],JODHPURI COAT S-984 [36],rent,JODHPURI COAT,1,,,,MULTI,36,3,available,,,JABBA PATERN YASHUBHA,TRUE
S-985,JODHPURI COAT S-985 ,rent,JODHPURI COAT,1,,,,,,3,available,,,,TRUE
S-986[38],JODHPURI COAT S-986 [38],rent,JODHPURI COAT,1,,,,PISTA,38,3,available,,,SINH MOR,TRUE
S-987[38],JODHPURI COAT S-987 [38],rent,JODHPURI COAT,1,,,,DARK,38,3,available,,,AKJAGON TIKI WORK,TRUE
S-988[42],JODHPURI COAT S-988 [42],rent,JODHPURI COAT,1,,,,GREEN,42,3,available,,,SINH MOR,TRUE
S-989[36],JODHPURI COAT S-989 [36],rent,JODHPURI COAT,1,,,,BLACK,36,3,available,,,,TRUE
S-990[40],JODHPURI COAT S-990 [40],rent,JODHPURI COAT,1,,,,WHITE,40,3,available,,,BHARVADI,TRUE
S-991,JODHPURI COAT S-991 ,rent,JODHPURI COAT,1,,,,,,3,available,,,,TRUE
S-992[38],JODHPURI COAT S-992 [38],rent,JODHPURI COAT,1,,,,BLACK,38,3,available,,,PLANE,TRUE
S-993[38],JODHPURI COAT S-993 [38],rent,JODHPURI COAT,1,,,,BLUE,38,3,available,,,SINH MOR,TRUE
S-994[36],JODHPURI COAT S-994 [36],rent,JODHPURI COAT,1,,,,GREY,36,3,available,,,SINH SIMBOL,TRUE
S-995[32],JODHPURI COAT S-995 [32],rent,JODHPURI COAT,1,,,,NEVI BLUE,32,3,available,,,VELVET WHITE WORK VADU,TRUE
S-996[34],JODHPURI COAT S-996 [34],rent,JODHPURI COAT,1,,,,CRIME,34,3,available,,,KOTI PATERN YASHUBHA ,TRUE
S-997[42],JODHPURI COAT S-997 [42],rent,JODHPURI COAT,1,,,,BLUE,42,3,available,,,SINH MOR,TRUE
S-998[32],JODHPURI COAT S-998 [32],rent,JODHPURI COAT,1,,,,BLUE,32,3,available,,,SINH MOR,TRUE
S-999[38],JODHPURI COAT S-999 [38],rent,JODHPURI COAT,1,,,,GULABI,38,3,available,,,SINH MOR,TRUE
S-1000[34],JODHPURI COAT S-1000 [34],rent,JODHPURI COAT,1,,,,WHITE,34,3,available,,,BHARVADI,TRUE
S-1001[36],JODHPURI COAT S-1001 [36],rent,JODHPURI COAT,1,,,,BLUE,36,3,available,,,VELVET WHITE WORK,TRUE
S-1002[40],JODHPURI COAT S-1002 [40],rent,JODHPURI COAT,1,,,,PISHTA,40,3,available,,,SURYA SIMBOL,TRUE
S-1003[40],JODHPURI COAT S-1003 [40],rent,JODHPURI COAT,1,,,,OF WHITE,40,3,available,,,WORK VADU LALA VADU,TRUE
S-1004[34],JODHPURI COAT S-1004 [34],rent,JODHPURI COAT,1,,,,PISHTA,34,3,available,,,SINH  MOR SIMBOL,TRUE
S-1005[44],JODHPURI COAT S-1005 [44],rent,JODHPURI COAT,1,,,,BLUE,44,3,available,,,PLEN,TRUE
S-1006[36],JODHPURI COAT S-1006 [36],rent,JODHPURI COAT,1,,,,BLUE,36,3,available,,,SINH  MOR SIMBOL,TRUE
S-1007,JODHPURI COAT S-1007 ,rent,JODHPURI COAT,1,,,,,,3,available,,,,TRUE
S-1008,JODHPURI COAT S-1008 [32],rent,JODHPURI COAT,1,,,,,,3,available,,,,TRUE
S-1009,JODHPURI COAT S-1009,rent,JODHPURI COAT,1,,,,,,3,available,,,,TRUE
S-1010[36],JODHPURI COAT S-1010 [36],rent,JODHPURI COAT,1,,,,FALSA,36,3,available,,,VELVET WHITE MARUN WORK,TRUE
S-1011[42],JODHPURI COAT S-1011 [42],rent,JODHPURI COAT,1,,,,CRIME,42,3,available,,,WORK LALA  VADU,TRUE
S-1012[34],JODHPURI COAT S-1012 [34],rent,JODHPURI COAT,1,,,,BLUE,34,3,available,,,VELVET WHITE WORK,TRUE
S-1013[34],JODHPURI COAT S-1013 [34],rent,JODHPURI COAT,1,,,,FALSA,34,3,available,,,VELVET WHITE MARUN WORK,TRUE
S-1014[40],JODHPURI COAT S-1014 [40],rent,JODHPURI COAT,1,,,,WHITE,40,3,available,,,VELVET WHITE WORK,TRUE
S-1015[40],JODHPURI COAT S-1015 [40],rent,JODHPURI COAT,1,,,,WHITE,40,3,available,,,SINH MOR SIMBOL ,TRUE
S-1016[38],JODHPURI COAT S-1016 [38],rent,JODHPURI COAT,1,,,,BLUE,38,3,available,,,WORK VADU,TRUE
S-1017[44],JODHPURI COAT S-1017 [44],rent,JODHPURI COAT,1,,,,BLUE,44,3,available,,,VELVET  WHITE AMRODERI WORK,TRUE
S-1018[34],JODHPURI COAT S-1018 [34],rent,JODHPURI COAT,1,,,,PISHTA,34,3,available,,,PLEN,TRUE
S-1019[34],JODHPURI COAT S-1019 [34],rent,JODHPURI COAT,1,,,,WHITE,34,3,available,,,BHARVADI WORK,TRUE
S-1020[40],JODHPURI COAT S-1020 [40],rent,JODHPURI COAT,1,,,,OF WHITE,40,3,available,,,KINGKHAB MULTI,TRUE
S-1021[44],JODHPURI COAT S-1021 [44],rent,JODHPURI COAT,1,,,,JAMBALI,44,3,available,,,SINH MOR SIMBOL ,TRUE
S-1022[38],JODHPURI COAT S-1022 [38],rent,JODHPURI COAT,1,,,,MULTI,38,3,available,,,,TRUE
S-1023[32],JODHPURI COAT S-1023 [32],rent,JODHPURI COAT,1,,,,OF WHITE,32,3,available,,,MULTI SATUBHA,TRUE
S-1024[38],JODHPURI COAT S-1024 [38],rent,JODHPURI COAT,1,,,,BLUE,38,3,available,,,VELVET WHITE WORK,TRUE
S-1025[40],JODHPURI COAT S-1025 [40],rent,JODHPURI COAT,1,,,,OF WHITE,40,3,available,,,ASFAN MONOPOLI,TRUE
S-1026[36],JODHPURI COAT S-1026 [36],rent,JODHPURI COAT,1,,,,BLUE,36,3,available,,,BOMBAI PRINT NEW DESIGN,TRUE
S-1027,JODHPURI COAT S-1027 ,rent,JODHPURI COAT,1,,,,,,3,available,,,,TRUE
S-1028[40],JODHPURI COAT S-1028 [40],rent,JODHPURI COAT,1,,,,GULABI,40,3,available,,,SINH TALVAR,TRUE
S-1029[36],JODHPURI COAT S-1029 [36],rent,JODHPURI COAT,1,,,,OF WHITE,36,3,available,,,MULTI KINGKHAB,TRUE
S-1030[36],JODHPURI COAT S-1030 [36],rent,JODHPURI COAT,1,,,,BLUE,36,3,available,,,VELVET WHITE WOK,TRUE
S-1031[36],JODHPURI COAT S-1031 [36],rent,JODHPURI COAT,1,,,,BLUE,36,3,available,,,AKJAGON DESIGN MULTI,TRUE
S-1032[34],JODHPURI COAT S-1032 [34]],rent,JODHPURI COAT,1,,,,BLUE,34,3,available,,,CRIME MOTI DESIGN,TRUE
S-1033,JODHPURI COAT S-1033 ,rent,JODHPURI COAT,1,,,,,,3,available,,,,TRUE
S-1034[36],JODHPURI COAT S-1034 [36],rent,JODHPURI COAT,1,,,,PISHTA,36,3,available,,,SURYA SIMBOL,TRUE
S-1035[36],JODHPURI COAT S-1035 [36],rent,JODHPURI COAT,1,,,,GREY,36,3,available,,,SURYA SIMBOL,TRUE
S-1036[34],JODHPURI COAT S-1036 [34],rent,JODHPURI COAT,1,,,,OF WHITE,34,3,available,,,MULTI SATUBHA,TRUE
S-1037[36],JODHPURI COAT S-1037 [36],rent,JODHPURI COAT,1,,,,FALSA,36,3,available,,,VELVET PICH PANDADI,TRUE
S-1038[38],JODHPURI COAT S-1038 [38],rent,JODHPURI COAT,1,,,,MULTI,38,3,available,,,MULTI KIGKHAN,TRUE
S-1039[42],JODHPURI COAT S-1039 [42],rent,JODHPURI COAT,1,,,,MULTI,42,3,available,,,MULTI KIGKHAN,TRUE
S-1040[44],JODHPURI COAT S-1040 [44],rent,JODHPURI COAT,1,,,,MULTI,44,3,available,,,MULTI KIGKHAN,TRUE
S-1041[34],JODHPURI COAT S-1041 [34],rent,JODHPURI COAT,1,,,,OF WHITE,34,3,available,,,MULTI KIGKHAN,TRUE
S-1042[38],JODHPURI COAT S-1042 [38],rent,JODHPURI COAT,1,,,,OF WHITE,38,3,available,,,PICH WORK AMRODARI,TRUE
S-1043,JODHPURI COAT S-1043 ,rent,JODHPURI COAT,1,,,,,,3,available,,,,TRUE
S-1044[36],JODHPURI COAT S-1044 [36],rent,JODHPURI COAT,1,,,,GULABI,36,3,available,,,MULTI FLOWER PRINT,TRUE
S-1045[44],JODHPURI COAT S-1045 [44],rent,JODHPURI COAT,1,,,,WHITE,44,3,available,,,SINH MOR,TRUE
S-1046[36],JODHPURI COAT S-1046 [36],rent,JODHPURI COAT,1,,,,PISHTA,36,3,available,,,MULTI HARAN GHODA,TRUE
S-1047[36],JODHPURI COAT S-1047 [36],rent,JODHPURI COAT,1,,,,GREY,36,3,available,,,MULTI WORK NEW,TRUE
S-1048[32],JODHPURI COAT S-1048 [32],rent,JODHPURI COAT,1,,,,WHITE,32,3,available,,,SINH MOR,TRUE
S-1049[34],JODHPURI COAT S-1049 [34] ,rent,JODHPURI COAT,1,,,,GULABI,34,3,available,,,MULTI PRINT,TRUE
S-1050[36],JODHPURI COAT S-1050 [36],rent,JODHPURI COAT,1,,,,PISHTA,36,3,available,,,MULTI CHOKDA WORK,TRUE
S-1051[34],JODHPURI COAT S-1051 [34],rent,JODHPURI COAT,1,,,,,34,3,available,,,,TRUE
S-1052[38],JODHPURI COAT S-1052 [38],rent,JODHPURI COAT,1,,,,MULTI,38,3,available,,,MONOPOLI,TRUE
S-1053[34],JODHPURI COAT S-1053 [34],rent,JODHPURI COAT,1,,,,PISHTA,34,3,available,,,ANIMAL WORK GHODA HRN VADU,TRUE
S-1054[34],JODHPURI COAT S-1054 [34],rent,JODHPURI COAT,1,,,,PICH,34,3,available,,,JEKET WORK MULI,TRUE
S-1055[38],JODHPURI COAT S-1055 [38],rent,JODHPURI COAT,1,,,,PISHTA,38,3,available,,,SURYA SIMBOL,TRUE
S-1056[34],JODHPURI COAT S-1056 [34],rent,JODHPURI COAT,1,,,,WHITE,34,3,available,,,ANIMAL WORK MOR VADU,TRUE
S-1057[38],JODHPURI COAT S-1057 [38],rent,JODHPURI COAT,1,,,,CRIME,38,3,available,,,MULTI KERI PRINT,TRUE
S-1058[40],JODHPURI COAT S-1058 [40],rent,JODHPURI COAT,1,,,,BLUE,40,3,available,,,VELVET NEW TIKI VADU,TRUE
S-1059[40],JODHPURI COAT S-1059 [40],rent,JODHPURI COAT,1,,,,OF WHITE,40,3,available,,,MULTI HATHI MOR,TRUE
S-1060[40],JODHPURI COAT S-1060 [40],rent,JODHPURI COAT,1,,,,,40,3,available,,,,TRUE
S-1061[36],JODHPURI COAT S-1061 [36],rent,JODHPURI COAT,1,,,,OF WHITE,36,3,available,,,HATHI MOR WORK,TRUE
S-1062[46],JODHPURI COAT S-1062 [46],rent,JODHPURI COAT,1,,,,NEVI BLUE,46,3,available,,,VELVET WHITE WORK,TRUE
S-1063[36],JODHPURI COAT S-1063 [36],rent,JODHPURI COAT,1,,,,NEVI BLUE,36,3,available,,,VELVET WORK,TRUE
S-1064[38],JODHPURI COAT S-1064 [38],rent,JODHPURI COAT,1,,,,BLUE,38,3,available,,,VELVET MULTI TIKI WORK,TRUE
S-1065[34],JODHPURI COAT S-1065 [34],rent,JODHPURI COAT,1,,,,MULTI,34,3,available,,,ANIMAL HATHI KERI FLOWER JORJET,TRUE
S-1066[40],JODHPURI COAT S-1066 [40],rent,JODHPURI COAT,1,,,,MULTI,40,3,available,,,,TRUE
S-1067[34],JODHPURI COAT S-1067 [34],rent,JODHPURI COAT,1,,,,RANI,34,3,available,,,,TRUE
S-1068[32],JODHPURI COAT S-1068 [32],rent,JODHPURI COAT,1,,,,NEVI BLUE,32,3,available,,,VELVET MULTI WORK,TRUE
S-1069[42],JODHPURI COAT S-1069 [42],rent,JODHPURI COAT,1,,,,NEVI BLUE,42,3,available,,,VELVET MULTI WORK,TRUE
S-1070[34],JODHPURI COAT S-1070 [34],rent,JODHPURI COAT,1,,,,BLUE,34,3,available,,,VELVET MULTI WORK,TRUE
S-1071[40],JODHPURI COAT S-1071 [40],rent,JODHPURI COAT,1,,,,GREY,40,3,available,,,SINH MOR,TRUE
S-1072[32],JODHPURI COAT S-1072 [32],rent,JODHPURI COAT,1,,,,PISHTA,32,3,available,,,ANIMAL GHODA HARAN,TRUE
S-1073[36],JODHPURI COAT S-1073 [36],rent,JODHPURI COAT,1,,,,PISHTA,36,3,available,,,ANIMAL GHODA HARAN,TRUE
S-1074[38],JODHPURI COAT S-1074 [38],rent,JODHPURI COAT,1,,,,PISHTA,38,3,available,,,ANIMAL GHODA HARAN,TRUE
S-1075[36],JODHPURI COAT S-1075 [36],rent,JODHPURI COAT,1,,,,WHITE,36,3,available,,,ANIMAL HATHI WORK JORJET,TRUE
S-1076[40],JODHPURI COAT S-1076 [40],rent,JODHPURI COAT,1,,,,PISHTA,40,3,available,,,ANIMAL GHODA HARAN,TRUE
S-1077[34],JODHPURI COAT S-1077 [34],rent,JODHPURI COAT,1,,,,PISHTA,34,3,available,,,ANIMAL GHODA HARAN,TRUE
S-1078[36],JODHPURI COAT S-1078 [36],rent,JODHPURI COAT,1,,,,BLUE,36,3,available,,,VELVET PURPAL WORK,TRUE
S-1079[40],JODHPURI COAT S-1079 [40],rent,JODHPURI COAT,1,,,,GREY,40,3,available,,,SURYA SIMBOL,TRUE
S-1080,JODHPURI COAT S-1080 ,rent,JODHPURI COAT,1,,,,,,3,available,,,,TRUE
S-1081[34],JODHPURI COAT S-1081 [34],rent,JODHPURI COAT,1,,,,MULTI,34,3,available,,,MULTI CHOKDA,TRUE
S-1082[32],JODHPURI COAT S-1082 [32],rent,JODHPURI COAT,1,,,,WHITE,32,3,available,,,SURYA SIMBOL,TRUE
S-1083[32],JODHPURI COAT S-1083 [32],rent,JODHPURI COAT,1,,,,PISHTA,32,3,available,,,ANIMAL GHODA HARAN,TRUE
S-1084[32],JODHPURI COAT S-1084 [38],rent,JODHPURI COAT,1,,,,MARUN,32,3,available,,,SINH MOR SIMBOL ,TRUE
S-1085[36],JODHPURI COAT S-1085 [36],rent,JODHPURI COAT,1,,,,WHITE,36,3,available,,,MULTI DAMAN PATTA ,TRUE
S-1086[36],JODHPURI COAT S-1086 [36],rent,JODHPURI COAT,1,,,,BLUE,36,3,available,,,VELVET MULTI MOTA TUCHUP,TRUE
S-1087[42],JODHPURI COAT S-1087 [42],rent,JODHPURI COAT,1,,,,MULTI,42,3,available,,,WORK VADU,TRUE
S-1088[36],JODHPURI COAT S-1088 [36],rent,JODHPURI COAT,1,,,,CRIME,36,3,available,,,MULTI JORJET CHAKKAR,TRUE
S-1089[42],JODHPURI COAT S-1089 [42],rent,JODHPURI COAT,1,,,,WHITE,42,3,available,,,HATHI KERI,TRUE
S-1090[34],JODHPURI COAT S-1090 [34],rent,JODHPURI COAT,1,,,,NEVI BLUE,34,3,available,,,VELVET DAMAN WORK,TRUE
S-1091,JODHPURI COAT S-1091 [34],rent,JODHPURI COAT,1,,,,RINGANI,,3,available,,,SINH MOR SIMBOL ,TRUE
S-1092[40],JODHPURI COAT S-1092 [40],rent,JODHPURI COAT,1,,,,BLUE,40,3,available,,,VELVET HATHI WORK,TRUE
S-1093,JODHPURI COAT S-1093 [42],rent,JODHPURI COAT,1,,,,,,3,available,,,WHITE WORK HATHI MOR,TRUE
S-1094[40],JODHPURI COAT S-1094 [40],rent,JODHPURI COAT,1,,,,WHITE,40,3,available,,,SURYA SIMBOL,TRUE
S-1095[40],JODHPURI COAT S-1095 [40],rent,JODHPURI COAT,1,,,,MULTI,40,3,available,,,KASAB DESIGN,TRUE
S-1096[40],JODHPURI COAT S-1096 [40],rent,JODHPURI COAT,1,,,,WHITE,40,3,available,,,DARK ANIMAL SINH MOR,TRUE
S-1097[36],JODHPURI COAT S-1097 [36],rent,JODHPURI COAT,1,,,,MULTI,36,3,available,,,KINGKHAB ,TRUE
S-1098[36],JODHPURI COAT S-1098 [36],rent,JODHPURI COAT,1,,,,MULTI,36,3,available,,,YELLOW BOX DESIGN,TRUE
S-1099[38],JODHPURI COAT S-1099 [38],rent,JODHPURI COAT,1,,,,MULTI,38,3,available,,,CHOKDA,TRUE
S-1100[34],JODHPURI COAT S-1100 [34],rent,JODHPURI COAT,1,,,,WHITE,34,3,available,,,HATHI MOR WORK,TRUE
S-1101[34],JODHPURI COAT S-1101 [34],rent,JODHPURI COAT,1,,,,PISHTA,34,3,available,,,ANIIMA GHODA HARAN,TRUE
S-1102[42],JODHPURI COAT S-1102 [42],rent,JODHPURI COAT,1,,,,GREEN,42,3,available,,,VELVET HATHI WORK,TRUE
S-1103[38],JODHPURI COAT S-1103 [38] ,rent,JODHPURI COAT,1,,,,WHITE,38,3,available,,,ANIMAL HATHI MOR,TRUE
S-1104[38],JODHPURI COAT S-1104 [38],rent,JODHPURI COAT,1,,,,BLUE,38,3,available,,,VELVET HATHI WORK,TRUE
S-1105[38],JODHPURI COAT S-1105 [38],rent,JODHPURI COAT,1,,,,GREY,38,3,available,,,MULTI WORK   ,TRUE
S-1106[40],JODHPURI COAT S-1106 [40],rent,JODHPURI COAT,1,,,,WHITE,40,3,available,,,MULTI JORJET HATHI MOR,TRUE
S-1107[34],JODHPURI COAT S-1107 [34],rent,JODHPURI COAT,1,,,,WHITE,34,3,available,,,HATHI MOR  ,TRUE
S-1108[34],JODHPURI COAT S-1108 [34],rent,JODHPURI COAT,1,,,,WHITE,34,3,available,,,HATHI MOR ,TRUE
S-1109[44],JODHPURI COAT S-1109 [44],rent,JODHPURI COAT,1,,,,WHITE,44,3,available,,,DARK ANIMAL SINH KERI,TRUE
S-1110[34],JODHPURI COAT S-1110 [34],rent,JODHPURI COAT,1,,,,BLUE,34,3,available,,,VELVET MULTY WORK,TRUE
S-1111[36],JODHPURI COAT S-1111 [36],rent,JODHPURI COAT,1,,,,PISHTA,36,3,available,,,SINH +MOR SIMBOL,TRUE
S-1112[38],JODHPURI COAT S-1112 [38],rent,JODHPURI COAT,1,,,,WHITE,38,3,available,,,HATHI MOR WORK,TRUE
S-1113[36],JODHPURI COAT S-1113 [36],rent,JODHPURI COAT,1,,,,WHITE,36,3,available,,,HATHI MOR ,TRUE
S-1114[38],JODHPURI COAT S-1114 [38],rent,JODHPURI COAT,1,,,,WHITE,38,3,available,,,DARK ANIMAL HATHI KERI WORK,TRUE
S-1115[36],JODHPURI COAT S-1115 [36],rent,JODHPURI COAT,1,,,,BLUE,36,3,available,,,VELVET HATHI WORK,TRUE
S-1116[34],JODHPURI COAT S-1116 [34],rent,JODHPURI COAT,1,,,,RAMA,34,3,available,,,SINH TALVAR SIMBOL,TRUE
S-1117[40],JODHPURI COAT S-1117 [40],rent,JODHPURI COAT,1,,,,FALSA,40,3,available,,,VELVET  MULTY WORK,TRUE
S-1118[32],JODHPURI COAT S-1118 [32],rent,JODHPURI COAT,1,,,,GULABI,32,3,available,,,SINH TALWAR SIMBOL,TRUE
S-1119[36],JODHPURI COAT S-1119 [36],rent,JODHPURI COAT,1,,,,FALSA,36,3,available,,,VELVET MULTY KERI VADU,TRUE
S-1120[36],JODHPURI COAT S-1120 [36],rent,JODHPURI COAT,1,,,,PISHTA,36,3,available,,,SINH MOR SIMBOL ,TRUE
S-1121[36],JODHPURI COAT S-1121 [36],rent,JODHPURI COAT,1,,,,WHITE,36,3,available,,,MULTI WORK,TRUE
S-1122[38],JODHPURI COAT S-1122 [38],rent,JODHPURI COAT,1,,,,BLUE,38,3,available,,,VELVET,TRUE
S-1123[36],JODHPURI COAT S-1123 [36],rent,JODHPURI COAT,1,,,,BLUE,36,3,available,,,PRINTED FLOWER,TRUE
S-1124[34],JODHPURI COAT S-1124 [34],rent,JODHPURI COAT,1,,,,WHITE,34,3,available,,,PISTA ANIMAL HATHI MOR ,TRUE
S-1125[34],JODHPURI COAT S-1125 [34],rent,JODHPURI COAT,1,,,,WHITE,34,3,available,,,HATHI MOR WORK,TRUE
S-1126,JODHPURI COAT S-1126 ,rent,JODHPURI COAT,1,,,,,,3,available,,,,TRUE
S-1127,JODHPURI COAT S-1127 [32],rent,JODHPURI COAT,1,,,,,,3,available,,,,TRUE
S-1128[42],JODHPURI COAT S-1128 [42],rent,JODHPURI COAT,1,,,,GREY,42,3,available,,,SURYA SIMBOL,TRUE
S-1129[40],JODHPURI COAT S-1129 [40],rent,JODHPURI COAT,1,,,,PICH,40,3,available,,,MULTI MOTA FLOWER PRINT,TRUE
S-1130[38],JODHPURI COAT S-1130 [38],rent,JODHPURI COAT,1,,,,GREY,38,3,available,,,SURYA SIMBOL,TRUE
S-1131[38],JODHPURI COAT S-1131 [38],rent,JODHPURI COAT,1,,,,WHITE,38,3,available,,,ANIMAL FIGER HATHI MOR,TRUE
S-1132[32],JODHPURI COAT S-1132 [32],rent,JODHPURI COAT,1,,,,GREY,32,3,available,,,SURYA SIMBOL,TRUE
S-1133[38],JODHPURI COAT S-1133 [38],rent,JODHPURI COAT,1,,,,PISHTA,38,3,available,,,SURYA SIMBOL,TRUE
S-1134[36],JODHPURI COAT S-1134 [36],rent,JODHPURI COAT,1,,,,BLUE,36,3,available,,,VELVET HATHI WORK,TRUE
S-1135[36],JODHPURI COAT S-1135 [36],rent,JODHPURI COAT,1,,,,WHITE,36,3,available,,,PISTA ANIMAL HATHI MOR ,TRUE
S-1136[42],JODHPURI COAT S-1136 [42],rent,JODHPURI COAT,1,,,,BLUE,42,3,available,,,VELVET HATHI WORK,TRUE
S-1137[34],JODHPURI COAT S-1137 [34],rent,JODHPURI COAT,1,,,,FALSA,34,3,available,,,VELVET DAMAN DESIGN,TRUE
S-1138[36],JODHPURI COAT S-1138 [36],rent,JODHPURI COAT,1,,,,GREEN,36,3,available,,,SINH MOR SIMBOL ,TRUE
S-1139[44],JODHPURI COAT S-1139 [44],rent,JODHPURI COAT,1,,,,PISHTA,44,3,available,,,GHODA HARAN,TRUE
S-1140[32],JODHPURI COAT S-1140 [32],rent,JODHPURI COAT,1,,,,WHITE,32,3,available,,,ANIMAL HATHI MOR PISHTA RAMA BOX,TRUE
S-1141[42],JODHPURI COAT S-1141 [42],rent,JODHPURI COAT,1,,,,PISHTA,42,3,available,,,X VADU ANIMAL PRINT,TRUE
S-1142[40],JODHPURI COAT S-1142 [40],rent,JODHPURI COAT,1,,,,PISHTA,40,3,available,,,SURYA SIMBOL,TRUE
S-1143,JODHPURI COAT S-1143 [44],rent,JODHPURI COAT,1,,,,,,3,available,,,ANIMAL HATHI MOR,TRUE
S-1144[36],JODHPURI COAT S-1144 [36],rent,JODHPURI COAT,1,,,,GULABI,36,3,available,,,JORJET X VADU,TRUE
S-1145[42],JODHPURI COAT S-1145 [42],rent,JODHPURI COAT,1,,,,WHITE,42,3,available,,,HATHI MOR WORK,TRUE
S-1146[42],JODHPURI COAT S-1146 [42],rent,JODHPURI COAT,1,,,,WHITE,42,3,available,,,HATHI MOR WORK,TRUE
S-1147[38],JODHPURI COAT S-1147 [38] ,rent,JODHPURI COAT,1,,,,BLUE,38,3,available,,,VELVET HATHI WORK,TRUE
S-1148[34],JODHPURI COAT S-1148 [34],rent,JODHPURI COAT,1,,,,WHITE,34,3,available,,,ANIMAL HATHI MOR,TRUE
S-1149[36],JODHPURI COAT S-1149 [36],rent,JODHPURI COAT,1,,,,PISHTA,36,3,available,,,ANIMAL GHODA HARAN,TRUE
S-1150[34],JODHPURI COAT S-1150 [34],rent,JODHPURI COAT,1,,,,PISHTA,34,3,available,,,SUYRA SIMBOL,TRUE
S-1151[40],JODHPURI COAT S-1151 [40],rent,JODHPURI COAT,1,,,,MULTI,40,3,available,,,KINGKHAB OF WHITE,TRUE
S-1152[32],JODHPURI COAT S-1152 [32],rent,JODHPURI COAT,1,,,,PICH,32,3,available,,,MOTA FLOWER PRINT,TRUE
S-1153[32],JODHPURI COAT S-1153 [32] ,rent,JODHPURI COAT,1,,,,WHITE,32,3,available,,,DARK ANIMAL HATHI MOR WORK,TRUE
S-1154[38],JODHPURI COAT S-1154 [38],rent,JODHPURI COAT,1,,,,WHITE,38,3,available,,,ANIMAL,TRUE
S-1155[42],JODHPURI COAT S-1155 [42],rent,JODHPURI COAT,1,,,,PISHTA,42,3,available,,,ANIMAL GHODA HARAN,TRUE
S-1156[38],JODHPURI COAT S-1156 [38],rent,JODHPURI COAT,1,,,,WHITE,38,3,available,,,DARK ANIMAL HATHI KERI WORK,TRUE
S-1157[36],JODHPURI COAT S-1157 [36],rent,JODHPURI COAT,1,,,,PISHTA,36,3,available,,,ANIMAL GHODA HARAN,TRUE
S-1158[34],JODHPURI COAT S-1158 [34],rent,JODHPURI COAT,1,,,,GREY,34,3,available,,,SUYRA SIMBOL,TRUE
S-1159[32],JODHPURI COAT S-1159 [32],rent,JODHPURI COAT,1,,,,,32,3,available,,,ANIMAL HATHI MOR,TRUE
S-1160[40],JODHPURI COAT S-1160 [40],rent,JODHPURI COAT,1,,,,GREY,40,3,available,,,NEW PRINTED,TRUE
S-1161[36],JODHPURI COAT S-1161 [36] ,rent,JODHPURI COAT,1,,,,PISHTA,36,3,available,,,SURYA SIMBOL,TRUE
S-1162[40],JODHPURI COAT S-1162 [40],rent,JODHPURI COAT,1,,,,BLUE,40,3,available,,,SINH MOR SIMBOL ,TRUE
S-1163[36],JODHPURI COAT S-1163 [36],rent,JODHPURI COAT,1,,,,GREY,36,3,available,,,SURYA SIMBOL,TRUE
S-1164,JODHPURI COAT S-1164 ,rent,JODHPURI COAT,1,,,,,,3,available,,,,TRUE
S-1165[36],JODHPURI COAT S-1165 [36],rent,JODHPURI COAT,1,,,,WHITE,36,3,available,,,ANIMAL HATHI KERI  ,TRUE
S-1166[38],JODHPURI COAT S-1166 [38],rent,JODHPURI COAT,1,,,,BLUE,38,3,available,,,VELVET JARDOSI WORK HATHI,TRUE
S-1167[36],JODHPURI COAT S-1167 [36],rent,JODHPURI COAT,1,,,,BLUE,36,3,available,,,VELVET MULTI DAMAN,TRUE
S-1168[44],JODHPURI COAT S-1168 [44],rent,JODHPURI COAT,1,,,,WHITE,44,3,available,,,DARK HATHI WORK,TRUE
S-1169[34],JODHPURI COAT S-1169 [34],rent,JODHPURI COAT,1,,,,MULTI,34,3,available,,,KINGKHAB,TRUE
S-1170[34],JODHPURI COAT S-1170 [34],rent,JODHPURI COAT,1,,,,PISHTA,34,3,available,,,SINH MOR SIMBOL ,TRUE
S-1171[36],JODHPURI COAT S-1171 [36],rent,JODHPURI COAT,1,,,,BLUE,36,3,available,,,VELVEL NEW PRINT,TRUE
S-1172[32],JODHPURI COAT S-1172 [32],rent,JODHPURI COAT,1,,,,BLUE,32,3,available,,,VELVET HATHI WORK,TRUE
S-1173[36],JODHPURI COAT S-1173 [36],rent,JODHPURI COAT,1,,,,BLUE,36,3,available,,,VELVET MULTI FULL WORK SIMBOL,TRUE
S-1174[34],JODHPURI COAT S-1174 [34],rent,JODHPURI COAT,1,,,,MARUN,34,3,available,,,SINH MOR,TRUE
S-1175[34],JODHPURI COAT S-1175 [34],rent,JODHPURI COAT,1,,,,CRIME,34,3,available,,,MULTI WORK,TRUE
S-1176[40],JODHPURI COAT S-1176 [40],rent,JODHPURI COAT,1,,,,MARUN,40,3,available,,,PRINTED FLOWER MOTA PAAN,TRUE
S-1177[34],JODHPURI COAT S-1177 [34],rent,JODHPURI COAT,1,,,,JAMBALI,34,3,available,,,JORJET PATERN FLOWER PRINT ,TRUE
S-1178[34],JODHPURI COAT S-1178 [34],rent,JODHPURI COAT,1,,,,GREEN,34,3,available,,,MARUN WORK,TRUE
S-1179[36],JODHPURI COAT S-1179 [36],rent,JODHPURI COAT,1,,,,CRIME,36,3,available,,,MULTI JABBA PATERN LALA BHAI,TRUE
S-1180[44],JODHPURI COAT S-1180 [44],rent,JODHPURI COAT,1,,,,WHITE,44,3,available,,,DARK ANIMAL HATHI KERI ,TRUE
S-1181[42],JODHPURI COAT S-1181 [42],rent,JODHPURI COAT,1,,,,WHITE,42,3,available,,,DARK ANIMAL HATHI KERI ,TRUE
S-1182[34],JODHPURI COAT S-1182 [34],rent,JODHPURI COAT,1,,,,BOTUL GREEN,34,3,available,,,MOTA FLOWER PRINT,TRUE
S-1183[34],JODHPURI COAT S-1183 [34],rent,JODHPURI COAT,1,,,,BLUE,34,3,available,,,VELVET MULTI,TRUE
S-1184[42],JODHPURI COAT S-1184 [42],rent,JODHPURI COAT,1,,,,BLUE,42,3,available,,,VELVET HATHI JARDOSI WORK,TRUE
S-1185[40],JODHPURI COAT S-1185 [40],rent,JODHPURI COAT,1,,,,PICH,40,3,available,,,MOTA FLOWER PRINT,TRUE
S-1186[34],JODHPURI COAT S-1186 [34],rent,JODHPURI COAT,1,,,,PISHTA,34,3,available,,,ANIMAL GHODA HARAN,TRUE
S-1187[38],JODHPURI COAT S-1187 [38],rent,JODHPURI COAT,1,,,,GULABI,38,3,available,,,SINH TALVAR SIMBOL,TRUE
S-1188[36],JODHPURI COAT S-1188 [36] ,rent,JODHPURI COAT,1,,,,,36,3,available,,,DARK ANIMAL HATHI KERI WORK,TRUE
S-1189[34],JODHPURI COAT S-1189 [34],rent,JODHPURI COAT,1,,,,GREY,34,3,available,,,ANIMAL HATHI KERI ,TRUE
S-1190[38],JODHPURI COAT S-1190 [38],rent,JODHPURI COAT,1,,,,GREEN,38,3,available,,,MOTA FLOWER PRINT,TRUE
S-1191[40],JODHPURI COAT S-1191 [40],rent,JODHPURI COAT,1,,,,WHITE,40,3,available,,,ANIMAL MOR HATHI,TRUE
S-1192[34],JODHPURI COAT S-1192 [34],rent,JODHPURI COAT,1,,,,PISHTA,34,3,available,,,SURYA SIMBOL,TRUE
S-1193[32],JODHPURI COAT S-1193 [32],rent,JODHPURI COAT,1,,,,PISHTA,32,3,available,,,SURYA SIMBOL,TRUE
S-1194[32],JODHPURI COAT S-1194 [32],rent,JODHPURI COAT,1,,,,BLUE,32,3,available,,,JARDOSI WORK HATHI,TRUE
S-1195[46],JODHPURI COAT S-1195 [46],rent,JODHPURI COAT,1,,,,PISHTA,46,3,available,,,SURYA SIMBOL,TRUE
S-1196[38],JODHPURI COAT S-1196 [38],rent,JODHPURI COAT,1,,,,BLUE,38,3,available,,,VELVET CRIM JAMBALI WORK,TRUE
S-1197[38],JODHPURI COAT S-1197 [38],rent,JODHPURI COAT,1,,,,GREEN,38,3,available,,,FLOWER PRINT MARUN FULL,TRUE
S-1198[44],JODHPURI COAT S-1198 [44],rent,JODHPURI COAT,1,,,,PICH,44,3,available,,,PRINT VADU,TRUE
S-1199[34],JODHPURI COAT S-1199 [34],rent,JODHPURI COAT,1,,,,GULABI,34,3,available,,,MULTI MOTA FLOWER PRINT,TRUE
S-1200[38],JODHPURI COAT S-1200 [38],rent,JODHPURI COAT,1,,,,GREY,38,3,available,,,PLEN,TRUE
S-1201[38],JODHPURI COAT S-1201 [38],rent,JODHPURI COAT,1,,,,GREEN,38,3,available,,,JARDOSI WORK HATHI,TRUE
S-1202[34],JODHPURI COAT S-1202 [34],rent,JODHPURI COAT,1,,,,YELLOW,34,3,available,,,MULTI CHOKDA WORK,TRUE
S-1203[38],JODHPURI COAT S-1203 [38],rent,JODHPURI COAT,1,,,,ANIMAL,38,3,available,,,DARK ANIMAL HATHI KERI,TRUE
S-1204[34],JODHPURI COAT S-1204 [34],rent,JODHPURI COAT,1,,,,OF WHITE,34,3,available,,,MULTI LAKHNAVI CHOKDA VADU,TRUE
S-1205[38],JODHPURI COAT S-1205 [38],rent,JODHPURI COAT,1,,,,GULABI,38,3,available,,,FLOWER PRINT RUTURAJ,TRUE
S-1206[36],JODHPURI COAT S-1206 [36],rent,JODHPURI COAT,1,,,,WHITE,36,3,available,,,ANIMAL MOR HATHI,TRUE
S-1207[34],JODHPURI COAT S-1207 [34],rent,JODHPURI COAT,1,,,,GREY ,34,3,available,,,SINH SIMBOL,TRUE
S-1208[42],JODHPURI COAT S-1208 [42],rent,JODHPURI COAT,1,,,,BLUE,42,3,available,,,VELVET JARDOSI WORK HATHI,TRUE
S-1209[42],JODHPURI COAT S-1209 [42],rent,JODHPURI COAT,1,,,,WHITE,42,3,available,,,DARK ANIMAL HATHI MOR WORK,TRUE
S-1210[32],JODHPURI COAT S-1210 [32],rent,JODHPURI COAT,1,,,,PISHTA,32,3,available,,,ANIMAL GHODA HARAN,TRUE
S-1211[34],JODHPURI COAT S-1211 [34],rent,JODHPURI COAT,1,,,,PISHTA,34,3,available,,,ANIMAL GHODA HARAN,TRUE
S-1212[40],JODHPURI COAT S-1212 [40],rent,JODHPURI COAT,1,,,,BLUE,40,3,available,,,VELVET HATHI WORK,TRUE
S-1213[34],JODHPURI COAT S-1213 [34],rent,JODHPURI COAT,1,,,,BLUE,34,3,available,,,VELVET JARDOSI WORK HATHI,TRUE
S-1214[34],JODHPURI COAT S-1214 [34],rent,JODHPURI COAT,1,,,,PICH GULABI,34,3,available,,,MOTA FLOWER PRINT,TRUE
S-1215[34],JODHPURI COAT S-1215 [34],rent,JODHPURI COAT,1,,,,WHITE,34,3,available,,,VELVET MULTI GOL ROUND WORK,TRUE
S-1216[34],JODHPURI COAT S-1216 [34],rent,JODHPURI COAT,1,,,,BLUE,34,3,available,,,VELVET MULTI DAMAN,TRUE
S-1217[40],JODHPURI COAT S-1217 [40],rent,JODHPURI COAT,1,,,,GREEN,40,3,available,,,FLOWER PRINT,TRUE
S-1218[38],JODHPURI COAT S-1218 [38],rent,JODHPURI COAT,1,,,,WHITE,38,3,available,,,DARK ANIMAL KERI HATHI,TRUE
S-1219[42],JODHPURI COAT S-1219 [42],rent,JODHPURI COAT,1,,,,PISHTA,42,3,available,,,SURYA SIMBOL,TRUE
S-1220[36],JODHPURI COAT S-1220 [36],rent,JODHPURI COAT,1,,,,GREY,36,3,available,,,JINI MULTI WORK,TRUE
S-1221[32],JODHPURI COAT S-1221 [32],rent,JODHPURI COAT,1,,,,PICH ,32,3,available,,,MOTA FLOWER PRINT,TRUE
S-1222[38],JODHPURI COAT S-1222 [38],rent,JODHPURI COAT,1,,,,WHITE,38,3,available,,,ANIMAL MOR HATHI,TRUE
S-1223[42],JODHPURI COAT S-1223 [42],rent,JODHPURI COAT,1,,,,PISHTA,42,3,available,,,SINH MOR,TRUE
S-1224[42],JODHPURI COAT S-1224 [40],rent,JODHPURI COAT,1,,,,PICH,42,3,available,,,FLOWER PRINT ,TRUE
S-1225[36],JODHPURI COAT S-1225 [36],rent,JODHPURI COAT,1,,,,MULTI,36,3,available,,,VELVET FLOWER VEL KERI WORK,TRUE
S-1226[36],JODHPURI COAT S-1226 [36],rent,JODHPURI COAT,1,,,,CRIME,36,3,available,,,MULTI PRINT,TRUE
S-1227[40],JODHPURI COAT S-1227 [40],rent,JODHPURI COAT,1,,,,BLUE,40,3,available,,,VELVET WHITE WORK,TRUE
S-1228[38],JODHPURI COAT S-1228 [38],rent,JODHPURI COAT,1,,,,WHITE,38,3,available,,,MULTI CHAKKAR PRINT,TRUE
S-1229[36],JODHPURI COAT S-1229 [36],rent,JODHPURI COAT,1,,,,WHITE,36,3,available,,,VELVET MULTI JORJET,TRUE
S-1230[36],JODHPURI COAT S-1230 [36],rent,JODHPURI COAT,1,,,,GREEN,36,3,available,,,FLOWER PRINT,TRUE
S-1231[42],JODHPURI COAT S-1231 [42],rent,JODHPURI COAT,1,,,,PICH,42,3,available,,,FLOWER PRINT,TRUE
S-1232[38],JODHPURI COAT S-1232 [38],rent,JODHPURI COAT,1,,,,PISHTA,38,3,available,,,ANIMAL HATHI MOR,TRUE
S-1233[38],JODHPURI COAT S-1233 [38],rent,JODHPURI COAT,1,,,,WHITE,38,3,available,,,SURYA SIMBOL,TRUE
S-1234[38],JODHPURI COAT S-1234 [38],rent,JODHPURI COAT,1,,,,GULABI,38,3,available,,,FLOWER PRINT,TRUE
S-1235[40],JODHPURI COAT S-1235 [40],rent,JODHPURI COAT,1,,,,BLUE,40,3,available,,,VELVET MULTI WORK,TRUE
S-1236[36],JODHPURI COAT S-1236 [36],rent,JODHPURI COAT,1,,,,WHITE,36,3,available,,,ANIMAL HATHI MOR,TRUE
S-1237[38],JODHPURI COAT S-1237 [38],rent,JODHPURI COAT,1,,,,BLUE,38,3,available,,,VELVET DAMAN WORK,TRUE
S-1238[38],JODHPURI COAT S-1238 [38],rent,JODHPURI COAT,1,,,,FALSA,38,3,available,,,VELVET MULTI KERI,TRUE
S-1239[34],JODHPURI COAT S-1239 [34],rent,JODHPURI COAT,1,,,,BLUE,34,3,available,,,VELVET HATHI WORK,TRUE
S-1240[40],JODHPURI COAT S-1240 [40],rent,JODHPURI COAT,1,,,,BLUE,40,3,available,,,DAMAN WORK,TRUE
S-1241[38],JODHPURI COAT S-1241 [38],rent,JODHPURI COAT,1,,,,BLUE,38,3,available,,,NEW SIMBOL,TRUE
S-1242[34],JODHPURI COAT S-1242 [34],rent,JODHPURI COAT,1,,,,WHITE,34,3,available,,,DARK ANIMAL HATHI KERI,TRUE
S-1243[36],JODHPURI COAT S-1243 [36],rent,JODHPURI COAT,1,,,,WHITE,36,3,available,,,DARK ANIMAL HATHI MOR WORK,TRUE
S-1244[42],JODHPURI COAT S-1244 [42],rent,JODHPURI COAT,1,,,,RINGANI,42,3,available,,,VELVET WORK,TRUE
S-1245[34],JODHPURI COAT S-1245 [34],rent,JODHPURI COAT,1,,,,BLUE,34,3,available,,,MOTA FLOWER PRINT,TRUE
S-1246[38],JODHPURI COAT S-1246 [38],rent,JODHPURI COAT,1,,,,BLUE,38,3,available,,,VELVET ANIMAL HARAN MOR,TRUE
S-1247[36],JODHPURI COAT S-1247 [36],rent,JODHPURI COAT,1,,,,RINGANI,36,3,available,,,VELVET WORK,TRUE
S-1248[34],JODHPURI COAT S-1248 [34],rent,JODHPURI COAT,1,,,,NEVI BLUE,34,3,available,,,HATHI MOR,TRUE
S-1249[40],JODHPURI COAT S-1249 [40],rent,JODHPURI COAT,1,,,,BLUE,40,3,available,,,MARUN MOTI PRINT,TRUE
S-1250[36],JODHPURI COAT S-1250 [36],rent,JODHPURI COAT,1,,,,WHITE,36,3,available,,,DARK ANIMAL HATHI MOR WORK,TRUE
S-1251[38],JODHPURI COAT S-1251 [38],rent,JODHPURI COAT,1,,,,PISHTA,38,3,available,,,DUBLE RAA SINH SIMBOL,TRUE
S-1252[34],JODHPURI COAT S-1252 [34],rent,JODHPURI COAT,1,,,,PISHTA,34,3,available,,,SINH MOR NEW SIMBOL,TRUE
S-1253[36],JODHPURI COAT S-1253 [36],rent,JODHPURI COAT,1,,,,GULABI,36,3,available,,,MOTA FLOWER PRINT,TRUE
S-1254[42],JODHPURI COAT S-1254 [42],rent,JODHPURI COAT,1,,,,WHITE,42,3,available,,,ANIMAL HATHI MOR,TRUE
S-1255[42],JODHPURI COAT S-1255 [42],rent,JODHPURI COAT,1,,,,OF WHITE,42,3,available,,,MULTI ASFUN MONOPOLI,TRUE
S-1256[30],JODHPURI COAT S-1256 [30],rent,JODHPURI COAT,1,,,,GULABI,30,3,available,,,SINH TALVAR,TRUE
S-1257[44],JODHPURI COAT S-1257 [44],rent,JODHPURI COAT,1,,,,PISHTA,44,3,available,,,SINH MOR SIMBOL ,TRUE
S-1258[32],JODHPURI COAT S-1258 [32],rent,JODHPURI COAT,1,,,,WHITE,32,3,available,,,HATHI MOR,TRUE
S-1259[42],JODHPURI COAT S-1259 [42],rent,JODHPURI COAT,1,,,,PICH,42,3,available,,,MOTA FLOWER PRINT,TRUE
S-1260[36],JODHPURI COAT S-1260 [36],rent,JODHPURI COAT,1,,,,WHITE,36,3,available,,,MULTI FLOWER PRINT,TRUE
S-1261[40],JODHPURI COAT S-1261 [40],rent,JODHPURI COAT,1,,,,BLUE,40,3,available,,,VELVET HATHI WORK,TRUE
S-1262[42],JODHPURI COAT S-1262 [42],rent,JODHPURI COAT,1,,,,BLUE,42,3,available,,,MULTI LFLOWER BOMBAI ,TRUE
S-1263[38],JODHPURI COAT S-1263 [38],rent,JODHPURI COAT,1,,,,PISHTA,38,3,available,,,CHEKS FLOWER PRINT,TRUE
S-1264[38],JODHPURI COAT S-1264 [38],rent,JODHPURI COAT,1,,,,PICH,38,3,available,,,BOX FLOWER PRINT,TRUE
S-1265[34],JODHPURI COAT S-1265 [34],rent,JODHPURI COAT,1,,,,FALSA,34,3,available,,,VELVET MULTI KERI,TRUE
S-1266[42],JODHPURI COAT S-1266 [42],rent,JODHPURI COAT,1,,,,WHITE,42,3,available,,,SURYA SIMBOL,TRUE
S-1267[34],JODHPURI COAT S-1267 [34],rent,JODHPURI COAT,1,,,,WHITE,34,3,available,,,ANIMAL HATHI MOR,TRUE
S-1268[42],JODHPURI COAT S-1268 [42],rent,JODHPURI COAT,1,,,,GREY,42,3,available,,,PLEN,TRUE
S-1269[38],JODHPURI COAT S-1269 [38],rent,JODHPURI COAT,1,,,,PISHTA,38,3,available,,,NEW SIMBOL,TRUE
S-1270[34],JODHPURI COAT S-1270 [34],rent,JODHPURI COAT,1,,,,PISHTA,34,3,available,,,SINH MOR NEW SIMBOL,TRUE
S-1271[44],JODHPURI COAT S-1271 [44],rent,JODHPURI COAT,1,,,,WHITE,44,3,available,,,DARK ANIMAL HATHI MOR WORK,TRUE
S-1272[44],JODHPURI COAT S-1272 [44],rent,JODHPURI COAT,1,,,,RINGANI,44,3,available,,,MOTI PRINT,TRUE
S-1273[40],JODHPURI COAT S-1273 [40],rent,JODHPURI COAT,1,,,,PISHTA,40,3,available,,,ANIMAL GHODA HARAN,TRUE
S-1274[42],JODHPURI COAT S-1274 [42],rent,JODHPURI COAT,1,,,,WHITE,42,3,available,,,DARK ANIMAL HATHI MOR WORK,TRUE
S-1275[44],JODHPURI COAT S-1275 [44],rent,JODHPURI COAT,1,,,,WHITE,44,3,available,,,ANIMAL HATHI MOR,TRUE
S-1276[32],JODHPURI COAT S-1276 [32],rent,JODHPURI COAT,1,,,,WHITE,32,3,available,,,ANIMAL HATHI MOR,TRUE
S-1277[40],JODHPURI COAT S-1277 [40],rent,JODHPURI COAT,1,,,,WHITE,40,3,available,,,ANIMAL HATHI MOR,TRUE
S-1278[32],JODHPURI COAT S-1278 [32],rent,JODHPURI COAT,1,,,,GREEN,32,3,available,,,VELVET HATHI WORK,TRUE
S-1279[42],JODHPURI COAT S-1279 [42],rent,JODHPURI COAT,1,,,,BLUE,42,3,available,,,VELVET WORK,TRUE
S-1280[42],JODHPURI COAT S-1280 [42],rent,JODHPURI COAT,1,,,,JAMBALI,42,3,available,,,SINH MOR SIMBOL ,TRUE
S-1281[38],JODHPURI COAT S-1281 [38],rent,JODHPURI COAT,1,,,,PICH,38,3,available,,,PRINTED,TRUE
S-1282[36],JODHPURI COAT S-1282 [36],rent,JODHPURI COAT,1,,,,FALSA,36,3,available,,,VELVET TIKI SIMBOL FULL DAMAN,TRUE
S-1283[36],JODHPURI COAT S-1283 [36],rent,JODHPURI COAT,1,,,,PISHTA,36,3,available,,,RAA LOGO NEW,TRUE
S-1284[38],JODHPURI COAT S-1284 [38],rent,JODHPURI COAT,1,,,,PISHTA,38,3,available,,,ANIMAL,TRUE
S-1285[38],JODHPURI COAT S-1285 [38],rent,JODHPURI COAT,1,,,,PISHTA,38,3,available,,,RAA LOGO NEW,TRUE
S-1286[36],JODHPURI COAT S-1286 [36],rent,JODHPURI COAT,1,,,,GULABI,36,3,available,,,MULTI RUTURAJ ,TRUE
S-1287[36],JODHPURI COAT S-1287 [36],rent,JODHPURI COAT,1,,,,BLUE,36,3,available,,,JARDOSI WORK HATHI,TRUE
S-1288[36],JODHPURI COAT S-1288 [36],rent,JODHPURI COAT,1,,,,GREEN,36,3,available,,,HATHI VADU,TRUE
S-1289[36],JODHPURI COAT S-1289 [36],rent,JODHPURI COAT,1,,,,GREEN,36,3,available,,,WORK VADU,TRUE
S-1290[32],JODHPURI COAT S-1290 [32],rent,JODHPURI COAT,1,,,,BLUE,32,3,available,,,VELVET HAND WORK HATHI,TRUE
S-1291[32],JODHPURI COAT S-1291 [32],rent,JODHPURI COAT,1,,,,OF WHITE,32,3,available,,,DARK ANIMAL HATHI KERI,TRUE
S-1292,JODHPURI COAT S-1292 ,rent,JODHPURI COAT,1,,,,,,3,available,,,,TRUE
S-1293[42],JODHPURI COAT S-1293 [42],rent,JODHPURI COAT,1,,,,WHITE,42,3,available,,,SINH MOR SIMBOL ,TRUE
S-1294[38],JODHPURI COAT S-1294 [38],rent,JODHPURI COAT,1,,,,JAMBALI,38,3,available,,,VELVET NEW SIMBOL,TRUE
S-1295[34],JODHPURI COAT S-1295 [34],rent,JODHPURI COAT,1,,,,JAMBALI,34,3,available,,,VELVET NEW SIMBOL,TRUE
S-1296[34],JODHPURI COAT S-1296 [34],rent,JODHPURI COAT,1,,,,WHITE,34,3,available,,,MULTI AKJAGON,TRUE
S-1297[44],JODHPURI COAT S-1297 [44],rent,JODHPURI COAT,1,,,,GULABI,44,3,available,,,FLOWER PRINT RUTURAJ,TRUE
S-1298[34],JODHPURI COAT S-1298 [34],rent,JODHPURI COAT,1,,,,GREEN,34,3,available,,,VELVET HAND WORK HATHI,TRUE
S-1299[46],JODHPURI COAT S-1299 [46],rent,JODHPURI COAT,1,,,,PISHTA,46,3,available,,,ANIMAL GHODA HARAN,TRUE
S-1300[40],JODHPURI COAT S-1300 [40],rent,JODHPURI COAT,1,,,,BOTUL GREEN,40,3,available,,,FLOWER PRINT NEW,TRUE
S-1301[38],JODHPURI COAT S-1301 [38],rent,JODHPURI COAT,1,,,,FALSA,38,3,available,,,VELVET RED MULTI WORK,TRUE
S-1302[38],JODHPURI COAT S-1302 [38],rent,JODHPURI COAT,1,,,,NEVI BLUE,38,3,available,,,PRINTED,TRUE
S-1303[48],JODHPURI COAT S-1303 [48],rent,JODHPURI COAT,1,,,,WHITE,48,3,available,,,SINH MOR SIMBOL ,TRUE
S-1304[40],JODHPURI COAT S-1304 [40],rent,JODHPURI COAT,1,,,,GREEN,40,3,available,,,VELVET HATHI WORK,TRUE
S-1305[36],JODHPURI COAT S-1305 [36],rent,JODHPURI COAT,1,,,,MULTI BLUE,36,3,available,,,MULTI BLUE TIKI WORK,TRUE
S-1306[36],JODHPURI COAT S-1306 [36],rent,JODHPURI COAT,1,,,,CRIME,36,3,available,,,VELVET LOGO VADU NEW,TRUE
S-1307[38],JODHPURI COAT S-1307 [38],rent,JODHPURI COAT,1,,,,GREY,38,3,available,,,SURYA SIMBOL,TRUE
S-1308[34],JODHPURI COAT S-1308 [34],rent,JODHPURI COAT,1,,,,MARUN,34,3,available,,,SINH MOR SIMBOL ,TRUE
S-1309[38],JODHPURI COAT S-1309 [38],rent,JODHPURI COAT,1,,,,BOTUL GREEN,38,3,available,,,HAND WORK HATHI,TRUE
S-1310[36],JODHPURI COAT S-1310 [36],rent,JODHPURI COAT,1,,,,PISHTA,36,3,available,,,RAA LOGO NEW,TRUE
S-1311[42],JODHPURI COAT S-1311 [42],rent,JODHPURI COAT,1,,,,PISHTA,42,3,available,,,ANIMAL GHODA HARAN,TRUE
S-1312[44],JODHPURI COAT S-1312 [44],rent,JODHPURI COAT,1,,,,PISHTA,44,3,available,,,ANIMAL GHODA HARAN,TRUE
S-1313[42],JODHPURI COAT S-1313 [42],rent,JODHPURI COAT,1,,,,NEVI BLUE,42,3,available,,,WORK VADU,TRUE
S-1314[38],JODHPURI COAT S-1314 [38],rent,JODHPURI COAT,1,,,,PISHTA,38,3,available,,,SURYA SIMBOL,TRUE
S-1315[44],JODHPURI COAT S-1315 [44],rent,JODHPURI COAT,1,,,,PISHTA,44,3,available,,,MULTI X VADU,TRUE
S-1316[36],JODHPURI COAT S-1316 [36],rent,JODHPURI COAT,1,,,,BLUE,36,3,available,,,RAA LOGO NEW,TRUE
S-1317[34],JODHPURI COAT S-1317 [34],rent,JODHPURI COAT,1,,,,OF WHITE,34,3,available,,,DARK ANIMAL HATHI MOR WORK,TRUE
S-1318,JODHPURI COAT S-1318 [32],rent,JODHPURI COAT,1,,,,WHITE,,3,available,,,ANIMAL HATHI MOR,TRUE
S-1319[40],JODHPURI COAT S-1319 [40],rent,JODHPURI COAT,1,,,,BLUE,40,3,available,,,FLOWER PRINT,TRUE
S-1320[40],JODHPURI COAT S-1320 [40],rent,JODHPURI COAT,1,,,,WHITE,40,3,available,,,RAA LOGO NEW,TRUE
S-1321[38],JODHPURI COAT S-1321 [38],rent,JODHPURI COAT,1,,,,WHITE,38,3,available,,,SINH MOR SIMBOL ,TRUE
S-1322[42],JODHPURI COAT S-1322 [42],rent,JODHPURI COAT,1,,,,JAMBALI,42,3,available,,,SINH MOR SIMBOL ,TRUE
S-1323[36],JODHPURI COAT S-1323 [36],rent,JODHPURI COAT,1,,,,BLUE,36,3,available,,,VELVET HAND WORK HATHI,TRUE
S-1324[46],JODHPURI COAT S-1324 [46],rent,JODHPURI COAT,1,,,,GULABI,46,3,available,,,PRINTED RUTURAJ,TRUE
S-1325[36],JODHPURI COAT S-1325 [36],rent,JODHPURI COAT,1,,,,PISHTA,36,3,available,,,PICH FLOWER PRINT,TRUE
S-1326[38],JODHPURI COAT S-1326 [38],rent,JODHPURI COAT,1,,,,GULABI,38,3,available,,,PRINTED RUTURAJ,TRUE
S-1327[36],JODHPURI COAT S-1327 [36],rent,JODHPURI COAT,1,,,,FALSA,36,3,available,,,WORK VADU,TRUE
S-1328[40],JODHPURI COAT S-1328 [40],rent,JODHPURI COAT,1,,,,MULTI ,40,3,available,,,KINGKHAB,TRUE
S-1329[46],JODHPURI COAT S-1329 [46],rent,JODHPURI COAT,1,,,,WHITE,46,3,available,,,ANIMAL HATHI MOR,TRUE
S-1330[34],JODHPURI COAT S-1330 [34],rent,JODHPURI COAT,1,,,,PISHTA,34,3,available,,,RAA LOGO NEW,TRUE
S-1331[36],JODHPURI COAT S-1331 [36],rent,JODHPURI COAT,1,,,,WHITE,36,3,available,,,HATHI MOR WORK,TRUE
S-1332[34],JODHPURI COAT S-1332 [34],rent,JODHPURI COAT,1,,,,FALSA,34,3,available,,,VELVET WORK,TRUE
S-1333[44],JODHPURI COAT S-1333 [44],rent,JODHPURI COAT,1,,,,BLUE,44,3,available,,,HATHI VADU,TRUE
S-1334[40],JODHPURI COAT S-1334 [40],rent,JODHPURI COAT,1,,,,PISHTA,40,3,available,,,PRINTED ,TRUE
S-1335[36],JODHPURI COAT S-1335 [36],rent,JODHPURI COAT,1,,,,PISHTA,36,3,available,,,RAA LOGO NEW,TRUE
S-1336[44],JODHPURI COAT S-1336 [44],rent,JODHPURI COAT,1,,,,BLUE,44,3,available,,,VELVET MULTI,TRUE
S-1337[34],JODHPURI COAT S-1337 [34],rent,JODHPURI COAT,1,,,,PISHTA,34,3,available,,,MULTI DAMAN MOTA CHAKKAR,TRUE
S-1338[38],JODHPURI COAT S-1338 [38],rent,JODHPURI COAT,1,,,,BLUE,38,3,available,,,VELVET DAMAN WORK,TRUE
S-1339[42],JODHPURI COAT S-1339 [42],rent,JODHPURI COAT,1,,,,GREEN,42,3,available,,,VELVET HATHI WORK,TRUE
S-1340[40],JODHPURI COAT S-1340 [40],rent,JODHPURI COAT,1,,,,DARK,40,3,available,,,DARK ANIMAL HATHI MOR WORK,TRUE
S-1341[32],JODHPURI COAT S-1341 [32],rent,JODHPURI COAT,1,,,,GULABI,32,3,available,,,PRINTED RUTURAJ,TRUE
S-1342[42],JODHPURI COAT S-1342 [42],rent,JODHPURI COAT,1,,,,PISHTA,42,3,available,,,PLEN,TRUE
S-1343[40],JODHPURI COAT S-1343 [40],rent,JODHPURI COAT,1,,,,GREEN,40,3,available,,,VELVET JARDOSI WORK HATHI,TRUE
S-1344[40],JODHPURI COAT S-1344 [40],rent,JODHPURI COAT,1,,,,GREEN,40,3,available,,,GULABI FULL + PANDDI,TRUE
S-1345[38],JODHPURI COAT S-1345 [38],rent,JODHPURI COAT,1,,,,PICH,38,3,available,,,FLOWER PRINT,TRUE
S-1346[42],JODHPURI COAT S-1346 [42],rent,JODHPURI COAT,1,,,,WHITE,42,3,available,,,HATHI MOR WORK,TRUE
S-1347[36],JODHPURI COAT S-1347 [36],rent,JODHPURI COAT,1,,,,GREEN,36,3,available,,,RED PRINTED NEW,TRUE
S-1348[36],JODHPURI COAT S-1348 [36],rent,JODHPURI COAT,1,,,,PICH,36,3,available,,,WORK VADU,TRUE
S-1349[36],JODHPURI COAT S-1349 [36],rent,JODHPURI COAT,1,,,,PISHTA,36,3,available,,,ANIMAL WORK,TRUE
S-1350[38],JODHPURI COAT S-1350 [38],rent,JODHPURI COAT,1,,,,DARK,38,3,available,,,DARK ANIMAL,TRUE
S-1351[36],JODHPURI COAT S-1351 [36],rent,JODHPURI COAT,1,,,,GREEN,36,3,available,,,VELVET HAND WORK HATHI,TRUE
S-1352[38],JODHPURI COAT S-1352 [38],rent,JODHPURI COAT,1,,,,WHITE,38,3,available,,,ANIMAL HATHI MOR,TRUE
S-1353[44],JODHPURI COAT S-1353 [44],rent,JODHPURI COAT,1,,,,PISHTA,44,3,available,,,ANIMAL WORK,TRUE
S-1354,JODHPURI COAT S-1354 [36],rent,JODHPURI COAT,1,,,,,,3,available,,,,TRUE
S-1355[36],JODHPURI COAT S-1355 [36],rent,JODHPURI COAT,1,,,,MARUN,36,3,available,,,PLEN,TRUE
S-1356[36],JODHPURI COAT S-1356 [36],rent,JODHPURI COAT,1,,,,BLUE,36,3,available,,,VELVET HAND WORK ,TRUE
S-1357[42],JODHPURI COAT S-1357 [42],rent,JODHPURI COAT,1,,,,MARUN,42,3,available,,,VELVET AMRODARI WORK,TRUE
S-1358[44],JODHPURI COAT S-1358 [44],rent,JODHPURI COAT,1,,,,,44,3,available,,,ANIMAL HATHI MOR,TRUE
S-1359[42],JODHPURI COAT S-1359 [42],rent,JODHPURI COAT,1,,,,PISHTA,42,3,available,,,SURYA SIMBOL,TRUE
S-1360[40],JODHPURI COAT S-1360 [40],rent,JODHPURI COAT,1,,,,WHITE,40,3,available,,,ANIMAL HATHI MOR,TRUE
S-1361[36],JODHPURI COAT S-1361 [36],rent,JODHPURI COAT,1,,,,GULABI,36,3,available,,,VELVET NEW SIMBOL,TRUE
S-1362[36],JODHPURI COAT S-1362 [36],rent,JODHPURI COAT,1,,,,WHITE,36,3,available,,,HATHI VADU,TRUE
S-1363[42],JODHPURI COAT S-1363 [42],rent,JODHPURI COAT,1,,,,WHITE,42,3,available,,,PISHTA ANIMAL HATHI MOR,TRUE
S-1364[44],JODHPURI COAT S-1364 [44],rent,JODHPURI COAT,1,,,,BLUE,44,3,available,,,VELVET HAND WORK ,TRUE
S-1365[40],JODHPURI COAT S-1365 [40],rent,JODHPURI COAT,1,,,,GULABI,40,3,available,,,FLOWER PRINT RUTURAJ,TRUE
S-1366[34],JODHPURI COAT S-1366 [34],rent,JODHPURI COAT,1,,,,GULABI,34,3,available,,,SINH TALVAR SIMBOL,TRUE
S-1367[36],JODHPURI COAT S-1367 [36],rent,JODHPURI COAT,1,,,,GREY ,36,3,available,,,VELVET HATHI MOR WORK,TRUE
S-1368[38],JODHPURI COAT S-1368 [38],rent,JODHPURI COAT,1,,,,BLUE,38,3,available,,,VELVET HATHI WORK,TRUE
S-1369[40],JODHPURI COAT S-1369 [40],rent,JODHPURI COAT,1,,,,GREY,40,3,available,,,SURYA SIMBOL,TRUE
S-1370[44],JODHPURI COAT S-1370 [44],rent,JODHPURI COAT,1,,,,PICH,44,3,available,,,FLOWER RUTURAJ,TRUE
S-1371[42],JODHPURI COAT S-1371 [42],rent,JODHPURI COAT,1,,,,MULTI,42,3,available,,,KINGKHAB,TRUE
S-1372[36],JODHPURI COAT S-1372 [36],rent,JODHPURI COAT,1,,,,GULABI,36,3,available,,,PRINT VADU,TRUE
S-1373[42],JODHPURI COAT S-1373 [42],rent,JODHPURI COAT,1,,,,,42,3,available,,,MONOPOLI,TRUE
S-1374[42],JODHPURI COAT S-1374 [42],rent,JODHPURI COAT,1,,,,,42,3,available,,,ANIMAL HATHI MOR,TRUE
S-1375[32],JODHPURI COAT S-1375 [32],rent,JODHPURI COAT,1,,,,NEVI BLUE,32,3,available,,,WORK VADU,TRUE
S-1376[44],JODHPURI COAT S-1376 [44],rent,JODHPURI COAT,1,,,,WHITE,44,3,available,,,ANIMAL HATHI MOR,TRUE
S-1377[42],JODHPURI COAT S-1377 [42],rent,JODHPURI COAT,1,,,,WHITE,42,3,available,,,SURYA SIMBOL,TRUE
S-1378[36],JODHPURI COAT S-1378 [36],rent,JODHPURI COAT,1,,,,GREEN,36,3,available,,,MULTI PRINT,TRUE
S-1379[42],JODHPURI COAT S-1379 [42],rent,JODHPURI COAT,1,,,,RAMA,42,3,available,,,MULTI PRINT,TRUE
S-1380[44],JODHPURI COAT S-1380 [44],rent,JODHPURI COAT,1,,,,,44,3,available,,,ANIMAL HATHI MOR,TRUE
S-1381[36],JODHPURI COAT S-1381 [36],rent,JODHPURI COAT,1,,,,WHITE,36,3,available,,,ANIMAL GHODA HARAN,TRUE
S-1382[36],JODHPURI COAT S-1382 [36],rent,JODHPURI COAT,1,,,,BLUE,36,3,available,,,VELVET DAMAN WORK,TRUE
S-1383[40],JODHPURI COAT S-1383 [40],rent,JODHPURI COAT,1,,,,WHITE,40,3,available,,,SIMBOL NEW,TRUE
S-1384[38],JODHPURI COAT S-1384 [38],rent,JODHPURI COAT,1,,,,PISHTA,38,3,available,,,ANIMAL GHODA HARAN,TRUE
S-1385[42],JODHPURI COAT S-1385 [42],rent,JODHPURI COAT,1,,,,GULABI,42,3,available,,,MULTI RUTURAJ ,TRUE
S-1386[34],JODHPURI COAT S-1386 [34],rent,JODHPURI COAT,1,,,,RINGANI,34,3,available,,,FULL VEL PRINT TIKI WORK,TRUE
S-1387[34],JODHPURI COAT S-1387 [34],rent,JODHPURI COAT,1,,,,,34,3,available,,,ANIMAL PRINTED,TRUE
S-1388[50],JODHPURI COAT S-1388 [50],rent,JODHPURI COAT,1,,,,PISHTA,50,3,available,,,SURYA SIMBOL,TRUE
S-1389[42],JODHPURI COAT S-1389 [42],rent,JODHPURI COAT,1,,,,GULABI,42,3,available,,,VELVET RAA LOGO,TRUE
S-1390[38],JODHPURI COAT S-1390 [38],rent,JODHPURI COAT,1,,,,WHITE,38,3,available,,,HATHI VADU,TRUE
S-1391[36],JODHPURI COAT S-1391 [36],rent,JODHPURI COAT,1,,,,MULTI,36,3,available,,,MONOPOLI,TRUE
S-1392[38],JODHPURI COAT S-1392 [38],rent,JODHPURI COAT,1,,,,GREEN,38,3,available,,,GHAR DESIGN GOLDEN PRINT ,TRUE
S-1393[36],JODHPURI COAT S-1393 [36],rent,JODHPURI COAT,1,,,,PICH,36,3,available,,,KOTI PATERN MULTI,TRUE
S-1394[36],JODHPURI COAT S-1394 [36],rent,JODHPURI COAT,1,,,,WHITE,36,3,available,,,SURYA SIMBOL,TRUE
S-1395[34],JODHPURI COAT S-1395 [34],rent,JODHPURI COAT,1,,,,GREEN,34,3,available,,,FLOWER PRINT MARUN TUCHUP,TRUE
S-1396[36],JODHPURI COAT S-1396 [36],rent,JODHPURI COAT,1,,,,JYUT,36,3,available,,,HATHI VADU,TRUE
S-1397[34],JODHPURI COAT S-1397 [34],rent,JODHPURI COAT,1,,,,JYUT,34,3,available,,,SINH VADU,TRUE
S-1398[34],JODHPURI COAT S-1398 [34],rent,JODHPURI COAT,1,,,,FALSA,34,3,available,,,AMRODARI SINH WORK NICHE PATTA,TRUE
S-1399[38],JODHPURI COAT S-1399 [38],rent,JODHPURI COAT,1,,,,JYUT,38,3,available,,,GHODA VADU,TRUE
S-1400[34],JODHPURI COAT S-1400 [34],rent,JODHPURI COAT,1,,,,PICH,34,3,available,,,PRINTED MOR+UT MOTA CHEX,TRUE
S-1401[36],JODHPURI COAT S-1401 [36],rent,JODHPURI COAT,1,,,,PICH,36,3,available,,,ANIMAL PRINT MOR UT,TRUE
S-1402[34],JODHPURI COAT S-1402 [34],rent,JODHPURI COAT,1,,,,GREEN,34,3,available,,,PRINTED BUTTA VADU,TRUE
S-1403[34],JODHPURI COAT S-1403 [34],rent,JODHPURI COAT,1,,,,KHAKHI,34,3,available,,,VELVET RAA LOGO,TRUE
S-1404[40],JODHPURI COAT S-1404 [40],rent,JODHPURI COAT,1,,,,GULABI,40,3,available,,,VELVET RAA LOGO,TRUE
S-1405[34],JODHPURI COAT S-1405 [34],rent,JODHPURI COAT,1,,,,,34,3,available,,,MONOPOLI,TRUE
S-1406[38],JODHPURI COAT S-1406 [38],rent,JODHPURI COAT,1,,,,PISHTA,38,3,available,,,ANIMAL GHODA HARAN,TRUE
S-1407,JODHPURI COAT S-1407 [],rent,JODHPURI COAT,1,,,,OF WHITE,,3,available,,,VELVET MULTI MOTA FULL DAMAN WORK,TRUE
S-1408[34],JODHPURI COAT S-1408 [34],rent,JODHPURI COAT,1,,,,OF WHITE,34,3,available,,,MULTI MOTA FULL DAMAN WORK,TRUE
S-1409[38],JODHPURI COAT S-1409 [38],rent,JODHPURI COAT,1,,,,GULABI,38,3,available,,,HATHI HAND WORK,TRUE
S-1410[38],JODHPURI COAT S-1410 [38],rent,JODHPURI COAT,1,,,,RAMA,38,3,available,,,RAJA RANI PRINT,TRUE
S-1411[40],JODHPURI COAT S-1411 [40],rent,JODHPURI COAT,1,,,,BLUE,40,3,available,,,RAJA RANI PRINT,TRUE
S-1412[38],JODHPURI COAT S-1412 [38],rent,JODHPURI COAT,1,,,,NEVI BLUE,38,3,available,,,BAY GALE WORK KHBHE SINH,TRUE
S-1413[36],JODHPURI COAT S-1413 [36],rent,JODHPURI COAT,1,,,,DARK GULABI,36,3,available,,,HATHI UT PRINT,TRUE
S-1414[34],JODHPURI COAT S-1414 [34],rent,JODHPURI COAT,1,,,,JYUT,34,3,available,,,SING VADU,TRUE
S-1415[34],JODHPURI COAT S-1415 [34],rent,JODHPURI COAT,1,,,,NEVI BLUE,34,3,available,,,BAY GALE WORK KHBHE SINH,TRUE
S-1416[34],JODHPURI COAT S-1416 [34],rent,JODHPURI COAT,1,,,,PICH,34,3,available,,,MULTI FULLDANI HATHI HARAN,TRUE
S-1417[36],JODHPURI COAT S-1417 [36],rent,JODHPURI COAT,1,,,,GULABI,36,3,available,,,VELVET HATHI WORK,TRUE
S-1418[36],JODHPURI COAT S-1418 [36],rent,JODHPURI COAT,1,,,,BLUE,36,3,available,,,AMRODARI HARAN,TRUE
S-1419[40],JODHPURI COAT S-1419 [40],rent,JODHPURI COAT,1,,,,CRIME,40,3,available,,,JYUT SINH VADU,TRUE
S-1420[38],JODHPURI COAT S-1420 [38],rent,JODHPURI COAT,1,,,,CRIME,38,3,available,,,JYUT GHODA VADU,TRUE
S-1421[36],JODHPURI COAT S-1421 [36],rent,JODHPURI COAT,1,,,,CRIME,36,3,available,,,JYUT SINH VADU,TRUE
S-1422[38],JODHPURI COAT S-1422 [38],rent,JODHPURI COAT,1,,,,BLACK ,38,3,available,,,AMRODAR SINH VADU,TRUE
S-1423[40],JODHPURI COAT S-1423 [40],rent,JODHPURI COAT,1,,,,CRIME,40,3,available,,,JYUT SINH VADU,TRUE
S-1424[38],JODHPURI COAT S-1424 [38],rent,JODHPURI COAT,1,,,,CRIME,38,3,available,,,JYUT SINH VADU,TRUE
S-1425[36],JODHPURI COAT S-1425 [36],rent,JODHPURI COAT,1,,,,CRIME,36,3,available,,,VELVET LOGO VADU NEW,TRUE
S-1426[42],JODHPURI COAT S-1426 [42],rent,JODHPURI COAT,1,,,,CRIME,42,3,available,,,VELVET RAA LOGO,TRUE
S-1427[36],JODHPURI COAT S-1427 [36],rent,JODHPURI COAT,1,,,,FALSA,36,3,available,,,VELVET DAMAN WORK,TRUE
S-1428[40],JODHPURI COAT S-1428 [40],rent,JODHPURI COAT,1,,,,CRIME,40,3,available,,,VELVET RAA LOGO,TRUE
S-1429[38],JODHPURI COAT S-1429 [38],rent,JODHPURI COAT,1,,,,CRIME,38,3,available,,,VELVET RAA LOGO,TRUE
S-1430[36],JODHPURI COAT S-1430 [36],rent,JODHPURI COAT,1,,,,MARUN,36,3,available,,,VELVET AMRODRI WORK BAYE BUTA STAT DESIGN,TRUE
S-1431[36],JODHPURI COAT S-1431 [36],rent,JODHPURI COAT,1,,,,LIGHT PINK,36,3,available,,,KERI FULL PRINT NEW,TRUE
S-1432[34],JODHPURI COAT S-1432 [34],rent,JODHPURI COAT,1,,,,BLUE,34,3,available,,,MULTI RAJA RANI,TRUE
S-1433[36],JODHPURI COAT S-1433 [36],rent,JODHPURI COAT,1,,,,CRIME,36,3,available,,,JYUT HARAN VADU,TRUE
S-1434[40],JODHPURI COAT S-1434 [40],rent,JODHPURI COAT,1,,,,CRIME,40,3,available,,,JYUT GHODA VADU,TRUE
S-1435[38],JODHPURI COAT S-1435 [38],rent,JODHPURI COAT,1,,,,GULABI,38,3,available,,,HATHI WORK,TRUE
S-1436[36],JODHPURI COAT S-1436 [36],rent,JODHPURI COAT,1,,,,BLUE,36,3,available,,,GALE KHBHE WORK,TRUE
S-1437,JODHPURI COAT S-1437 ,rent,JODHPURI COAT,1,,,,,,3,available,,,,TRUE
S-1438[38],JODHPURI COAT S-1438 [38],rent,JODHPURI COAT,1,,,,WHITE,38,3,available,,,ANIMAL RAJA RANI HATHI MOR,TRUE
S-1439[36],JODHPURI COAT S-1439 [36],rent,JODHPURI COAT,1,,,,COFI,36,3,available,,,AMRODARI WORK GALE KHBHE SINH,TRUE
S-1440[44],JODHPURI COAT S-1440 [44],rent,JODHPURI COAT,1,,,,GULABI,44,3,available,,,FLOWER PRINT,TRUE
S-1441[36],JODHPURI COAT S-1441 [36],rent,JODHPURI COAT,1,,,,SKY,36,3,available,,,HATHI MULTI FULDANI,TRUE
S-1442[42],JODHPURI COAT S-1442 [42],rent,JODHPURI COAT,1,,,,BLUE,42,3,available,,,VELVET HATHI HAND WORK,TRUE
S-1443[38],JODHPURI COAT S-1443 [38],rent,JODHPURI COAT,1,,,,MARUN,38,3,available,,,VELVET HATHI HAND WORK,TRUE
S-1444[36],JODHPURI COAT S-1444 [36],rent,JODHPURI COAT,1,,,,BLUE,36,3,available,,,VELVET SIMBOL,TRUE
S-1445[42],JODHPURI COAT S-1445 [42],rent,JODHPURI COAT,1,,,,LIGHT PINK,42,3,available,,,MOR KERI PRINT ,TRUE
S-1446[34],JODHPURI COAT S-1446 [34],rent,JODHPURI COAT,1,,,,JAMBALI,34,3,available,,,SINH MOR LOGO,TRUE
S-1447[38],JODHPURI COAT S-1447 [38],rent,JODHPURI COAT,1,,,,LIGHT PINK,38,3,available,,,KERI MOR MULTI CHEX,TRUE
S-1448[40],JODHPURI COAT S-1448 [40],rent,JODHPURI COAT,1,,,,JAMBALI,40,3,available,,,HATHI MOR MULTI COLOR,TRUE
S-1449[38],JODHPURI COAT S-1449 [38],rent,JODHPURI COAT,1,,,,CRIME,38,3,available,,,JYUT SINH VADU,TRUE
S-1450[34],JODHPURI COAT S-1450 [34],rent,JODHPURI COAT,1,,,,CRIME,34,3,available,,,VELVET RAA LOGO,TRUE
S-1451[34],JODHPURI COAT S-1451 [34],rent,JODHPURI COAT,1,,,,WHITE,34,3,available,,,MULTI MOTA FLOWER WORK,TRUE
S-1452[34],JODHPURI COAT S-1452 [34],rent,JODHPURI COAT,1,,,,GREEN,34,3,available,,,GOLDEN PRINT MOTA,TRUE
S-1453[40],JODHPURI COAT S-1453 [40],rent,JODHPURI COAT,1,,,,KHAKHI,40,3,available,,,VELVET NEW,TRUE
S-1454[34],JODHPURI COAT S-1454 [34],rent,JODHPURI COAT,1,,,,,34,3,available,,,JO COAT,TRUE
S-1455[34],JODHPURI COAT S-1455 [34],rent,JODHPURI COAT,1,,,,JAMBALI,34,3,available,,,ANIMAL HATHI MOR PRINT,TRUE
S-1456[36],JODHPURI COAT S-1456 [36],rent,JODHPURI COAT,1,,,,PISHTA,36,3,available,,,MULTI FLOWER PRINT,TRUE
S-1457[38],JODHPURI COAT S-1457 [38],rent,JODHPURI COAT,1,,,,PICH,38,3,available,,,MULTI NANI PRINT,TRUE
S-1458[40],JODHPURI COAT S-1458 [40],rent,JODHPURI COAT,1,,,,PICH,40,3,available,,,MULTI JANI PRINT,TRUE
S-1459[34],JODHPURI COAT S-1459 [34],rent,JODHPURI COAT,1,,,,WHITE,34,3,available,,,HATHI WORK,TRUE
S-1460[34],JODHPURI COAT S-1460 [34],rent,JODHPURI COAT,1,,,,BLUE,34,3,available,,,GHODA SIMBOL GALE WORK,TRUE
S-1461[34],JODHPURI COAT S-1461 [34],rent,JODHPURI COAT,1,,,,PISHTA,34,3,available,,,FLOWER PRINT NEW,TRUE
S-1462[40],JODHPURI COAT S-1462 [40],rent,JODHPURI COAT,1,,,,LIGHT PINK,40,3,available,,,KERI MOR PRINT,TRUE
S-1463[34],JODHPURI COAT S-1463 [34],rent,JODHPURI COAT,1,,,,MARUN,34,3,available,,,VELVET GHODA VADU,TRUE
S-1464[36],JODHPURI COAT S-1464 [36],rent,JODHPURI COAT,1,,,,JAMBALI,36,3,available,,,HATHI PRINT,TRUE
S-1465[34],JODHPURI COAT S-1465 [34],rent,JODHPURI COAT,1,,,,GULABI,34,3,available,,,MOR VEL PRINT,TRUE
S-1466[36],JODHPURI COAT S-1466 [36],rent,JODHPURI COAT,1,,,,MARUN,36,3,available,,,VELVET ANGRAKHA PATERN WORK,TRUE
S-1467[38],JODHPURI COAT S-1467 [38],rent,JODHPURI COAT,1,,,,GREEN,38,3,available,,,MULTI FLOWER AMRODARI WORK,TRUE
S-1468[40],JODHPURI COAT S-1468 [40],rent,JODHPURI COAT,1,,,,SKY,40,3,available,,,MULTI PRINTED,TRUE
S-1469[36],JODHPURI COAT S-1469 [36],rent,JODHPURI COAT,1,,,,VAIN ,36,3,available,,,VELVET HATHI WORK,TRUE
S-1470[36],JODHPURI COAT S-1470 [36],rent,JODHPURI COAT,1,,,,GREEN,36,3,available,,,MOTA CHOKDA,TRUE
S-1471[40],JODHPURI COAT S-1471 [40],rent,JODHPURI COAT,1,,,,BLUE,40,3,available,,,VELVET MULTI JINI DESIGN,TRUE
S-1472[40],JODHPURI COAT S-1472 [40],rent,JODHPURI COAT,1,,,,CRIME,40,3,available,,,JYUT SINH VADU,TRUE
S-1473[36],JODHPURI COAT S-1473 [36],rent,JODHPURI COAT,1,,,,WHITE,36,3,available,,,RAA SIMBOL GALE WORK,TRUE
S-1474[36],JODHPURI COAT S-1474 [36],rent,JODHPURI COAT,1,,,,PISHTA,36,3,available,,,PRINTED NEW,TRUE
S-1475[42],JODHPURI COAT S-1475 [42],rent,JODHPURI COAT,1,,,,GULABI,42,3,available,,,MOR KERI PRINT ,TRUE
S-1476[36],JODHPURI COAT S-1476 [36],rent,JODHPURI COAT,1,,,,MARUN,36,3,available,,,VELVET GHODA VADU,TRUE
S-1477[34],JODHPURI COAT S-1477 [34],rent,JODHPURI COAT,1,,,,CRIME,34,3,available,,,JYUT SINH VADU,TRUE
S-1478[38],JODHPURI COAT S-1478 [38],rent,JODHPURI COAT,1,,,,CRIME,38,3,available,,,JYUT SINH VADU,TRUE
S-1479[36],JODHPURI COAT S-1479 [36],rent,JODHPURI COAT,1,,,,MULTI,36,3,available,,,WHITE GREEN WORK NICHE HATHI,TRUE
S-1480[34],JODHPURI COAT S-1480 [34],rent,JODHPURI COAT,1,,,,CRIME,34,3,available,,,JYUT GHODA VADU,TRUE
S-1481[34],JODHPURI COAT S-1481 [34],rent,JODHPURI COAT,1,,,,CRIME,34,3,available,,,JYUT SINH VADU,TRUE
S-1482[40],JODHPURI COAT S-1482 [40],rent,JODHPURI COAT,1,,,,RAMA,40,3,available,,,MULTI JINI CHEX PRINT,TRUE
S-1483[32],JODHPURI COAT S-1483 [32],rent,JODHPURI COAT,1,,,,MARUN,32,3,available,,,MULTI PRINTED,TRUE
S-1484[36],JODHPURI COAT S-1484 [36],rent,JODHPURI COAT,1,,,,KHAKHI,36,3,available,,,VELVET RAA LOGO,TRUE
S-1485[36],JODHPURI COAT S-1485 [36],rent,JODHPURI COAT,1,,,,GREEN,36,3,available,,,RANI WORK,TRUE
S-1486[40],JODHPURI COAT S-1486 [40],rent,JODHPURI COAT,1,,,,BLUE,40,3,available,,,MULTI FULL WORK,TRUE
S-1487[34],JODHPURI COAT S-1487 [34],rent,JODHPURI COAT,1,,,,CRIME,34,3,available,,,JYUT SINH VADU,TRUE
S-1488[42],JODHPURI COAT S-1488 [42],rent,JODHPURI COAT,1,,,,PISHTA,42,3,available,,,ANIMAL GHODA HARAN,TRUE
S-1489[40],JODHPURI COAT S-1489 [40],rent,JODHPURI COAT,1,,,,CRIME,40,3,available,,,JYUT GHODA VADU,TRUE
S-1490[36],JODHPURI COAT S-1490 [36],rent,JODHPURI COAT,1,,,,MULTI,36,3,available,,,VELVET CHOKDA WORK,TRUE
S-1491[34],JODHPURI COAT S-1491 [34],rent,JODHPURI COAT,1,,,,COFI,34,3,available,,,GHODA VADU,TRUE
S-1492[36],JODHPURI COAT S-1492 [36],rent,JODHPURI COAT,1,,,,CRIME,36,3,available,,,JYUT GHODA VADU,TRUE
S-1493[36],JODHPURI COAT S-1493 [36],rent,JODHPURI COAT,1,,,,COFI,36,3,available,,,VELVET GHODA VADU,TRUE
S-1494[36],JODHPURI COAT S-1494 [36],rent,JODHPURI COAT,1,,,,CRIME,36,3,available,,,JYUT SINH VADU,TRUE
S-1495[38],JODHPURI COAT S-1495 [38],rent,JODHPURI COAT,1,,,,CRIME,38,3,available,,,JYUT GHODA VADU,TRUE
S-1496[40],JODHPURI COAT S-1496 [40],rent,JODHPURI COAT,1,,,,CRIME,40,3,available,,,JYUT HATHI VADU,TRUE
S-1497[38],JODHPURI COAT S-1497 [38],rent,JODHPURI COAT,1,,,,CRIME,38,3,available,,,JYUT HARAN VADU,TRUE
S-1498[38],JODHPURI COAT S-1498 [38],rent,JODHPURI COAT,1,,,,BISKIT,38,3,available,,,SURYA SIMBOL,TRUE
S-1499[40],JODHPURI COAT S-1499 [40],rent,JODHPURI COAT,1,,,,BISKIT,40,3,available,,,GHODA VADU,TRUE
S-1500[34],JODHPURI COAT S-1500 [34],rent,JODHPURI COAT,1,,,,,34,3,available,,,,TRUE
S-1501[38],JODHPURI COAT S-1501 [38],rent,JODHPURI COAT,1,,,,GULABI,38,3,available,,,VELVET STUTE GOLO,TRUE
S-1502[38],JODHPURI COAT S-1502 [38],rent,JODHPURI COAT,1,,,,KHAKHI,38,3,available,,,VELVET GHODA VADU,TRUE
S-1503[36],JODHPURI COAT S-1503 [36],rent,JODHPURI COAT,1,,,,VAIN ,36,3,available,,,VELVET HATHI VEL ,TRUE
S-1504[36],JODHPURI COAT S-1504 [36],rent,JODHPURI COAT,1,,,,JAMBALI,36,3,available,,,VELVET SURYA SIMBOL,TRUE
S-1505[40],JODHPURI COAT S-1505 [40],rent,JODHPURI COAT,1,,,,MARUN,40,3,available,,,VELVET KHBHE SURYA SIMBOL,TRUE
S-1506[34],JODHPURI COAT S-1506 [34],rent,JODHPURI COAT,1,,,,BLUE,34,3,available,,,RAA LOGO  ,TRUE
S-1507[36],JODHPURI COAT S-1507 [36],rent,JODHPURI COAT,1,,,,BAJERIYA,36,3,available,,,SURYA SIMBOL,TRUE
S-1508[38],JODHPURI COAT S-1508 [38],rent,JODHPURI COAT,1,,,,OF WHITE,38,3,available,,,ANIMAL MOR HARAN,TRUE
S-1509[38],JODHPURI COAT S-1509 [38],rent,JODHPURI COAT,1,,,,RAMA,38,3,available,,,GULABI FULL VEL PRINT,TRUE
S-1510[38],JODHPURI COAT S-1510 [38],rent,JODHPURI COAT,1,,,,MARUN,38,3,available,,,VELVET BAYE SURYA VADU,TRUE
S-1511[36],JODHPURI COAT S-1511 [36],rent,JODHPURI COAT,1,,,,WHITE,36,3,available,,,HARAN MOR VAGH KABUTAR,TRUE
S-1512[34],JODHPURI COAT S-1512 [34],rent,JODHPURI COAT,1,,,,MARUN,34,3,available,,,VELVET KHBHE SURYA SIMBOL,TRUE
S-1513[34],JODHPURI COAT S-1513 [34],rent,JODHPURI COAT,1,,,,BLUE,34,3,available,,,VELVET MULTI NEW PRINT,TRUE
S-1514[34],JODHPURI COAT S-1514 [34],rent,JODHPURI COAT,1,,,,JAMBALI,34,3,available,,,VELVET SURYA SIMBOL,TRUE
S-1515[38],JODHPURI COAT S-1515 [38],rent,JODHPURI COAT,1,,,,PISHTA,38,3,available,,,SURYA SIMBOL,TRUE
S-1516[38],JODHPURI COAT S-1516 [38],rent,JODHPURI COAT,1,,,,BLUE,38,3,available,,,PRINTED  ,TRUE
S-1517[36],JODHPURI COAT S-1517 [36],rent,JODHPURI COAT,1,,,,MARUN,36,3,available,,,VELVET SURYA SIMBOL,TRUE
S-1518[38],JODHPURI COAT S-1518 [38],rent,JODHPURI COAT,1,,,,BLUE,38,3,available,,,NEW CHOKDA,TRUE
S-1519[40],JODHPURI COAT S-1519 [40],rent,JODHPURI COAT,1,,,,RINGANI,40,3,available,,,VELVET BAYE SURYA VADU,TRUE
S-1520[40],JODHPURI COAT S-1520 [40],rent,JODHPURI COAT,1,,,,BLUE,40,3,available,,,VELVET MOR MULTI,TRUE
S-1521[38],JODHPURI COAT S-1521 [38],rent,JODHPURI COAT,1,,,,WHITE,38,3,available,,,MOR VADU MULTI,TRUE
S-1522[34],JODHPURI COAT S-1522 [34],rent,JODHPURI COAT,1,,,,BLUE,34,3,available,,,MULTI RAJA RANI ,TRUE
S-1523[38],JODHPURI COAT S-1523 [38],rent,JODHPURI COAT,1,,,,GULABI,38,3,available,,,SINH TALVAR SIMBOL,TRUE
S-1524[38],JODHPURI COAT S-1524 [38],rent,JODHPURI COAT,1,,,,BLUE,38,3,available,,,PRINTED NEW,TRUE
S-1525[34],JODHPURI COAT S-1525 [34],rent,JODHPURI COAT,1,,,,,34,3,available,,,MONOPOLI DESIGN BAY PR HARAN,TRUE
S-1526[42],JODHPURI COAT S-1526 [42],rent,JODHPURI COAT,1,,,,BLUE,42,3,available,,,MULTI BOX,TRUE
S-1527[34],JODHPURI COAT S-1527 [34],rent,JODHPURI COAT,1,,,,DARK GREY,34,3,available,,,MULTI HATHI+NARIYEL ,TRUE
S-1528[38],JODHPURI COAT S-1528 [38],rent,JODHPURI COAT,1,,,,BLUE,38,3,available,,,NEW MOR VADU,TRUE
S-1529[34],JODHPURI COAT S-1529 [34],rent,JODHPURI COAT,1,,,,LIGHT GREY,34,3,available,,,MULTI HATHI+NARIYEL ,TRUE
S-1530[36],JODHPURI COAT S-1530 [36],rent,JODHPURI COAT,1,,,,BLUE,36,3,available,,,GREY RAJA RANI WORK,TRUE
S-1531[34],JODHPURI COAT S-1531 [34],rent,JODHPURI COAT,1,,,,PICH,34,3,available,,,HATHI HARAN,TRUE
S-1532[34],JODHPURI COAT S-1532 [34],rent,JODHPURI COAT,1,,,,CRIME,34,3,available,,,JYUT GHODA VADU,TRUE
S-1533[36],JODHPURI COAT S-1533 [36],rent,JODHPURI COAT,1,,,,OF WHITE,36,3,available,,,MOR VADU  ,TRUE
S-1534[36],JODHPURI COAT S-1534 [36],rent,JODHPURI COAT,1,,,,COFI,36,3,available,,,VELVET RAA LOGO,TRUE
S-1535[36],JODHPURI COAT S-1535 [36],rent,JODHPURI COAT,1,,,,KHAKHI,36,3,available,,,NEW SURYA SIMBOL,TRUE
S-1536[42],JODHPURI COAT S-1536 [42],rent,JODHPURI COAT,1,,,,COFI,42,3,available,,,NEW SURYA SIMBOL,TRUE
S-1537[34],JODHPURI COAT S-1537 [34],rent,JODHPURI COAT,1,,,,BLUE,34,3,available,,,PRINTED,TRUE
S-1538[34],JODHPURI COAT S-1538 [34],rent,JODHPURI COAT,1,,,,RED,34,3,available,,,VELVET MOR SIMBOL,TRUE
S-1539[34],JODHPURI COAT S-1539 [34],rent,JODHPURI COAT,1,,,,GREEN,34,3,available,,,PINK FUL PRINT,TRUE
S-1540[34],JODHPURI COAT S-1540 [34],rent,JODHPURI COAT,1,,,,NEVI BLUE,34,3,available,,,MULTI PRINTED RAD FULL,TRUE
S-1541[36],JODHPURI COAT S-1541 [36],rent,JODHPURI COAT,1,,,,RINGANI,36,3,available,,,JARDOSI WORK HATHI,TRUE
S-1542[40],JODHPURI COAT S-1542 [40],rent,JODHPURI COAT,1,,,,CRIME,40,3,available,,,JYUT GHODA VADU,TRUE
S-1543[38],JODHPURI COAT S-1543 [38],rent,JODHPURI COAT,1,,,,KHAKHI,38,3,available,,,VELVET HATHI VADU,TRUE
S-1544[42],JODHPURI COAT S-1544 [42],rent,JODHPURI COAT,1,,,,WHITE,42,3,available,,,BHARVADI,TRUE
S-1545[44],JODHPURI COAT S-1545 [44],rent,JODHPURI COAT,1,,,,WHITE,44,3,available,,,SINH TALVAR SIMBOL,TRUE
S-1546[42],JODHPURI COAT S-1546 [42],rent,JODHPURI COAT,1,,,,CRIME,42,3,available,,,JYUT SINH VADU,TRUE
S-1547[38],JODHPURI COAT S-1547 [38],rent,JODHPURI COAT,1,,,,MARUN,38,3,available,,,VELVET BAYE SURYA VADU,TRUE
S-1548[34],JODHPURI COAT S-1548 [34],rent,JODHPURI COAT,1,,,,BLUE,34,3,available,,,NEW HATHI WORK,TRUE
S-1549[38],JODHPURI COAT S-1549 [38],rent,JODHPURI COAT,1,,,,RINGANI,38,3,available,,,VELVET KHBHE SURYA SIMBOL,TRUE
S-1550[38],JODHPURI COAT S-1550 [38],rent,JODHPURI COAT,1,,,,LAVANDER,38,3,available,,,VELVET SURYA SIMBOL,TRUE
S-1551[38],JODHPURI COAT S-1551 [38],rent,JODHPURI COAT,1,,,,ONIAN ,38,3,available,,,HATHI HAND WORK,TRUE
S-1552[46],JODHPURI COAT S-1552 [46],rent,JODHPURI COAT,1,,,,BLUE,46,3,available,,,VELVET HATHI WORK,TRUE
S-1553[34],JODHPURI COAT S-1553 [34],rent,JODHPURI COAT,1,,,,LIGHT PINK,34,3,available,,,NEW RUTURAJ PRINT,TRUE
S-1554[38],JODHPURI COAT S-1554 [38],rent,JODHPURI COAT,1,,,,PORPULE,38,3,available,,,VELVET RAA LOGO,TRUE
S-1555[44],JODHPURI COAT S-1555 [44],rent,JODHPURI COAT,1,,,,BLUE,44,3,available,,,SINH TALVAR SIMBOL,TRUE
S-1556[38],JODHPURI COAT S-1556 [38],rent,JODHPURI COAT,1,,,,,38,3,available,,,NEW MONOPOLI WORK ,TRUE
S-1557[38],JODHPURI COAT S-1557 [38],rent,JODHPURI COAT,1,,,,LAVANDER,38,3,available,,,VELVET GHODA VADU,TRUE
S-1558[38],JODHPURI COAT S-1558 [38],rent,JODHPURI COAT,1,,,,RINGANI,38,3,available,,,VELVET BAYE SURYA VADU,TRUE
S-1559[34],JODHPURI COAT S-1559 [34],rent,JODHPURI COAT,1,,,,KHAKHI,34,3,available,,,VELVET HATHI VADU,TRUE
S-1560[34],JODHPURI COAT S-1560 [34],rent,JODHPURI COAT,1,,,,PICH,34,3,available,,,VELVET GHODA VADU,TRUE
S-1561[38],JODHPURI COAT S-1561 [38],rent,JODHPURI COAT,1,,,,COFI,38,3,available,,,RAA LOGO,TRUE
S-1562[32],JODHPURI COAT S-1562 [32],rent,JODHPURI COAT,1,,,,PISHTA,32,3,available,,,SINH SIMBOL,TRUE
S-1563[38],JODHPURI COAT S-1563 [38],rent,JODHPURI COAT,1,,,,GULABI,38,3,available,,,VELVET HATHI BAY GALE WORK,TRUE
S-1564[42],JODHPURI COAT S-1564 [42],rent,JODHPURI COAT,1,,,,COFI,42,3,available,,,VELVET SURYA SIMBOL,TRUE
S-1565[38],JODHPURI COAT S-1565 [38],rent,JODHPURI COAT,1,,,,BLUE,38,3,available,,,HATHI HAND WORK,TRUE
S-1566[40],JODHPURI COAT S-1566 [40],rent,JODHPURI COAT,1,,,,PISHTA,40,3,available,,,SURYA SIMBOL,TRUE
S-1567[36],JODHPURI COAT S-1567 [36],rent,JODHPURI COAT,1,,,,SKY,36,3,available,,,VELVET HATHI HAND WORK,TRUE
S-1568[34],JODHPURI COAT S-1568 [34],rent,JODHPURI COAT,1,,,,COFI,34,3,available,,,VELVET RAA LOGO,TRUE
S-1569[38],JODHPURI COAT S-1569 [38],rent,JODHPURI COAT,1,,,,OF WHITE,38,3,available,,,MOR VADU,TRUE
S-1570[34],JODHPURI COAT S-1570 [34],rent,JODHPURI COAT,1,,,,PICH,34,3,available,,,ADDHAMA DESIGN VADU,TRUE
S-1571[32],JODHPURI COAT S-1571 [32],rent,JODHPURI COAT,1,,,,GREEN,32,3,available,,,GOLDEN PRINT  ,TRUE
S-1572[34],JODHPURI COAT S-1572 [34],rent,JODHPURI COAT,1,,,,BLUE,34,3,available,,,MULTI FLOWER PRINT,TRUE
S-1573[36],JODHPURI COAT S-1573 [36],rent,JODHPURI COAT,1,,,,BLUE,36,3,available,,,AMRODARI HATHI GALE WORK,TRUE
S-1574[36],JODHPURI COAT S-1574 [36],rent,JODHPURI COAT,1,,,,RINGANI,36,3,available,,,VELVET KHBHE SURYA SIMBOL,TRUE
S-1575[40],JODHPURI COAT S-1575 [40],rent,JODHPURI COAT,1,,,,KHAKHI,40,3,available,,,VELVET HATHI MASHIN WORK,TRUE
S-1576[36],JODHPURI COAT S-1576 [36],rent,JODHPURI COAT,1,,,,SKY,36,3,available,,,GHODA VADU GALE WORK,TRUE
S-1577[40],JODHPURI COAT S-1577 [40],rent,JODHPURI COAT,1,,,,KHAKHI,40,3,available,,,VELVET SURYA SIMBOL,TRUE
S-1578[36],JODHPURI COAT S-1578 [36],rent,JODHPURI COAT,1,,,,KHAKHI,36,3,available,,,VELVET SURYA SIMBOL,TRUE
S-1579[36],JODHPURI COAT S-1579 [36],rent,JODHPURI COAT,1,,,,KHAKHI,36,3,available,,,VELVET SURYA SIMBOL,TRUE
S-1580[36],JODHPURI COAT S-1580 [36],rent,JODHPURI COAT,1,,,,PICH,36,3,available,,,PINTED,TRUE
S-1581[38],JODHPURI COAT S-1581 [38],rent,JODHPURI COAT,1,,,,COFI,38,3,available,,,SURYA SIMBOL,TRUE
S-1582[40],JODHPURI COAT S-1582 [40],rent,JODHPURI COAT,1,,,,CRIME,40,3,available,,,JYUT GHODA VADU,TRUE
S-1583,JODHPURI COAT S-1583 ,rent,JODHPURI COAT,1,,,,,,3,available,,,,TRUE
S-1584[40],JODHPURI COAT S-1584 [40],rent,JODHPURI COAT,1,,,,COFI,40,3,available,,,VELVET GHODA VADU,TRUE
S-1585[36],JODHPURI COAT S-1585 [36],rent,JODHPURI COAT,1,,,,BLUE,36,3,available,,,MULTI BOX ,TRUE
S-1586[34],JODHPURI COAT S-1586 [34],rent,JODHPURI COAT,1,,,,GULABI,34,3,available,,,VELVET LOGO VADU  ,TRUE
S-1587[34],JODHPURI COAT S-1587 [34],rent,JODHPURI COAT,1,,,,GULABI,34,3,available,,,NEW PRINTED,TRUE
S-1588[34],JODHPURI COAT S-1588 [34],rent,JODHPURI COAT,1,,,,GULABI,34,3,available,,,VELVET HATHI HAND WORK,TRUE
S-1589[48],JODHPURI COAT S-1589 [48],rent,JODHPURI COAT,1,,,,BAJERIYA,48,3,available,,,SURYA SIMBOL,TRUE
S-1590[40],JODHPURI COAT S-1590 [40],rent,JODHPURI COAT,1,,,,COFI,40,3,available,,,VELVET RAA LOGO,TRUE
S-1591[40],JODHPURI COAT S-1591 [40],rent,JODHPURI COAT,1,,,,MARUN,40,3,available,,,VELVET RAA SIMBOL GALE WORK,TRUE
S-1592[34],JODHPURI COAT S-1592 [34],rent,JODHPURI COAT,1,,,,RINGANI,34,3,available,,,FALSA HAND WORK HATHI,TRUE
S-1593[40],JODHPURI COAT S-1593 [40],rent,JODHPURI COAT,1,,,,GULABI,40,3,available,,,SINH TALVAR SIMBOL,TRUE
S-1594[40],JODHPURI COAT S-1594 [40],rent,JODHPURI COAT,1,,,,LAVANDER,40,3,available,,,VELVET RAA LOGO,TRUE
S-1595[34],JODHPURI COAT S-1595 [34],rent,JODHPURI COAT,1,,,,LIGHT GREY,34,3,available,,,HATHI NADIYER,TRUE
S-1596[40],JODHPURI COAT S-1596 [40],rent,JODHPURI COAT,1,,,,MARUN,40,3,available,,,VELVET RAA LOGO BAY GALE WORK,TRUE
S-1597[36],JODHPURI COAT S-1597 [36],rent,JODHPURI COAT,1,,,,GULABI,36,3,available,,,VELVET HATHI BAY GALE WORK,TRUE
S-1598[40],JODHPURI COAT S-1598 [40],rent,JODHPURI COAT,1,,,,WHITE,40,3,available,,,MOR FUDDI WORK,TRUE
S-1599[38],JODHPURI COAT S-1599 [38],rent,JODHPURI COAT,1,,,,WHITE,38,3,available,,,HATHI VADU,TRUE
S-1600[36],JODHPURI COAT S-1600 [36],rent,JODHPURI COAT,1,,,,DARK COFI,36,3,available,,,VELVET GHODA VADU,TRUE
S-1601[42],JODHPURI COAT S-1601 [42],rent,JODHPURI COAT,1,,,,MARUN,42,3,available,,,MARUN PANDDI VALU MOTI DESIGN,TRUE
S-1602[40],JODHPURI COAT S-1602 [40],rent,JODHPURI COAT,1,,,,CRIME,40,3,available,,,VELVET GHODA VADU,TRUE
S-1603[42],JODHPURI COAT S-1603 [42],rent,JODHPURI COAT,1,,,,GULABI,42,3,available,,,VELVET HATHI LOGO VADU,TRUE
S-1604[34],JODHPURI COAT S-1604 [34],rent,JODHPURI COAT,1,,,,PISHTA,34,3,available,,,VELVET HEND WORK HATHI VADU,TRUE
S-1605[34],JODHPURI COAT S-1605 [34],rent,JODHPURI COAT,1,,,,COFI,34,3,available,,,GHODA VADU,TRUE
S-1606[36],JODHPURI COAT S-1606 [36],rent,JODHPURI COAT,1,,,,COFI,36,3,available,,,GHODA VADU,TRUE
S-1607[30],JODHPURI COAT S-1607 [30],rent,JODHPURI COAT,1,,,,BLUE,30,3,available,,,MULTI BARI BOX VADU,TRUE
S-1608[36],JODHPURI COAT S-1608 [36],rent,JODHPURI COAT,1,,,,WHITE,36,3,available,,,MOR HARAN GOLDEN JAD PRINT,TRUE
S-1609[44],JODHPURI COAT S-1609 [44],rent,JODHPURI COAT,1,,,,KHAKHI,44,3,available,,,SURYA SIMBOL,TRUE
S-1610[41],JODHPURI COAT S-1610 [41],rent,JODHPURI COAT,1,,,,COFI,41,3,available,,,VELVET RAA LOGO,TRUE
S-1611[36],JODHPURI COAT S-1611 [36],rent,JODHPURI COAT,1,,,,KHAKHI,36,3,available,,,GHODA VADU,TRUE
S-1612[38],JODHPURI COAT S-1612 [38],rent,JODHPURI COAT,1,,,,KHAKHI,38,3,available,,,SURYA SIMBOL,TRUE
S-1613[36],JODHPURI COAT S-1613 [36],rent,JODHPURI COAT,1,,,,JAMBALI,36,3,available,,,VELVET SINH SIMBOL SILVER GOLD,TRUE
S-1614[42],JODHPURI COAT S-1614 [42],rent,JODHPURI COAT,1,,,,MARUN,42,3,available,,,VELVET GHODA SIMBOL GALE WORK,TRUE
S-1615[34],JODHPURI COAT S-1615 [34],rent,JODHPURI COAT,1,,,,LIGHT CHIKU,34,3,available,,,VELVET GHODA LOGO,TRUE
S-1616[34],JODHPURI COAT S-1616 [34],rent,JODHPURI COAT,1,,,,MARUN,34,3,available,,,KHBHE SURYA WORK,TRUE
S-1617[38],JODHPURI COAT S-1617 [38],rent,JODHPURI COAT,1,,,,BAJERIYA,38,3,available,,,GHODA SIMBOL  ,TRUE
S-1618[38],JODHPURI COAT S-1618 [38],rent,JODHPURI COAT,1,,,,SKY,38,3,available,,,VELVET HATHI HAND WORK,TRUE
S-1619[34],JODHPURI COAT S-1619 [34],rent,JODHPURI COAT,1,,,,BAJERIYA,34,3,available,,,GHODA SIMBOL,TRUE
S-1620[32],JODHPURI COAT S-1620 [32],rent,JODHPURI COAT,1,,,,BAJERIYA,32,3,available,,,GHODA SIMBOL AMRODARI,TRUE
S-1621[38],JODHPURI COAT S-1621 [38],rent,JODHPURI COAT,1,,,,PORPULE,38,3,available,,,VELVET HATHI HAND WORK,TRUE
S-1622[34],JODHPURI COAT S-1622 [34],rent,JODHPURI COAT,1,,,,COFI,34,3,available,,,GHODA SIMBOL,TRUE
S-1623[42],JODHPURI COAT S-1623 [42],rent,JODHPURI COAT,1,,,,LIGHT CHIKU,42,3,available,,,VELVET GHODA LOGO,TRUE
S-1624[34],JODHPURI COAT S-1624 [34],rent,JODHPURI COAT,1,,,,BLUE,34,3,available,,,PRINTED,TRUE
S-1625[36],JODHPURI COAT S-1625 [36],rent,JODHPURI COAT,1,,,,COFI,36,3,available,,,VELVET GHODA LOGO,TRUE
S-1626[36],JODHPURI COAT S-1626 [36],rent,JODHPURI COAT,1,,,,WHITE,36,3,available,,,RAA LOGO BAYE GALE WORK,TRUE
S-1627[34],JODHPURI COAT S-1627 [34],rent,JODHPURI COAT,1,,,,COFI,34,3,available,,,VELVET GHODA LOGO,TRUE
S-1628[38],JODHPURI COAT S-1628 [38],rent,JODHPURI COAT,1,,,,RINGANI,38,3,available,,,VELVET MULTI DAMAN,TRUE
S-1629[44],JODHPURI COAT S-1629 [44],rent,JODHPURI COAT,1,,,,MARUN,44,3,available,,,VELVET KHBHE SURYA SIMBOL,TRUE
S-1630[40],JODHPURI COAT S-1630 [40],rent,JODHPURI COAT,1,,,,MARUN,40,3,available,,,VELVET STUTE GOLO,TRUE
S-1631[38],JODHPURI COAT S-1631 [38],rent,JODHPURI COAT,1,,,,BLUE,38,3,available,,,PINK PANDDI FULL PRINT,TRUE
S-1632[40],JODHPURI COAT S-1632 [40],rent,JODHPURI COAT,1,,,,NEVI BLUE,40,3,available,,,VELVET MULTI BOX VADU,TRUE
S-1633[42],JODHPURI COAT S-1633 [42],rent,JODHPURI COAT,1,,,,GREEN,42,3,available,,,RAJA RANI PRINT,TRUE
S-1634[34],JODHPURI COAT S-1634 [34],rent,JODHPURI COAT,1,,,,BLUE,34,3,available,,,GHODA GALE WORK,TRUE
S-1635[34],JODHPURI COAT S-1635 [34],rent,JODHPURI COAT,1,,,,KHAKHI,34,3,available,,,RAA LOGO,TRUE
S-1636[36],JODHPURI COAT S-1636 [36],rent,JODHPURI COAT,1,,,,MARUN,36,3,available,,,VELVET RAA LOGO BAY GALE WORK,TRUE
S-1637,JODHPURI COAT S-1637 ,rent,JODHPURI COAT,1,,,,,,3,available,,,RUTURAJ,TRUE
S-1638[42],JODHPURI COAT S-1638 [42],rent,JODHPURI COAT,1,,,,KHAKHI,42,3,available,,,GHODA VADU,TRUE
S-1639[36],JODHPURI COAT S-1639 [36],rent,JODHPURI COAT,1,,,,SKY,36,3,available,,,HATHI HAND WORK,TRUE
S-1640[32],JODHPURI COAT S-1640 [32],rent,JODHPURI COAT,1,,,,DARK,32,3,available,,,ANIMMAL WORK,TRUE
S-1641[38],JODHPURI COAT S-1641 [38],rent,JODHPURI COAT,1,,,,COFI,38,3,available,,,VELVET GHODA VADU,TRUE
S-1642[34],JODHPURI COAT S-1642 [34],rent,JODHPURI COAT,1,,,,WHITE,34,3,available,,,MOTLA PRINT MULTI COLOR,TRUE
S-1643[36],JODHPURI COAT S-1643 [36],rent,JODHPURI COAT,1,,,,WHITE,36,3,available,,,KASMO ADDHI PRINT NICHE WHITE,TRUE
S-1644[40],JODHPURI COAT S-1644 [40],rent,JODHPURI COAT,1,,,,MARUN,40,3,available,,,VELVET HATHI GALE WORK,TRUE
S-1645[34],JODHPURI COAT S-1645 [34],rent,JODHPURI COAT,1,,,,BLUE,34,3,available,,,VELVET HAND WORK,TRUE
S-1646[38],JODHPURI COAT S-1646 [38],rent,JODHPURI COAT,1,,,,BLUE,38,3,available,,,VELVET HAND WORK,TRUE
S-1647[42],JODHPURI COAT S-1647 [42],rent,JODHPURI COAT,1,,,,CRIME,42,3,available,,,JYUT GHODA VADU,TRUE
S-1648[42],JODHPURI COAT S-1648 [42],rent,JODHPURI COAT,1,,,,BLUE,42,3,available,,,HATHI HAND WORK,TRUE
S-1649[40],JODHPURI COAT S-1649 [40],rent,JODHPURI COAT,1,,,,RINGANI,40,3,available,,,VELVET HAND WORK,TRUE
S-1650[40],JODHPURI COAT S-1650 [40],rent,JODHPURI COAT,1,,,,PISHTA,40,3,available,,,HAND WORK  ,TRUE
S-1651[40],JODHPURI COAT S-1651 [40],rent,JODHPURI COAT,1,,,,COFI,40,3,available,,,GHODA VADU,TRUE
S-1652[40],JODHPURI COAT S-1652 [40],rent,JODHPURI COAT,1,,,,CHIKU,40,3,available,,,HATHI GHODA PRINT,TRUE
S-1653[40],JODHPURI COAT S-1653 [40],rent,JODHPURI COAT,1,,,,CHIKU,40,3,available,,,SURYA SIMBOL,TRUE
S-1654[40],JODHPURI COAT S-1654 [40],rent,JODHPURI COAT,1,,,,KHAKHI,40,3,available,,,VELVET GHODA VADU,TRUE
S-1655[34],JODHPURI COAT S-1655 [34],rent,JODHPURI COAT,1,,,,COFI,34,3,available,,,VELVET GHODA VADU,TRUE
S-1656[40],JODHPURI COAT S-1656 [40],rent,JODHPURI COAT,1,,,,COFI,40,3,available,,,RAA LOGO VADU,TRUE
S-1657[46],JODHPURI COAT S-1657 [46],rent,JODHPURI COAT,1,,,,BAJERIYA,46,3,available,,,RAA LOGO VADU,TRUE
S-1658[42],JODHPURI COAT S-1658 [42],rent,JODHPURI COAT,1,,,,CHIKU,42,3,available,,,SURYA SIMBOL,TRUE
S-1659[34],JODHPURI COAT S-1659 [34],rent,JODHPURI COAT,1,,,,LIGHT PINK,34,3,available,,,HATHI VADU,TRUE
S-1660[36],JODHPURI COAT S-1660 [36],rent,JODHPURI COAT,1,,,,GULABI,36,3,available,,,PRINTED HATHI UT,TRUE
S-1661[34],JODHPURI COAT S-1661 [34],rent,JODHPURI COAT,1,,,,LIGHT CHIKU,34,3,available,,,VELVET GHODA VADU,TRUE
S-1662[36],JODHPURI COAT S-1662 [36],rent,JODHPURI COAT,1,,,,COFI,36,3,available,,,RAA LOGO VADU,TRUE
S-1663[40],JODHPURI COAT S-1663 [40],rent,JODHPURI COAT,1,,,,COFI,40,3,available,,,VELVET RAA LOGO,TRUE
S-1664[36],JODHPURI COAT S-1664 [36],rent,JODHPURI COAT,1,,,,MARUN,36,3,available,,,VELVET HAND WORK,TRUE
S-1665[38],JODHPURI COAT S-1665 [38],rent,JODHPURI COAT,1,,,,COFI,38,3,available,,,VELVET RAA LOGO,TRUE
S-1666[38],JODHPURI COAT S-1666 [38],rent,JODHPURI COAT,1,,,,PICH,38,3,available,,,HATHI BAY GALE HAND WORK,TRUE
S-1667[40],JODHPURI COAT S-1667 [40],rent,JODHPURI COAT,1,,,,WHITE,40,3,available,,,HAND WORK  ,TRUE
S-1668[40],JODHPURI COAT S-1668 [40],rent,JODHPURI COAT,1,,,,KHAKHI,40,3,available,,,SURYA SIMBOL,TRUE
S-1669[38],JODHPURI COAT S-1669 [38],rent,JODHPURI COAT,1,,,,KHAKHI,38,3,available,,,RAA LOGO VADU,TRUE
S-1670[32],JODHPURI COAT S-1670 [32],rent,JODHPURI COAT,1,,,,WHITE,32,3,available,,,GHODA BAY GALE WORK,TRUE
S-1671[34],JODHPURI COAT S-1671 [34],rent,JODHPURI COAT,1,,,,KHAKHI,34,3,available,,,SURYA SIMBOL,TRUE
S-1672[41],JODHPURI COAT S-1672 [41],rent,JODHPURI COAT,1,,,,COFI,41,3,available,,,VELVET RAA LOGO SIMBOL,TRUE
S-1673[46],JODHPURI COAT S-1673 [46],rent,JODHPURI COAT,1,,,,BLUE,46,3,available,,,HAND WORK  ,TRUE
S-1674[36],JODHPURI COAT S-1674 [36],rent,JODHPURI COAT,1,,,,COFI,36,3,available,,,GHODA VADU,TRUE
S-1675[34],JODHPURI COAT S-1675 [34],rent,JODHPURI COAT,1,,,,PISHTA,34,3,available,,,RAA LOGO,TRUE
S-1676[50],JODHPURI COAT S-1676 [50],rent,JODHPURI COAT,1,,,,,50,3,available,,,RUTURAJ,TRUE
S-1677,JODHPURI COAT S-1677 ,rent,JODHPURI COAT,1,,,,,,3,available,,,RUTURAJ,TRUE
S-1678[38],JODHPURI COAT S-1678 [38],rent,JODHPURI COAT,1,,,,MARUN,38,3,available,,,VELVET RAA SIMBOL GALE WORK,TRUE
S-1679[36],JODHPURI COAT S-1679 [36],rent,JODHPURI COAT,1,,,,LIGHT PINK,36,3,available,,,MULTI WORK HATHI VADU,TRUE
S-1680[38],JODHPURI COAT S-1680 [38],rent,JODHPURI COAT,1,,,,LIGHT VAIN,38,3,available,,,RUTURAJ,TRUE
S-1681[34],JODHPURI COAT S-1681 [34],rent,JODHPURI COAT,1,,,,BLUE,34,3,available,,,BAYE SURYA,TRUE
S-1682[34],JODHPURI COAT S-1682 [34],rent,JODHPURI COAT,1,,,,COFI,34,3,available,,,HAND WORK  ,TRUE
S-1683[38],JODHPURI COAT S-1683 [38],rent,JODHPURI COAT,1,,,,LIGHT PINK,38,3,available,,,NEW RUTURAJ PRINT,TRUE
S-1684[36],JODHPURI COAT S-1684 [36],rent,JODHPURI COAT,1,,,,CHIKU,36,3,available,,,VELVET RAA LOGO,TRUE
S-1685[36],JODHPURI COAT S-1685 [36],rent,JODHPURI COAT,1,,,,MARUN,36,3,available,,,HAND WORK  ,TRUE
S-1686[34],JODHPURI COAT S-1686 [34],rent,JODHPURI COAT,1,,,,WHITE,34,3,available,,,NEW LOGO WORK VADU,TRUE
S-1687[36],JODHPURI COAT S-1687 [36],rent,JODHPURI COAT,1,,,,WHITE,36,3,available,,,MULTI FUL MOR HARAN,TRUE
S-1688[40],JODHPURI COAT S-1688 [40],rent,JODHPURI COAT,1,,,,RINGANI,40,3,available,,,HATHI GALE WORK VADU,TRUE
S-1689[40],JODHPURI COAT S-1689 [40],rent,JODHPURI COAT,1,,,,LIGHT PINK,40,3,available,,,HATHI PRINTED WORK,TRUE
S-1690[42],JODHPURI COAT S-1690 [42],rent,JODHPURI COAT,1,,,,MARUN,42,3,available,,,VELVET BAYE SURYA VADU,TRUE
S-1691[38],JODHPURI COAT S-1691 [38],rent,JODHPURI COAT,1,,,,VAIN ,38,3,available,,,HATHI GALE WORK VADU,TRUE
S-1692[38],JODHPURI COAT S-1692 [38],rent,JODHPURI COAT,1,,,,CHIKU,38,3,available,,,VELVET HATHI HAND WORK,TRUE
S-1693[40],JODHPURI COAT S-1693 [40],rent,JODHPURI COAT,1,,,,COFI,40,3,available,,,GHODA VADU,TRUE
S-1694[42],JODHPURI COAT S-1694 [42],rent,JODHPURI COAT,1,,,,,42,3,available,,,SINH VADU,TRUE
S-1695[36],JODHPURI COAT S-1695 [36],rent,JODHPURI COAT,1,,,,KHAKHI,36,3,available,,,SURYA SIMBOL,TRUE
S-1696[38],JODHPURI COAT S-1696 [38],rent,JODHPURI COAT,1,,,,KHAKHI,38,3,available,,,GHODA VADU,TRUE
S-1697[40],JODHPURI COAT S-1697 [40],rent,JODHPURI COAT,1,,,,KHAKHI,40,3,available,,,HATHI BAY GALE HAND WORK,TRUE
S-1698[44],JODHPURI COAT S-1698 [44],rent,JODHPURI COAT,1,,,,OF WHITE,44,3,available,,,MOR VADU,TRUE
S-1699[36],JODHPURI COAT S-1699 [36],rent,JODHPURI COAT,1,,,,RINGANI,36,3,available,,,VELVET SINH WORK,TRUE
S-1700[36],JODHPURI COAT S-1700 [36],rent,JODHPURI COAT,1,,,,BLUE,36,3,available,,,VELVET MULTI GHODA WORK,TRUE
S-1701[40],JODHPURI COAT S-1701 [40],rent,JODHPURI COAT,1,,,,DARK COFI,40,3,available,,,VELVET GHODA VADU,TRUE
S-1702[34],JODHPURI COAT S-1702 [34],rent,JODHPURI COAT,1,,,,CHIKU,34,3,available,,,VELVET GALE BAY WORK,TRUE
S-1703[44],JODHPURI COAT S-1703 [44],rent,JODHPURI COAT,1,,,,MARUN,44,3,available,,,VELVET GHODA BAY GALE WORK,TRUE
S-1704[38],JODHPURI COAT S-1704 [38],rent,JODHPURI COAT,1,,,,COFI,38,3,available,,,PRINTED,TRUE
S-1705[46],JODHPURI COAT S-1705 [46],rent,JODHPURI COAT,1,,,,MARUN,46,3,available,,,VELVET GHODA BAY GALE WORK,TRUE
S-1706[32],JODHPURI COAT S-1706 [32],rent,JODHPURI COAT,1,,,,GULABI,32,3,available,,,PLEN,TRUE
S-1707[40],JODHPURI COAT S-1707 [40],rent,JODHPURI COAT,1,,,,COFI,40,3,available,,,SURYA SIMBOL,TRUE
S-1708[38],JODHPURI COAT S-1708 [38],rent,JODHPURI COAT,1,,,,RINGANI,38,3,available,,,BAYE SURYA GALE WORK,TRUE
S-1709[34],JODHPURI COAT S-1709 [34],rent,JODHPURI COAT,1,,,,PISHTA,34,3,available,,,HATHI HAND WORK,TRUE
S-1710[42],JODHPURI COAT S-1710 [42],rent,JODHPURI COAT,1,,,,LIGHT CHIKU,42,3,available,,,VELVET HATHI GALE WORK,TRUE
S-1711[38],JODHPURI COAT S-1711 [38],rent,JODHPURI COAT,1,,,,DARK CHIKU,38,3,available,,,VELVET RAA LOGO,TRUE
S-1712[38],JODHPURI COAT S-1712 [38],rent,JODHPURI COAT,1,,,,COFI,38,3,available,,,VELVET RAA LOGO,TRUE
S-1713[34],JODHPURI COAT S-1713 [34],rent,JODHPURI COAT,1,,,,PICH,34,3,available,,,HARAN MOR  ,TRUE
S-1714[38],JODHPURI COAT S-1714 [38],rent,JODHPURI COAT,1,,,,CHIKU,38,3,available,,,VELVET HAND WORK ,TRUE
S-1715[36],JODHPURI COAT S-1715 [36],rent,JODHPURI COAT,1,,,,BLUE,36,3,available,,,AMRODARI HATHI FULDANI WORK,TRUE
S-1716[34],JODHPURI COAT S-1716 [34],rent,JODHPURI COAT,1,,,,OF WHITE,34,3,available,,,HATHI HARAN MOR VAGH,TRUE
S-1717[36],JODHPURI COAT S-1717 [36],rent,JODHPURI COAT,1,,,,DARK COFI,36,3,available,,,VELVET GHODA VADU,TRUE
S-1718[36],JODHPURI COAT S-1718 [36],rent,JODHPURI COAT,1,,,,GULABI,36,3,available,,,VELVET HATHI HAND WORK,TRUE
S-1719[34],JODHPURI COAT S-1719 [34],rent,JODHPURI COAT,1,,,,NEVI BLUE,34,3,available,,,AMRODARI HATHI GALE WORK,TRUE
S-1720[42],JODHPURI COAT S-1720 [42],rent,JODHPURI COAT,1,,,,MARUN,42,3,available,,,BAYE SURYA ,TRUE
S-1721[38],JODHPURI COAT S-1721 [38],rent,JODHPURI COAT,1,,,,CRIME,38,3,available,,,VELVET HATHI BAY GALE WORK,TRUE
S-1722[38],JODHPURI COAT S-1722 [38],rent,JODHPURI COAT,1,,,,COFI,38,3,available,,,VELVET GHODA GALE PATTI WORK,TRUE
S-1723[36],JODHPURI COAT S-1723 [36],rent,JODHPURI COAT,1,,,,KHAKHI,36,3,available,,,VELVET HATHI HAND WORK,TRUE
S-1724[34],JODHPURI COAT S-1724 [34],rent,JODHPURI COAT,1,,,,CRIME,34,3,available,,,INDO PATERN KOTI VADU MIRAR WORK,TRUE
S-1725[38],JODHPURI COAT S-1725 [38],rent,JODHPURI COAT,1,,,,JAMBALI,38,3,available,,,VELVET GHODA BAY GALE WORK,TRUE
S-1726[38],JODHPURI COAT S-1726 [38],rent,JODHPURI COAT,1,,,,CHIKU,38,3,available,,,SURYA SIMBOL,TRUE
S-1727[36],JODHPURI COAT S-1727 [36],rent,JODHPURI COAT,1,,,,CHIKU,36,3,available,,,VELVET BAY GALE HAND WORK,TRUE
S-1728[38],JODHPURI COAT S-1728 [38],rent,JODHPURI COAT,1,,,,PISHTA,38,3,available,,,VELVET HATHI HAND WORK,TRUE
S-1729[44],JODHPURI COAT S-1729 [44],rent,JODHPURI COAT,1,,,,BLUE,44,3,available,,,VELVET MULTI BOX VADU,TRUE
S-1730[40],JODHPURI COAT S-1730 [40],rent,JODHPURI COAT,1,,,,PICH,40,3,available,,,UT VADU,TRUE
S-1731[34],JODHPURI COAT S-1731 [34],rent,JODHPURI COAT,1,,,,WHITE,34,3,available,,,MULTI FULDANI WORK,TRUE
S-1732[42],JODHPURI COAT S-1732 [42],rent,JODHPURI COAT,1,,,,PORPULE,42,3,available,,,HATHI VADU SAME PENT,TRUE
S-1733[42],JODHPURI COAT S-1733 [42],rent,JODHPURI COAT,1,,,,KHAKHI,42,3,available,,,HATHI BAY GALE HAND WORK,TRUE
S-1734[38],JODHPURI COAT S-1734 [38],rent,JODHPURI COAT,1,,,,DARK PICH,38,3,available,,,MULTI MOR HARAN JINI CHEX,TRUE
